Protocollo;Gruppo;DataOraIncidente;Localizzazione1;STRADA1;Localizzazione2;STRADA2;Strada02;Chilometrica;DaSpecificare;NaturaIncidente;particolaritastrade;TipoStrada;FondoStradale;Pavimentazione;Segnaletica;CondizioneAtmosferica;Traffico;Visibilita;Illuminazione;NUM_FERITI;NUM_RISERVATA;NUM_MORTI;NUM_ILLESI;Longitudine;Latitudine;Confermato;Progressivo;TipoVeicolo;StatoVeicolo;TipoPersona;Sesso;Tipolesione;Deceduto;DecedutoDopo;CinturaCascoUtilizzato;Airbag;
5395677;11;02/05/2021 21:30:00;Strada Urbana;VIA DI VIGNA MURATA;all'intersezione con;VIA DEL COLLE DI MEZZO;VIA DEL COLLE DI MEZZO;;;Scontro laterale fra veicoli in marcia;Incrocio;Una carreggiata a senso unico di marcia;Asciutto;Asfaltata;Verticale ed orizzontale;Sereno;Scarso;Buona;;0;0;0;2;12.4905;41.8263;-1;2;Quadriciclo;In marcia / fermata / arresto;Conducente;M;Illeso;0;;Non accertato;
5395679;5;01/05/2021 13:15:00;Strada Urbana;VIA TIBURTINA;da specificare;;;;altezza via di Rebibbia;Veicolo in marcia contro ostacolo accidentale;Rettilineo;Una carreggiata a senso unico di marcia;Bagnato (pioggia);Asfaltata;Temporanea di cantiere;Pioggia in atto;Normale;Sufficiente;;2;0;0;0;12.5703;41.9244;-1;1;Motociclo con passeggero;In marcia / fermata / arresto;Conducente;M;Rimandato;0;NON DECEDUTO;Non accertato;
5395679;5;01/05/2021 13:15:00;Strada Urbana;VIA TIBURTINA;da specificare;;;;altezza via di Rebibbia;Veicolo in marcia contro ostacolo accidentale;Rettilineo;Una carreggiata a senso unico di marcia;Bagnato (pioggia);Asfaltata;Temporanea di cantiere;Pioggia in atto;Normale;Sufficiente;;2;0;0;0;12.5703;41.9244;-1;1;Motociclo con passeggero;In marcia / fermata / arresto;Passeggero;M;Rimandato;0;NON DECEDUTO;Non accertato;
5395687;6;03/05/2021 08:23:00;Strada Urbana;VIA PRENESTINA;da specificare;;;;fronte civ 45;Scontro frontale/laterale SX fra veicoli in marcia;Rettilineo;Pi� di due carreggiate;Asciutto;Asfaltata;Verticale ed orizzontale;Sereno;Normale;Buona;;0;0;0;5;12.5246;41.891;-1;1;Autobus urbano;In marcia / fermata / arresto;Conducente;M;Illeso;0;;Non accertato;Inesploso
5395687;6;03/05/2021 08:23:00;Strada Urbana;VIA PRENESTINA;da specificare;;;;fronte civ 45;Scontro frontale/laterale SX fra veicoli in marcia;Rettilineo;Pi� di due carreggiate;Asciutto;Asfaltata;Verticale ed orizzontale;Sereno;Normale;Buona;;0;0;0;5;12.5246;41.891;-1;2;Autovettura privata;In marcia / fermata / arresto;Conducente;M;Illeso;0;;Non accertato;Inesploso
5395687;6;03/05/2021 08:23:00;Strada Urbana;VIA PRENESTINA;da specificare;;;;fronte civ 45;Scontro frontale/laterale SX fra veicoli in marcia;Rettilineo;Pi� di due carreggiate;Asciutto;Asfaltata;Verticale ed orizzontale;Sereno;Normale;Buona;;0;0;0;5;12.5246;41.891;-1;2;Autovettura privata;In marcia / fermata / arresto;Passeggero;M;Illeso;0;;Non accertato;Inesploso
5395687;6;03/05/2021 08:23:00;Strada Urbana;VIA PRENESTINA;da specificare;;;;fronte civ 45;Scontro frontale/laterale SX fra veicoli in marcia;Rettilineo;Pi� di due carreggiate;Asciutto;Asfaltata;Verticale ed orizzontale;Sereno;Normale;Buona;;0;0;0;5;12.5246;41.891;-1;2;Autovettura privata;In marcia / fermata / arresto;Passeggero;F;Illeso;0;;Non accertato;Inesploso
5395687;6;03/05/2021 08:23:00;Strada Urbana;VIA PRENESTINA;da specificare;;;;fronte civ 45;Scontro frontale/laterale SX fra veicoli in marcia;Rettilineo;Pi� di due carreggiate;Asciutto;Asfaltata;Verticale ed orizzontale;Sereno;Normale;Buona;;0;0;0;5;12.5246;41.891;-1;2;Autovettura privata;In marcia / fermata / arresto;Passeggero;M;Illeso;0;;Non accertato;Inesploso
5395694;4;01/05/2021 16:20:00;Provinciale;VIA NOMENTANA;all'intersezione con;VIA GIACOMO DA LENTINI;VIA GIACOMO DA LENTINI;;;Scontro frontale fra veicoli in marcia;Incrocio;Una carreggiata a doppio senso;Bagnato (pioggia);Asfaltata;Verticale ed orizzontale;Nuvoloso;Normale;Buona;;3;0;0;1;12.5736;41.959;-1;1;Autovettura privata;In marcia / fermata / arresto;Conducente;F;Rimandato;0;NON DECEDUTO;Non accertato;Esploso
5395694;4;01/05/2021 16:20:00;Provinciale;VIA NOMENTANA;all'intersezione con;VIA GIACOMO DA LENTINI;VIA GIACOMO DA LENTINI;;;Scontro frontale fra veicoli in marcia;Incrocio;Una carreggiata a doppio senso;Bagnato (pioggia);Asfaltata;Verticale ed orizzontale;Nuvoloso;Normale;Buona;;3;0;0;1;12.5736;41.959;-1;1;Autovettura privata;In marcia / fermata / arresto;Passeggero;F;Illeso;0;;Non accertato;Esploso
5395694;4;01/05/2021 16:20:00;Provinciale;VIA NOMENTANA;all'intersezione con;VIA GIACOMO DA LENTINI;VIA GIACOMO DA LENTINI;;;Scontro frontale fra veicoli in marcia;Incrocio;Una carreggiata a doppio senso;Bagnato (pioggia);Asfaltata;Verticale ed orizzontale;Nuvoloso;Normale;Buona;;3;0;0;1;12.5736;41.959;-1;2;Autovettura privata;In marcia / fermata / arresto;Conducente;F;Rimandato;0;NON DECEDUTO;Non accertato;Esploso
5395694;4;01/05/2021 16:20:00;Provinciale;VIA NOMENTANA;all'intersezione con;VIA GIACOMO DA LENTINI;VIA GIACOMO DA LENTINI;;;Scontro frontale fra veicoli in marcia;Incrocio;Una carreggiata a doppio senso;Bagnato (pioggia);Asfaltata;Verticale ed orizzontale;Nuvoloso;Normale;Buona;;3;0;0;1;12.5736;41.959;-1;2;Autovettura privata;In marcia / fermata / arresto;Passeggero;F;Rimandato;0;NON DECEDUTO;Non accertato;Esploso
5395723;7;01/05/2021 16:16:00;Strada Urbana;VIA DELLE ROSE;in prossimit�;;del civico n.;33;;Veicolo in marcia contro veicolo in sosta;Rettilineo;Una carreggiata a senso unico di marcia;Asciutto;Asfaltata;Orizzontale;Sereno;Normale;Buona;;0;0;0;1;12.5632;41.89;-1;1;Autovettura privata;In marcia / fermata / arresto;Conducente;M;Illeso;0;;;
5395723;7;01/05/2021 16:16:00;Strada Urbana;VIA DELLE ROSE;in prossimit�;;del civico n.;33;;Veicolo in marcia contro veicolo in sosta;Rettilineo;Una carreggiata a senso unico di marcia;Asciutto;Asfaltata;Orizzontale;Sereno;Normale;Buona;;0;0;0;1;12.5632;41.89;-1;2;Autovettura privata;Sosta;;;;;;;
5395726;11;02/05/2021 11:00:00;Strada Urbana;VIA GABRIELLO CHIABRERA;in corrispondenza;;del civico n.;123;;Veicolo in marcia contro veicolo in sosta;Rettilineo;Due carreggiate;Asciutto;Asfaltata;Verticale ed orizzontale;Nebbia;Normale;Buona;;0;0;0;0;12.4792;41.8534;-1;1;Autovettura privata;Sosta;;;;;;;
5395726;11;02/05/2021 11:00:00;Strada Urbana;VIA GABRIELLO CHIABRERA;in corrispondenza;;del civico n.;123;;Veicolo in marcia contro veicolo in sosta;Rettilineo;Due carreggiate;Asciutto;Asfaltata;Verticale ed orizzontale;Nebbia;Normale;Buona;;0;0;0;0;12.4792;41.8534;-1;2;Monopattino elettrico;In marcia / fermata / arresto;;;;;;;
5395727;17;01/05/2021 18:40:00;Strada Urbana;VIA GERMANICO;in corrispondenza;;del civico n.;105;;Veicolo in marcia contro ostacolo accidentale;Rettilineo;Una carreggiata a senso unico di marcia;Bagnato (pioggia);Asfaltata;Orizzontale;Nuvoloso;Normale;Buona;;0;0;0;1;12.461;41.9085;-1;1;Autovettura privata;In marcia / fermata / arresto;Conducente;M;Illeso;0;;;
5395733;1;01/05/2021 15:30:00;Strada Urbana;VIALE GUIDO BACCELLI;in prossimit�;;del palo luce n.;16;;Tamponamento;Curva a visuale libera;Una carreggiata a doppio senso;Bagnato (pioggia);Asfaltata;Verticale ed orizzontale;Nuvoloso;Scarso;Buona;;0;0;0;3;12.4902;41.882;0;1;Autovettura privata;In marcia / fermata / arresto;Conducente;M;Illeso;0;;;
5395733;1;01/05/2021 15:30:00;Strada Urbana;VIALE GUIDO BACCELLI;in prossimit�;;del palo luce n.;16;;Tamponamento;Curva a visuale libera;Una carreggiata a doppio senso;Bagnato (pioggia);Asfaltata;Verticale ed orizzontale;Nuvoloso;Scarso;Buona;;0;0;0;3;12.4902;41.882;0;1;Autovettura privata;In marcia / fermata / arresto;Passeggero;F;Illeso;0;;;
5395733;1;01/05/2021 15:30:00;Strada Urbana;VIALE GUIDO BACCELLI;in prossimit�;;del palo luce n.;16;;Tamponamento;Curva a visuale libera;Una carreggiata a doppio senso;Bagnato (pioggia);Asfaltata;Verticale ed orizzontale;Nuvoloso;Scarso;Buona;;0;0;0;3;12.4902;41.882;0;2;Autovettura privata;In marcia / fermata / arresto;Conducente;M;Illeso;0;;;
5395734;12;02/05/2021 15:00:00;Strada Urbana;VIA DI TOR PAGNOTTA;in corrispondenza;;del civico n.;74;;Scontro laterale fra veicoli in marcia;Curva senza visuale libera;Una carreggiata a doppio senso;Asciutto;Asfaltata;Verticale ed orizzontale;Sereno;Normale;Buona;;0;0;0;4;12.4888;41.8013;-1;1;Autovettura privata;In marcia / fermata / arresto;Conducente;M;Illeso;0;;Utilizzato;Inesploso
5395734;12;02/05/2021 15:00:00;Strada Urbana;VIA DI TOR PAGNOTTA;in corrispondenza;;del civico n.;74;;Scontro laterale fra veicoli in marcia;Curva senza visuale libera;Una carreggiata a doppio senso;Asciutto;Asfaltata;Verticale ed orizzontale;Sereno;Normale;Buona;;0;0;0;4;12.4888;41.8013;-1;1;Autovettura privata;In marcia / fermata / arresto;Passeggero;M;Illeso;0;;Utilizzato;Inesploso
5395734;12;02/05/2021 15:00:00;Strada Urbana;VIA DI TOR PAGNOTTA;in corrispondenza;;del civico n.;74;;Scontro laterale fra veicoli in marcia;Curva senza visuale libera;Una carreggiata a doppio senso;Asciutto;Asfaltata;Verticale ed orizzontale;Sereno;Normale;Buona;;0;0;0;4;12.4888;41.8013;-1;2;Autovettura privata;In marcia / fermata / arresto;Conducente;M;Illeso;0;;Utilizzato;Inesploso
5395734;12;02/05/2021 15:00:00;Strada Urbana;VIA DI TOR PAGNOTTA;in corrispondenza;;del civico n.;74;;Scontro laterale fra veicoli in marcia;Curva senza visuale libera;Una carreggiata a doppio senso;Asciutto;Asfaltata;Verticale ed orizzontale;Sereno;Normale;Buona;;0;0;0;4;12.4888;41.8013;-1;2;Autovettura privata;In marcia / fermata / arresto;Passeggero;F;Illeso;0;;Utilizzato;Inesploso
5395737;7;01/05/2021 22:15:00;Strada Urbana;VIA PRENESTINA;in corrispondenza;;del civico n.;519;;Scontro frontale fra veicoli in marcia;Rettilineo;Una carreggiata a senso unico di marcia;Bagnato (pioggia);Asfaltata;Verticale ed orizzontale;Nuvoloso;Scarso;Sufficiente;;1;0;0;0;12.5785;41.8945;0;1;Motociclo a solo;In marcia / fermata / arresto;Conducente;M;Rimandato;0;NON DECEDUTO;Non accertato;
5395737;7;01/05/2021 22:15:00;Strada Urbana;VIA PRENESTINA;in corrispondenza;;del civico n.;519;;Scontro frontale fra veicoli in marcia;Rettilineo;Una carreggiata a senso unico di marcia;Bagnato (pioggia);Asfaltata;Verticale ed orizzontale;Nuvoloso;Scarso;Sufficiente;;1;0;0;0;12.5785;41.8945;0;2;Autovettura privata;Allontanatosi;;;;;;;
5395757;7;02/05/2021 12:00:00;Strada Urbana;VIA COLLATINA;all'intersezione con;VIALE GIORGIO DE CHIRICO;VIALE GIORGIO DE CHIRICO;;;Scontro laterale fra veicoli in marcia;Incrocio;Una carreggiata a doppio senso;Asciutto;Asfaltata;Assente;Sereno;Normale;Buona;;0;0;0;4;12.6108;41.9058;-1;1;Autovettura privata;In marcia / fermata / arresto;Conducente;M;Illeso;0;;Non accertato;Inesploso
5395757;7;02/05/2021 12:00:00;Strada Urbana;VIA COLLATINA;all'intersezione con;VIALE GIORGIO DE CHIRICO;VIALE GIORGIO DE CHIRICO;;;Scontro laterale fra veicoli in marcia;Incrocio;Una carreggiata a doppio senso;Asciutto;Asfaltata;Assente;Sereno;Normale;Buona;;0;0;0;4;12.6108;41.9058;-1;1;Autovettura privata;In marcia / fermata / arresto;Passeggero;F;Illeso;0;;Non accertato;Inesploso
5395757;7;02/05/2021 12:00:00;Strada Urbana;VIA COLLATINA;all'intersezione con;VIALE GIORGIO DE CHIRICO;VIALE GIORGIO DE CHIRICO;;;Scontro laterale fra veicoli in marcia;Incrocio;Una carreggiata a doppio senso;Asciutto;Asfaltata;Assente;Sereno;Normale;Buona;;0;0;0;4;12.6108;41.9058;-1;2;Autovettura privata;In marcia / fermata / arresto;Conducente;M;Illeso;0;;Non accertato;Inesploso
5395757;7;02/05/2021 12:00:00;Strada Urbana;VIA COLLATINA;all'intersezione con;VIALE GIORGIO DE CHIRICO;VIALE GIORGIO DE CHIRICO;;;Scontro laterale fra veicoli in marcia;Incrocio;Una carreggiata a doppio senso;Asciutto;Asfaltata;Assente;Sereno;Normale;Buona;;0;0;0;4;12.6108;41.9058;-1;2;Autovettura privata;In marcia / fermata / arresto;Passeggero;M;Illeso;0;;Non accertato;Inesploso
5395795;12;02/05/2021 18:45:00;Strada Urbana;VIA CRISTOFORO COLOMBO;da specificare;;;;intersezione Viale dell'Umanesimo dir. GRA;Scontro laterale fra veicoli in marcia;Rettilineo;Una carreggiata a senso unico di marcia;Asciutto;Asfaltata;Verticale ed orizzontale;Sereno;Normale;Buona;;0;0;0;4;12.4613;41.8277;-1;1;Autovettura privata;In marcia / fermata / arresto;Conducente;F;Illeso;0;;Utilizzato;Inesploso
5395795;12;02/05/2021 18:45:00;Strada Urbana;VIA CRISTOFORO COLOMBO;da specificare;;;;intersezione Viale dell'Umanesimo dir. GRA;Scontro laterale fra veicoli in marcia;Rettilineo;Una carreggiata a senso unico di marcia;Asciutto;Asfaltata;Verticale ed orizzontale;Sereno;Normale;Buona;;0;0;0;4;12.4613;41.8277;-1;1;Autovettura privata;In marcia / fermata / arresto;Passeggero;F;Illeso;0;;Utilizzato;Inesploso
5395795;12;02/05/2021 18:45:00;Strada Urbana;VIA CRISTOFORO COLOMBO;da specificare;;;;intersezione Viale dell'Umanesimo dir. GRA;Scontro laterale fra veicoli in marcia;Rettilineo;Una carreggiata a senso unico di marcia;Asciutto;Asfaltata;Verticale ed orizzontale;Sereno;Normale;Buona;;0;0;0;4;12.4613;41.8277;-1;2;Ciclomotore;In marcia / fermata / arresto;Conducente;F;Illeso;0;;Utilizzato;
5395795;12;02/05/2021 18:45:00;Strada Urbana;VIA CRISTOFORO COLOMBO;da specificare;;;;intersezione Viale dell'Umanesimo dir. GRA;Scontro laterale fra veicoli in marcia;Rettilineo;Una carreggiata a senso unico di marcia;Asciutto;Asfaltata;Verticale ed orizzontale;Sereno;Normale;Buona;;0;0;0;4;12.4613;41.8277;-1;2;Ciclomotore;In marcia / fermata / arresto;Passeggero;F;Illeso;0;;Utilizzato;
5395801;4;02/05/2021 12:50:00;Strada Urbana;VIA NOMENTANA;da specificare;;;;in prossimit� di VIA VAL BREMBANA;Scontro laterale fra veicoli in marcia;Rettilineo;Due carreggiate;Asciutto;Asfaltata;Verticale ed orizzontale;Sereno;Normale;Buona;;0;0;0;2;12.5736;41.959;-1;1;Autovettura privata;In marcia / fermata / arresto;Conducente;M;Illeso;0;;Non accertato;Inesploso
5395801;4;02/05/2021 12:50:00;Strada Urbana;VIA NOMENTANA;da specificare;;;;in prossimit� di VIA VAL BREMBANA;Scontro laterale fra veicoli in marcia;Rettilineo;Due carreggiate;Asciutto;Asfaltata;Verticale ed orizzontale;Sereno;Normale;Buona;;0;0;0;2;12.5736;41.959;-1;2;Autobus di linea;In marcia / fermata / arresto;Conducente;M;Illeso;0;;Non accertato;Inesploso
5395816;6;02/05/2021 18:35:00;Strada Urbana;VIALE DELLA PRIMAVERA;da specificare;;;;fronte Via delle albizzie;Scontro frontale/laterale DX fra veicoli in marcia;Rettilineo;Due carreggiate;Asciutto;Asfaltata;Verticale ed orizzontale;Sereno;Normale;Buona;;1;0;0;2;12.5611;41.8843;-1;1;Autovettura privata;In marcia / fermata / arresto;Conducente;M;Rimandato;0;NON DECEDUTO;Non accertato;Inesploso
5395816;6;02/05/2021 18:35:00;Strada Urbana;VIALE DELLA PRIMAVERA;da specificare;;;;fronte Via delle albizzie;Scontro frontale/laterale DX fra veicoli in marcia;Rettilineo;Due carreggiate;Asciutto;Asfaltata;Verticale ed orizzontale;Sereno;Normale;Buona;;1;0;0;2;12.5611;41.8843;-1;2;Autovettura privata;In marcia / fermata / arresto;Conducente;M;Illeso;0;;Non accertato;Esploso
5395816;6;02/05/2021 18:35:00;Strada Urbana;VIALE DELLA PRIMAVERA;da specificare;;;;fronte Via delle albizzie;Scontro frontale/laterale DX fra veicoli in marcia;Rettilineo;Due carreggiate;Asciutto;Asfaltata;Verticale ed orizzontale;Sereno;Normale;Buona;;1;0;0;2;12.5611;41.8843;-1;2;Autovettura privata;In marcia / fermata / arresto;Passeggero;M;Illeso;0;;Non accertato;Esploso
5395841;1;01/05/2021 23:00:00;Strada Urbana;VIA DI S. GIOVANNI IN LATERANO;in prossimit�;;del palo luce n.;110;;Veicolo in marcia contro veicolo in sosta;Rettilineo;Una carreggiata a senso unico di marcia;Asciutto;In cubetti di porfido;Verticale ed orizzontale;Sereno;Normale;Sufficiente;;0;0;0;1;12.4988;41.8887;-1;1;Autovettura privata;Sosta;;;;;;;
5395841;1;01/05/2021 23:00:00;Strada Urbana;VIA DI S. GIOVANNI IN LATERANO;in prossimit�;;del palo luce n.;110;;Veicolo in marcia contro veicolo in sosta;Rettilineo;Una carreggiata a senso unico di marcia;Asciutto;In cubetti di porfido;Verticale ed orizzontale;Sereno;Normale;Sufficiente;;0;0;0;1;12.4988;41.8887;-1;2;Autovettura privata;Sosta;;;;;;;
5395841;1;01/05/2021 23:00:00;Strada Urbana;VIA DI S. GIOVANNI IN LATERANO;in prossimit�;;del palo luce n.;110;;Veicolo in marcia contro veicolo in sosta;Rettilineo;Una carreggiata a senso unico di marcia;Asciutto;In cubetti di porfido;Verticale ed orizzontale;Sereno;Normale;Sufficiente;;0;0;0;1;12.4988;41.8887;-1;3;Autovettura privata;Sosta;;;;;;;
5395841;1;01/05/2021 23:00:00;Strada Urbana;VIA DI S. GIOVANNI IN LATERANO;in prossimit�;;del palo luce n.;110;;Veicolo in marcia contro veicolo in sosta;Rettilineo;Una carreggiata a senso unico di marcia;Asciutto;In cubetti di porfido;Verticale ed orizzontale;Sereno;Normale;Sufficiente;;0;0;0;1;12.4988;41.8887;-1;4;Autovettura privata;In marcia / fermata / arresto;Conducente;M;Illeso;0;;;
5395863;5;01/05/2021 14:30:00;Strada Urbana;VIA TIBURTINA;in prossimit�;;del civico n.;1331;;Scontro frontale/laterale SX fra veicoli in marcia;Rettilineo;Due carreggiate;Bagnato (pioggia);Asfaltata;Verticale ed orizzontale;Pioggia in atto;Normale;Buona;;0;0;0;2;12.6179;41.9372;-1;1;Autovettura privata;In marcia / fermata / arresto;Conducente;M;Illeso;0;;Non accertato;Inesploso
5395863;5;01/05/2021 14:30:00;Strada Urbana;VIA TIBURTINA;in prossimit�;;del civico n.;1331;;Scontro frontale/laterale SX fra veicoli in marcia;Rettilineo;Due carreggiate;Bagnato (pioggia);Asfaltata;Verticale ed orizzontale;Pioggia in atto;Normale;Buona;;0;0;0;2;12.6179;41.9372;-1;2;Autovettura privata;In marcia / fermata / arresto;Conducente;F;Illeso;0;;Non accertato;Esploso
5395891;5;01/05/2021 18:30:00;Strada Urbana;VIALE BATTISTA BARDANZELLU;in corrispondenza;;del civico n.;20;;Veicolo in marcia contro veicolo in sosta;Rettilineo;Una carreggiata a senso unico di marcia;Asciutto;Asfaltata;Assente;Nuvoloso;Scarso;Sufficiente;;0;0;0;0;12.572;41.9145;-1;1;Autovettura privata;Sosta;;;;;;;
5395891;5;01/05/2021 18:30:00;Strada Urbana;VIALE BATTISTA BARDANZELLU;in corrispondenza;;del civico n.;20;;Veicolo in marcia contro veicolo in sosta;Rettilineo;Una carreggiata a senso unico di marcia;Asciutto;Asfaltata;Assente;Nuvoloso;Scarso;Sufficiente;;0;0;0;0;12.572;41.9145;-1;2;Autovettura privata;Allontanatosi;;;;;;;
5395902;20;03/05/2021 10:20:00;Strada Urbana;VIALE DI TOR DI QUINTO;in prossimit�;;del civico n.;37a;;Scontro frontale/laterale DX fra veicoli in marcia;Rettilineo;Una carreggiata a doppio senso;Asciutto;Asfaltata;Orizzontale;Sereno;Normale;Buona;;1;0;0;1;12.4731;41.9374;-1;1;Motociclo a solo;In marcia / fermata / arresto;Conducente;M;Illeso;0;;Non accertato;Inesistente
5395902;20;03/05/2021 10:20:00;Strada Urbana;VIALE DI TOR DI QUINTO;in prossimit�;;del civico n.;37a;;Scontro frontale/laterale DX fra veicoli in marcia;Rettilineo;Una carreggiata a doppio senso;Asciutto;Asfaltata;Orizzontale;Sereno;Normale;Buona;;1;0;0;1;12.4731;41.9374;-1;2;Velocipede;In marcia / fermata / arresto;Conducente;M;Rimandato;0;NON DECEDUTO;Esente;Inesistente
5395927;10;03/05/2021 10:00:00;Strada Urbana;VIA WALTER PROCACCINI;da specificare;;;;rotatoria altezza viale Bruno rizzieri;Tamponamento;Rotatoria;Una carreggiata a senso unico di marcia;Asciutto;Asfaltata;Verticale ed orizzontale;Sereno;Normale;Buona;;0;0;0;2;12.5834;41.8486;-1;1;Autovettura privata;In marcia / fermata / arresto;Conducente;F;Illeso;0;;;Inesploso
5395927;10;03/05/2021 10:00:00;Strada Urbana;VIA WALTER PROCACCINI;da specificare;;;;rotatoria altezza viale Bruno rizzieri;Tamponamento;Rotatoria;Una carreggiata a senso unico di marcia;Asciutto;Asfaltata;Verticale ed orizzontale;Sereno;Normale;Buona;;0;0;0;2;12.5834;41.8486;-1;2;Autovettura privata;In marcia / fermata / arresto;Conducente;M;Illeso;0;;;Inesploso
5395937;6;02/05/2021 13:30:00;Strada Urbana;VIA ARGENTINA ALTOBELLI;in prossimit�;;del civico n.;fr. 12;;Veicolo in marcia contro veicolo in sosta;Rettilineo;Una carreggiata a senso unico di marcia;Asciutto;Asfaltata;Verticale ed orizzontale;Sereno;Scarso;Buona;;0;0;0;1;12.5641;41.8958;-1;1;Autovettura privata;Sosta;;;;;;;
5395937;6;02/05/2021 13:30:00;Strada Urbana;VIA ARGENTINA ALTOBELLI;in prossimit�;;del civico n.;fr. 12;;Veicolo in marcia contro veicolo in sosta;Rettilineo;Una carreggiata a senso unico di marcia;Asciutto;Asfaltata;Verticale ed orizzontale;Sereno;Scarso;Buona;;0;0;0;1;12.5641;41.8958;-1;2;Autovettura privata;In marcia / fermata / arresto;Conducente;F;Illeso;0;;Non accertato;Inesploso
5395953;17;02/05/2021 18:50:00;Strada Urbana;VIA GIUSEPPE ANDREOLI;all'intersezione con;VIA CARLO POMA;VIA CARLO POMA;;;Scontro frontale/laterale DX fra veicoli in marcia;Incrocio;Una carreggiata a doppio senso;Asciutto;Asfaltata;Verticale ed orizzontale;Sereno;Normale;Buona;;0;0;0;5;12.4624;41.9144;-1;1;Autovettura di polizia;In marcia / fermata / arresto;Conducente;M;Illeso;0;;;
5395953;17;02/05/2021 18:50:00;Strada Urbana;VIA GIUSEPPE ANDREOLI;all'intersezione con;VIA CARLO POMA;VIA CARLO POMA;;;Scontro frontale/laterale DX fra veicoli in marcia;Incrocio;Una carreggiata a doppio senso;Asciutto;Asfaltata;Verticale ed orizzontale;Sereno;Normale;Buona;;0;0;0;5;12.4624;41.9144;-1;1;Autovettura di polizia;In marcia / fermata / arresto;Passeggero;M;Illeso;0;;;
5395953;17;02/05/2021 18:50:00;Strada Urbana;VIA GIUSEPPE ANDREOLI;all'intersezione con;VIA CARLO POMA;VIA CARLO POMA;;;Scontro frontale/laterale DX fra veicoli in marcia;Incrocio;Una carreggiata a doppio senso;Asciutto;Asfaltata;Verticale ed orizzontale;Sereno;Normale;Buona;;0;0;0;5;12.4624;41.9144;-1;1;Autovettura di polizia;In marcia / fermata / arresto;Passeggero;F;Illeso;0;;;
5395953;17;02/05/2021 18:50:00;Strada Urbana;VIA GIUSEPPE ANDREOLI;all'intersezione con;VIA CARLO POMA;VIA CARLO POMA;;;Scontro frontale/laterale DX fra veicoli in marcia;Incrocio;Una carreggiata a doppio senso;Asciutto;Asfaltata;Verticale ed orizzontale;Sereno;Normale;Buona;;0;0;0;5;12.4624;41.9144;-1;1;Autovettura di polizia;In marcia / fermata / arresto;Passeggero;M;Illeso;0;;;
5395953;17;02/05/2021 18:50:00;Strada Urbana;VIA GIUSEPPE ANDREOLI;all'intersezione con;VIA CARLO POMA;VIA CARLO POMA;;;Scontro frontale/laterale DX fra veicoli in marcia;Incrocio;Una carreggiata a doppio senso;Asciutto;Asfaltata;Verticale ed orizzontale;Sereno;Normale;Buona;;0;0;0;5;12.4624;41.9144;-1;2;Autovettura privata;In marcia / fermata / arresto;Conducente;F;Illeso;0;;;
5395988;7;02/05/2021 14:55:00;Strada Urbana;VIALE DELLA PRIMAVERA;all'intersezione con;VIA DEI GELSI;VIA DEI GELSI;;;Scontro frontale/laterale SX fra veicoli in marcia;Incrocio;Due carreggiate;Asciutto;Asfaltata;Verticale ed orizzontale;Sereno;Scarso;Buona;;0;0;0;3;12.5614;41.8878;-1;1;Autovettura privata;In marcia / fermata / arresto;Conducente;M;Illeso;0;;Non accertato;Inesploso
5395988;7;02/05/2021 14:55:00;Strada Urbana;VIALE DELLA PRIMAVERA;all'intersezione con;VIA DEI GELSI;VIA DEI GELSI;;;Scontro frontale/laterale SX fra veicoli in marcia;Incrocio;Due carreggiate;Asciutto;Asfaltata;Verticale ed orizzontale;Sereno;Scarso;Buona;;0;0;0;3;12.5614;41.8878;-1;2;Autovettura privata;In marcia / fermata / arresto;Conducente;M;Illeso;0;;Non accertato;Inesploso
5395988;7;02/05/2021 14:55:00;Strada Urbana;VIALE DELLA PRIMAVERA;all'intersezione con;VIA DEI GELSI;VIA DEI GELSI;;;Scontro frontale/laterale SX fra veicoli in marcia;Incrocio;Due carreggiate;Asciutto;Asfaltata;Verticale ed orizzontale;Sereno;Scarso;Buona;;0;0;0;3;12.5614;41.8878;-1;2;Autovettura privata;In marcia / fermata / arresto;Passeggero;F;Illeso;0;;Non accertato;Inesploso
5395991;1;02/05/2021 12:00:00;Strada Urbana;VIA ELENIANA;all'intersezione con;PIAZZALE LABICANO;PIAZZALE LABICANO;;;Veicolo in marcia contro ostacolo fisso;Incrocio;Una carreggiata a senso unico di marcia;Asciutto;Asfaltata;Verticale ed orizzontale;Nuvoloso;Normale;Buona;;1;0;0;0;12.5149;41.8904;-1;1;Autovettura privata;In marcia / fermata / arresto;Conducente;M;Rimandato;0;NON DECEDUTO;;
5395996;16;01/05/2021 11:20:00;Strada Urbana;VIA ISABELLA D'ESTE;in prossimit�;;del civico n.;31;;Veicolo in marcia contro veicolo in sosta;Rettilineo;Una carreggiata a senso unico di marcia;Asciutto;Asfaltata;Verticale ed orizzontale;Nuvoloso;Scarso;Buona;;0;0;0;1;12.4253;41.8775;-1;1;Autovettura privata;In marcia / fermata / arresto;Conducente;F;Illeso;0;;Non accertato;Inesploso