Protocollo;Gruppo;DataOraIncidente;Localizzazione1;STRADA1;Localizzazione2;STRADA2;Strada02;Chilometrica;DaSpecificare;NaturaIncidente;particolaritastrade;TipoStrada;FondoStradale;Pavimentazione;Segnaletica;CondizioneAtmosferica;Traffico;Visibilita;Illuminazione;NUM_FERITI;NUM_RISERVATA;NUM_MORTI;NUM_ILLESI;Longitudine;Latitudine;Confermato;Progressivo;TipoVeicolo;StatoVeicolo;TipoPersona;Sesso;Tipolesione;Deceduto;DecedutoDopo;CinturaCascoUtilizzato;Airbag;
5397576;7;03/05/2021 18:15:00;Strada Urbana;VIALE ENZO FERRARI;all'intersezione con;VIA DI TOR TRE TESTE;VIA DI TOR TRE TESTE;;;Scontro laterale fra veicoli in marcia;Rotatoria;Una carreggiata a senso unico di marcia;Asciutto;Asfaltata;Verticale ed orizzontale;Sereno;Normale;Buona;;0;0;0;3;12.591;41.8907;-1;2;Autocarro inferiore 35 q.;In marcia / fermata / arresto;Passeggero;M;Illeso;0;;;
5397583;5;03/05/2021 20:00:00;Strada Urbana;VIALE DEL TECNOPOLO;all'intersezione semaforizzata con;VIA GIUSEPPE GAGLIANI CAPUTO;VIA GIUSEPPE GAGLIANI CAPUTO;;;Scontro frontale/laterale SX fra veicoli in marcia;Intersezione semaforizzata;Due carreggiate;Asciutto;Asfaltata;Verticale ed orizzontale;Sereno;Normale;Buona;;1;0;0;5;12.6359;41.9295;-1;1;Motociclo a solo;In marcia / fermata / arresto;Conducente;M;Rimandato;0;NON DECEDUTO;Non accertato;
5397583;5;03/05/2021 20:00:00;Strada Urbana;VIALE DEL TECNOPOLO;all'intersezione semaforizzata con;VIA GIUSEPPE GAGLIANI CAPUTO;VIA GIUSEPPE GAGLIANI CAPUTO;;;Scontro frontale/laterale SX fra veicoli in marcia;Intersezione semaforizzata;Due carreggiate;Asciutto;Asfaltata;Verticale ed orizzontale;Sereno;Normale;Buona;;1;0;0;5;12.6359;41.9295;-1;2;Autovettura privata;In marcia / fermata / arresto;Conducente;M;Illeso;0;;Non accertato;
5397583;5;03/05/2021 20:00:00;Strada Urbana;VIALE DEL TECNOPOLO;all'intersezione semaforizzata con;VIA GIUSEPPE GAGLIANI CAPUTO;VIA GIUSEPPE GAGLIANI CAPUTO;;;Scontro frontale/laterale SX fra veicoli in marcia;Intersezione semaforizzata;Due carreggiate;Asciutto;Asfaltata;Verticale ed orizzontale;Sereno;Normale;Buona;;1;0;0;5;12.6359;41.9295;-1;2;Autovettura privata;In marcia / fermata / arresto;Passeggero;F;Illeso;0;;Non accertato;
5397583;5;03/05/2021 20:00:00;Strada Urbana;VIALE DEL TECNOPOLO;all'intersezione semaforizzata con;VIA GIUSEPPE GAGLIANI CAPUTO;VIA GIUSEPPE GAGLIANI CAPUTO;;;Scontro frontale/laterale SX fra veicoli in marcia;Intersezione semaforizzata;Due carreggiate;Asciutto;Asfaltata;Verticale ed orizzontale;Sereno;Normale;Buona;;1;0;0;5;12.6359;41.9295;-1;2;Autovettura privata;In marcia / fermata / arresto;Passeggero;M;Illeso;0;;Utilizzato;
5397583;5;03/05/2021 20:00:00;Strada Urbana;VIALE DEL TECNOPOLO;all'intersezione semaforizzata con;VIA GIUSEPPE GAGLIANI CAPUTO;VIA GIUSEPPE GAGLIANI CAPUTO;;;Scontro frontale/laterale SX fra veicoli in marcia;Intersezione semaforizzata;Due carreggiate;Asciutto;Asfaltata;Verticale ed orizzontale;Sereno;Normale;Buona;;1;0;0;5;12.6359;41.9295;-1;2;Autovettura privata;In marcia / fermata / arresto;Passeggero;M;Illeso;0;;Non accertato;
5397583;5;03/05/2021 20:00:00;Strada Urbana;VIALE DEL TECNOPOLO;all'intersezione semaforizzata con;VIA GIUSEPPE GAGLIANI CAPUTO;VIA GIUSEPPE GAGLIANI CAPUTO;;;Scontro frontale/laterale SX fra veicoli in marcia;Intersezione semaforizzata;Due carreggiate;Asciutto;Asfaltata;Verticale ed orizzontale;Sereno;Normale;Buona;;1;0;0;5;12.6359;41.9295;-1;3;Motociclo a solo;In marcia / fermata / arresto;Conducente;M;Illeso;0;;Non accertato;
5397647;7;03/05/2021 13:20:00;Strada Urbana;VIA PRENESTINA;in corrispondenza;;del civico n.;491;;Fuoriuscita dalla sede stradale;Rettilineo;Due carreggiate;Asciutto;Asfaltata;Verticale ed orizzontale;Sereno;Normale;Buona;;0;0;0;1;12.5734;41.8952;-1;1;Autovettura privata;In marcia / fermata / arresto;Conducente;M;Illeso;0;;;
5397702;1;04/05/2021 08:25:00;Strada Urbana;LUNGOTEVERE DEI PIERLEONI;da specificare;;;;alt. via di ponte rotto;Infortunio per sola frenata improvvisa;Rettilineo;Una carreggiata a senso unico di marcia;Asciutto;Asfaltata;Verticale ed orizzontale;Sereno;Normale;Buona;;1;0;0;1;12.4796;41.8905;-1;1;Motociclo a solo;In marcia / fermata / arresto;Conducente;M;Rimandato;0;NON DECEDUTO;;
5397702;1;04/05/2021 08:25:00;Strada Urbana;LUNGOTEVERE DEI PIERLEONI;da specificare;;;;alt. via di ponte rotto;Infortunio per sola frenata improvvisa;Rettilineo;Una carreggiata a senso unico di marcia;Asciutto;Asfaltata;Verticale ed orizzontale;Sereno;Normale;Buona;;1;0;0;1;12.4796;41.8905;-1;2;Motociclo a solo;In marcia / fermata / arresto;Conducente;M;Illeso;0;;;
5397756;2;04/05/2021 11:30:00;Strada Urbana;CIRCONVALLAZIONE SALARIA;da specificare;;;;dir S. Giovanni alt. ingresso da Viale somalia;Scontro laterale fra veicoli in marcia;Rettilineo;Due carreggiate;Asciutto;Asfaltata;Orizzontale;Sereno;Normale;Buona;;0;0;0;2;12.5207;41.9347;-1;1;Autovettura privata;In marcia / fermata / arresto;Conducente;M;Illeso;0;;Non accertato;Inesploso
5397756;2;04/05/2021 11:30:00;Strada Urbana;CIRCONVALLAZIONE SALARIA;da specificare;;;;dir S. Giovanni alt. ingresso da Viale somalia;Scontro laterale fra veicoli in marcia;Rettilineo;Due carreggiate;Asciutto;Asfaltata;Orizzontale;Sereno;Normale;Buona;;0;0;0;2;12.5207;41.9347;-1;2;Autocarro inferiore 35 q.;In marcia / fermata / arresto;Conducente;M;Illeso;0;;Non accertato;Inesploso
5398035;9;04/05/2021 10:00:00;Strada Urbana;VIA APPIA NUOVA;da specificare;;;;fronte PIAZZA SULMONA;Scontro frontale/laterale SX fra veicoli in marcia;Rettilineo;Una carreggiata a senso unico di marcia;Asciutto;Asfaltata;Verticale ed orizzontale;Nuvoloso;Normale;Buona;;1;0;0;1;12.5131;41.8828;-1;1;Autovettura privata;In marcia / fermata / arresto;Conducente;F;Illeso;0;;Non accertato;Inesploso
5398035;9;04/05/2021 10:00:00;Strada Urbana;VIA APPIA NUOVA;da specificare;;;;fronte PIAZZA SULMONA;Scontro frontale/laterale SX fra veicoli in marcia;Rettilineo;Una carreggiata a senso unico di marcia;Asciutto;Asfaltata;Verticale ed orizzontale;Nuvoloso;Normale;Buona;;1;0;0;1;12.5131;41.8828;-1;2;Motociclo a solo;In marcia / fermata / arresto;Conducente;F;Rimandato;0;NON DECEDUTO;Non accertato;
5398041;6;04/05/2021 13:15:00;Strada Urbana;VIA CASILINA;da specificare;;;;altezza via Orazio Pierozzi;Scontro laterale fra veicoli in marcia;Rettilineo;Pi� di due carreggiate;Asciutto;Asfaltata;Temporanea di cantiere;Nuvoloso;Intenso;Buona;;0;0;0;3;12.5506;41.8773;-1;1;Autovettura privata;In marcia / fermata / arresto;Conducente;F;Illeso;0;;Non accertato;Inesploso
5398041;6;04/05/2021 13:15:00;Strada Urbana;VIA CASILINA;da specificare;;;;altezza via Orazio Pierozzi;Scontro laterale fra veicoli in marcia;Rettilineo;Pi� di due carreggiate;Asciutto;Asfaltata;Temporanea di cantiere;Nuvoloso;Intenso;Buona;;0;0;0;3;12.5506;41.8773;-1;2;Autovettura privata;In marcia / fermata / arresto;Conducente;M;Illeso;0;;Non accertato;Inesploso
5398041;6;04/05/2021 13:15:00;Strada Urbana;VIA CASILINA;da specificare;;;;altezza via Orazio Pierozzi;Scontro laterale fra veicoli in marcia;Rettilineo;Pi� di due carreggiate;Asciutto;Asfaltata;Temporanea di cantiere;Nuvoloso;Intenso;Buona;;0;0;0;3;12.5506;41.8773;-1;2;Autovettura privata;In marcia / fermata / arresto;Passeggero;F;Illeso;0;;Non accertato;Inesploso
5398115;1;04/05/2021 09:00:00;Strada Urbana;VIALE DEL MONTE OPPIO;in corrispondenza;;del civico n.;7;;Scontro laterale fra veicoli in marcia;Rettilineo;Una carreggiata a doppio senso;Asciutto;Asfaltata;Verticale ed orizzontale;Sereno;Normale;Buona;;0;0;0;2;12.4926;41.892;0;1;Autovettura privata;In marcia / fermata / arresto;Conducente;M;Illeso;0;;Non accertato;Inesploso
5398115;1;04/05/2021 09:00:00;Strada Urbana;VIALE DEL MONTE OPPIO;in corrispondenza;;del civico n.;7;;Scontro laterale fra veicoli in marcia;Rettilineo;Una carreggiata a doppio senso;Asciutto;Asfaltata;Verticale ed orizzontale;Sereno;Normale;Buona;;0;0;0;2;12.4926;41.892;0;2;Autovettura privata;In marcia / fermata / arresto;Conducente;M;Illeso;0;;;
5398152;20;04/05/2021 13:45:00;Strada Urbana;VIALE DI TOR DI QUINTO;in prossimit�;;del civico n.;fronte 151;;Tamponamento;Rettilineo;Pi� di due carreggiate;Asciutto;Asfaltata;Orizzontale;Sereno;Normale;Buona;;0;0;0;3;12.4859;41.9472;-1;1;Autovettura privata;In marcia / fermata / arresto;Conducente;M;Illeso;0;;;
5398152;20;04/05/2021 13:45:00;Strada Urbana;VIALE DI TOR DI QUINTO;in prossimit�;;del civico n.;fronte 151;;Tamponamento;Rettilineo;Pi� di due carreggiate;Asciutto;Asfaltata;Orizzontale;Sereno;Normale;Buona;;0;0;0;3;12.4859;41.9472;-1;1;Autovettura privata;In marcia / fermata / arresto;Passeggero;M;Illeso;0;;;
5398152;20;04/05/2021 13:45:00;Strada Urbana;VIALE DI TOR DI QUINTO;in prossimit�;;del civico n.;fronte 151;;Tamponamento;Rettilineo;Pi� di due carreggiate;Asciutto;Asfaltata;Orizzontale;Sereno;Normale;Buona;;0;0;0;3;12.4859;41.9472;-1;2;Autovettura privata;In marcia / fermata / arresto;Conducente;M;Illeso;0;;Non accertato;Inesploso
5398155;12;04/05/2021 09:35:00;Strada Urbana;VIA THAILANDIA;all'intersezione con;VIALE DEI CAMPIONI;VIALE DEI CAMPIONI;;;Tamponamento;Intersezione stradale segnalata;Una carreggiata a doppio senso;Asciutto;Asfaltata;Verticale ed orizzontale;Sereno;Scarso;Buona;;0;0;0;3;12.4583;41.8243;-1;1;Motociclo con passeggero;In marcia / fermata / arresto;Conducente;M;Illeso;0;;Utilizzato;
5398155;12;04/05/2021 09:35:00;Strada Urbana;VIA THAILANDIA;all'intersezione con;VIALE DEI CAMPIONI;VIALE DEI CAMPIONI;;;Tamponamento;Intersezione stradale segnalata;Una carreggiata a doppio senso;Asciutto;Asfaltata;Verticale ed orizzontale;Sereno;Scarso;Buona;;0;0;0;3;12.4583;41.8243;-1;1;Motociclo con passeggero;In marcia / fermata / arresto;Passeggero;M;Illeso;0;;Utilizzato;
5398155;12;04/05/2021 09:35:00;Strada Urbana;VIA THAILANDIA;all'intersezione con;VIALE DEI CAMPIONI;VIALE DEI CAMPIONI;;;Tamponamento;Intersezione stradale segnalata;Una carreggiata a doppio senso;Asciutto;Asfaltata;Verticale ed orizzontale;Sereno;Scarso;Buona;;0;0;0;3;12.4583;41.8243;-1;2;Autovettura privata;In marcia / fermata / arresto;Conducente;M;Illeso;0;;Utilizzato;Inesploso
5398195;6;04/05/2021 14:38:00;Strada Urbana;VIA DINO PENAZZATO;all'intersezione con;VIA RINALDO RIGOLA;VIA RINALDO RIGOLA;;;Scontro laterale fra veicoli in marcia;Incrocio;Una carreggiata a doppio senso;Asciutto;Asfaltata;Verticale ed orizzontale;Nuvoloso;Normale;Buona;;0;0;0;4;12.5656;41.8983;-1;1;Autovettura privata;In marcia / fermata / arresto;Conducente;M;Illeso;0;;Non accertato;Inesploso
5398195;6;04/05/2021 14:38:00;Strada Urbana;VIA DINO PENAZZATO;all'intersezione con;VIA RINALDO RIGOLA;VIA RINALDO RIGOLA;;;Scontro laterale fra veicoli in marcia;Incrocio;Una carreggiata a doppio senso;Asciutto;Asfaltata;Verticale ed orizzontale;Nuvoloso;Normale;Buona;;0;0;0;4;12.5656;41.8983;-1;2;Autovettura privata;In marcia / fermata / arresto;Conducente;M;Illeso;0;;Non accertato;Inesploso
5398195;6;04/05/2021 14:38:00;Strada Urbana;VIA DINO PENAZZATO;all'intersezione con;VIA RINALDO RIGOLA;VIA RINALDO RIGOLA;;;Scontro laterale fra veicoli in marcia;Incrocio;Una carreggiata a doppio senso;Asciutto;Asfaltata;Verticale ed orizzontale;Nuvoloso;Normale;Buona;;0;0;0;4;12.5656;41.8983;-1;2;Autovettura privata;In marcia / fermata / arresto;Passeggero;F;Illeso;0;;Non accertato;Inesploso
5398195;6;04/05/2021 14:38:00;Strada Urbana;VIA DINO PENAZZATO;all'intersezione con;VIA RINALDO RIGOLA;VIA RINALDO RIGOLA;;;Scontro laterale fra veicoli in marcia;Incrocio;Una carreggiata a doppio senso;Asciutto;Asfaltata;Verticale ed orizzontale;Nuvoloso;Normale;Buona;;0;0;0;4;12.5656;41.8983;-1;2;Autovettura privata;In marcia / fermata / arresto;Passeggero;M;Illeso;0;;Non accertato;Inesploso
5398204;10;04/05/2021 12:00:00;Strada Urbana;VIA DEL PONTE DELLE SETTE MIGLIA;all'intersezione con;VIA FRANCESCO DI BENEDETTO;VIA FRANCESCO DI BENEDETTO;;;Veicolo in marcia contro ostacolo fisso;Incrocio;Una carreggiata a doppio senso;Asciutto;Asfaltata;Verticale ed orizzontale;Sereno;Scarso;Buona;;0;0;0;1;12.6015;41.8386;-1;1;Autocarro superiore 35 q.;In marcia / fermata / arresto;Conducente;M;Illeso;0;;;
5398481;16;01/05/2021 14:00:00;Strada Urbana;VIA GIACINTO CARINI;all'intersezione con;VIA FRANCESCO SAVERIO SPROVIERI;VIA FRANCESCO SAVERIO SPROVIERI;;;Scontro frontale/laterale DX fra veicoli in marcia;Intersezione stradale segnalata;Due carreggiate;Bagnato (pioggia);Asfaltata;Verticale ed orizzontale;Pioggia in atto;Scarso;Buona;;0;0;0;3;12.4609;41.8852;-1;1;Autovettura privata;In marcia / fermata / arresto;Conducente;F;Illeso;0;;Non accertato;Inesploso
5398481;16;01/05/2021 14:00:00;Strada Urbana;VIA GIACINTO CARINI;all'intersezione con;VIA FRANCESCO SAVERIO SPROVIERI;VIA FRANCESCO SAVERIO SPROVIERI;;;Scontro frontale/laterale DX fra veicoli in marcia;Intersezione stradale segnalata;Due carreggiate;Bagnato (pioggia);Asfaltata;Verticale ed orizzontale;Pioggia in atto;Scarso;Buona;;0;0;0;3;12.4609;41.8852;-1;2;Autovettura privata;In marcia / fermata / arresto;Conducente;F;Illeso;0;;Non accertato;Inesploso
5398481;16;01/05/2021 14:00:00;Strada Urbana;VIA GIACINTO CARINI;all'intersezione con;VIA FRANCESCO SAVERIO SPROVIERI;VIA FRANCESCO SAVERIO SPROVIERI;;;Scontro frontale/laterale DX fra veicoli in marcia;Intersezione stradale segnalata;Due carreggiate;Bagnato (pioggia);Asfaltata;Verticale ed orizzontale;Pioggia in atto;Scarso;Buona;;0;0;0;3;12.4609;41.8852;-1;2;Autovettura privata;In marcia / fermata / arresto;Passeggero;M;Illeso;0;;Non accertato;Inesploso
5398494;16;02/05/2021 08:30:00;Strada Urbana;VIA AURELIA ANTICA;in prossimit�;;del civico n.;200;;Scontro laterale fra veicoli in marcia;Rettilineo;Una carreggiata a doppio senso;Bagnato (umidit� in atto);Asfaltata;Verticale ed orizzontale;Nuvoloso;Scarso;Buona;;0;0;0;3;12.4442;41.8892;-1;1;Autovettura privata;In marcia / fermata / arresto;Conducente;M;Illeso;0;;Non accertato;Inesploso
5398494;16;02/05/2021 08:30:00;Strada Urbana;VIA AURELIA ANTICA;in prossimit�;;del civico n.;200;;Scontro laterale fra veicoli in marcia;Rettilineo;Una carreggiata a doppio senso;Bagnato (umidit� in atto);Asfaltata;Verticale ed orizzontale;Nuvoloso;Scarso;Buona;;0;0;0;3;12.4442;41.8892;-1;2;Autovettura privata;In marcia / fermata / arresto;Conducente;M;Illeso;0;;Non accertato;Inesploso
5398494;16;02/05/2021 08:30:00;Strada Urbana;VIA AURELIA ANTICA;in prossimit�;;del civico n.;200;;Scontro laterale fra veicoli in marcia;Rettilineo;Una carreggiata a doppio senso;Bagnato (umidit� in atto);Asfaltata;Verticale ed orizzontale;Nuvoloso;Scarso;Buona;;0;0;0;3;12.4442;41.8892;-1;2;Autovettura privata;In marcia / fermata / arresto;Passeggero;M;Illeso;0;;Non accertato;Inesploso
5398503;16;02/05/2021 11:00:00;Strada Urbana;VIA EDOARDO JENNER;all'intersezione con;PIAZZA S. GIOVANNI DI DIO;PIAZZA S. GIOVANNI DI DIO;;;Scontro laterale fra veicoli in marcia;Intersezione semaforizzata;Una carreggiata a doppio senso;Asciutto;Asfaltata;Verticale ed orizzontale;Sereno;Normale;Buona;;1;0;0;1;12.4447;41.8724;-1;1;Autovettura privata;In marcia / fermata / arresto;Conducente;M;Illeso;0;;Non accertato;Inesploso
5398503;16;02/05/2021 11:00:00;Strada Urbana;VIA EDOARDO JENNER;all'intersezione con;PIAZZA S. GIOVANNI DI DIO;PIAZZA S. GIOVANNI DI DIO;;;Scontro laterale fra veicoli in marcia;Intersezione semaforizzata;Una carreggiata a doppio senso;Asciutto;Asfaltata;Verticale ed orizzontale;Sereno;Normale;Buona;;1;0;0;1;12.4447;41.8724;-1;2;Motociclo a solo;In marcia / fermata / arresto;Conducente;M;Rimandato;0;NON DECEDUTO;Non accertato;
5398512;16;02/05/2021 12:50:00;Strada Urbana;VIA VITELLIA;in prossimit�;;del civico n.;40;;Investimento di pedone;Rettilineo;Una carreggiata a doppio senso;Asciutto;Asfaltata;Verticale ed orizzontale;Nuvoloso;Normale;Buona;;0;0;0;2;12.4514;41.8814;-1;;;;Pedone;M;Illeso;0;;;
5398512;16;02/05/2021 12:50:00;Strada Urbana;VIA VITELLIA;in prossimit�;;del civico n.;40;;Investimento di pedone;Rettilineo;Una carreggiata a doppio senso;Asciutto;Asfaltata;Verticale ed orizzontale;Nuvoloso;Normale;Buona;;0;0;0;2;12.4514;41.8814;-1;1;Motociclo a solo;In marcia / fermata / arresto;Conducente;F;Illeso;0;;Non accertato;
5398522;16;02/05/2021 15:20:00;Strada Urbana;PIAZZETTA DEL BEL RESPIRO;in prossimit�;;del civico n.;11;;Scontro laterale fra veicoli in marcia;Rettilineo;Due carreggiate;Asciutto;Asfaltata;Assente;Sereno;Normale;Buona;;0;0;0;2;12.4411;41.8799;-1;1;Autovettura privata;In marcia / fermata / arresto;Conducente;M;Illeso;0;;Non accertato;Inesploso
5398522;16;02/05/2021 15:20:00;Strada Urbana;PIAZZETTA DEL BEL RESPIRO;in prossimit�;;del civico n.;11;;Scontro laterale fra veicoli in marcia;Rettilineo;Due carreggiate;Asciutto;Asfaltata;Assente;Sereno;Normale;Buona;;0;0;0;2;12.4411;41.8799;-1;2;Autovettura privata;In marcia / fermata / arresto;Conducente;F;Illeso;0;;Non accertato;Inesploso
5398525;17;04/05/2021 12:20:00;Strada Urbana;PONTE PIETRO NENNI;da specificare;;;;direz. Lungotevere Arnaldo da Brescia;Veicolo in marcia contro ostacolo fisso;Rettilineo;Una carreggiata a senso unico di marcia;Asciutto;Asfaltata;Verticale ed orizzontale;Sereno;Normale;Buona;;0;0;0;1;12.4713;41.9121;-1;1;Autovettura privata;In marcia / fermata / arresto;Conducente;F;Illeso;0;;;
5398545;20;04/05/2021 18:30:00;Strada Urbana;VIA DEI ROBILANT;all'intersezione con;VIA MARESCIALLO CAVIGLIA;VIA MARESCIALLO CAVIGLIA;;;Scontro laterale fra veicoli in marcia;Incrocio;Una carreggiata a senso unico di marcia;Bagnato (pioggia);Asfaltata;Assente;Pioggia in atto;Normale;Buona;;0;0;0;3;12.4644;41.9362;-1;1;Autovettura privata;In marcia / fermata / arresto;Conducente;F;Illeso;0;;Non accertato;Inesploso
5398545;20;04/05/2021 18:30:00;Strada Urbana;VIA DEI ROBILANT;all'intersezione con;VIA MARESCIALLO CAVIGLIA;VIA MARESCIALLO CAVIGLIA;;;Scontro laterale fra veicoli in marcia;Incrocio;Una carreggiata a senso unico di marcia;Bagnato (pioggia);Asfaltata;Assente;Pioggia in atto;Normale;Buona;;0;0;0;3;12.4644;41.9362;-1;1;Autovettura privata;In marcia / fermata / arresto;Passeggero;M;Illeso;0;;Non accertato;Inesploso
5398545;20;04/05/2021 18:30:00;Strada Urbana;VIA DEI ROBILANT;all'intersezione con;VIA MARESCIALLO CAVIGLIA;VIA MARESCIALLO CAVIGLIA;;;Scontro laterale fra veicoli in marcia;Incrocio;Una carreggiata a senso unico di marcia;Bagnato (pioggia);Asfaltata;Assente;Pioggia in atto;Normale;Buona;;0;0;0;3;12.4644;41.9362;-1;2;Motociclo a solo;In marcia / fermata / arresto;Conducente;M;Illeso;0;;Non accertato;Inesistente
5398561;16;04/05/2021 19:10:00;Strada Urbana;CIRCONVALLAZIONE GIANICOLENSE;da specificare;;;;in prossimit� fermata atac casaletto;Scontro frontale/laterale SX fra veicoli in marcia;Rettilineo;Due carreggiate;Asciutto;Asfaltata;Verticale ed orizzontale;Sereno;Normale;Buona;;0;0;0;2;12.4496;41.8725;-1;1;Autovettura privata;In marcia / fermata / arresto;Conducente;M;Illeso;0;;Non accertato;Inesploso
5398561;16;04/05/2021 19:10:00;Strada Urbana;CIRCONVALLAZIONE GIANICOLENSE;da specificare;;;;in prossimit� fermata atac casaletto;Scontro frontale/laterale SX fra veicoli in marcia;Rettilineo;Due carreggiate;Asciutto;Asfaltata;Verticale ed orizzontale;Sereno;Normale;Buona;;0;0;0;2;12.4496;41.8725;-1;2;Autobus di linea;In marcia / fermata / arresto;Conducente;F;Illeso;0;;Non accertato;Inesploso
5398569;16;03/05/2021 14:50:00;Strada Urbana;VIA PORTUENSE;all'intersezione con;VIA BERNARDINO PASSERI;VIA BERNARDINO PASSERI;;;Tamponamento;Intersezione stradale segnalata;Due carreggiate;Asciutto;Asfaltata;Assente;Sereno;Normale;Buona;;0;0;0;3;12.414;41.8469;-1;1;Autovettura privata;In marcia / fermata / arresto;Conducente;F;Illeso;0;;Non accertato;Inesploso
5398569;16;03/05/2021 14:50:00;Strada Urbana;VIA PORTUENSE;all'intersezione con;VIA BERNARDINO PASSERI;VIA BERNARDINO PASSERI;;;Tamponamento;Intersezione stradale segnalata;Due carreggiate;Asciutto;Asfaltata;Assente;Sereno;Normale;Buona;;0;0;0;3;12.414;41.8469;-1;1;Autovettura privata;In marcia / fermata / arresto;Passeggero;M;Illeso;0;;Non accertato;Inesploso
5398569;16;03/05/2021 14:50:00;Strada Urbana;VIA PORTUENSE;all'intersezione con;VIA BERNARDINO PASSERI;VIA BERNARDINO PASSERI;;;Tamponamento;Intersezione stradale segnalata;Due carreggiate;Asciutto;Asfaltata;Assente;Sereno;Normale;Buona;;0;0;0;3;12.414;41.8469;-1;2;Autovettura privata;In marcia / fermata / arresto;Conducente;M;Illeso;0;;Non accertato;Inesploso
5398603;17;04/05/2021 17:05:00;Strada Urbana;VIA BARLETTA;da specificare;;;;in prossimit� di via Famagosta;Veicolo in marcia contro veicolo in sosta;Rettilineo;Pi� di due carreggiate;Bagnato (pioggia);Asfaltata;Verticale ed orizzontale;Pioggia in atto;Scarso;Buona;;0;0;0;2;12.4581;41.9103;-1;1;Autocarro inferiore 35 q.;In marcia / fermata / arresto;Conducente;M;Illeso;0;;Non accertato;Inesploso
5398603;17;04/05/2021 17:05:00;Strada Urbana;VIA BARLETTA;da specificare;;;;in prossimit� di via Famagosta;Veicolo in marcia contro veicolo in sosta;Rettilineo;Pi� di due carreggiate;Bagnato (pioggia);Asfaltata;Verticale ed orizzontale;Pioggia in atto;Scarso;Buona;;0;0;0;2;12.4581;41.9103;-1;1;Autocarro inferiore 35 q.;In marcia / fermata / arresto;Passeggero;M;Illeso;0;;;
5398603;17;04/05/2021 17:05:00;Strada Urbana;VIA BARLETTA;da specificare;;;;in prossimit� di via Famagosta;Veicolo in marcia contro veicolo in sosta;Rettilineo;Pi� di due carreggiate;Bagnato (pioggia);Asfaltata;Verticale ed orizzontale;Pioggia in atto;Scarso;Buona;;0;0;0;2;12.4581;41.9103;-1;2;Autovettura privata;Sosta;;;;;;;
5398615;12;04/05/2021 15:30:00;Strada Urbana;VIA LAURENTINA;all'intersezione semaforizzata con;VIALE DELL'UMANESIMO;VIALE DELL'UMANESIMO;;;Scontro laterale fra veicoli in marcia;Incrocio;Due carreggiate;Bagnato (pioggia);Asfaltata;Verticale ed orizzontale;Pioggia in atto;Normale;Buona;;0;0;0;4;12.479;41.8207;-1;1;Autovettura privata;In marcia / fermata / arresto;Conducente;F;Illeso;0;;Non accertato;Inesploso
5398615;12;04/05/2021 15:30:00;Strada Urbana;VIA LAURENTINA;all'intersezione semaforizzata con;VIALE DELL'UMANESIMO;VIALE DELL'UMANESIMO;;;Scontro laterale fra veicoli in marcia;Incrocio;Due carreggiate;Bagnato (pioggia);Asfaltata;Verticale ed orizzontale;Pioggia in atto;Normale;Buona;;0;0;0;4;12.479;41.8207;-1;1;Autovettura privata;In marcia / fermata / arresto;Passeggero;M;Illeso;0;;Non accertato;Inesploso
5398615;12;04/05/2021 15:30:00;Strada Urbana;VIA LAURENTINA;all'intersezione semaforizzata con;VIALE DELL'UMANESIMO;VIALE DELL'UMANESIMO;;;Scontro laterale fra veicoli in marcia;Incrocio;Due carreggiate;Bagnato (pioggia);Asfaltata;Verticale ed orizzontale;Pioggia in atto;Normale;Buona;;0;0;0;4;12.479;41.8207;-1;2;Autovettura privata;In marcia / fermata / arresto;Conducente;F;Illeso;0;;Non accertato;Inesploso
5398615;12;04/05/2021 15:30:00;Strada Urbana;VIA LAURENTINA;all'intersezione semaforizzata con;VIALE DELL'UMANESIMO;VIALE DELL'UMANESIMO;;;Scontro laterale fra veicoli in marcia;Incrocio;Due carreggiate;Bagnato (pioggia);Asfaltata;Verticale ed orizzontale;Pioggia in atto;Normale;Buona;;0;0;0;4;12.479;41.8207;-1;2;Autovettura privata;In marcia / fermata / arresto;Passeggero;F;Illeso;0;;Non accertato;Inesploso
5398624;12;04/05/2021 18:20:00;Strada Urbana;VIA CRISTOFORO COLOMBO;in prossimit�;;della chilometrica;13.95;;Scontro laterale fra veicoli in marcia;Rettilineo;Pi� di due carreggiate;Bagnato (pioggia);Asfaltata;Verticale ed orizzontale;Pioggia in atto;Normale;Buona;;1;0;0;1;12.4355;41.7958;-1;1;Autovettura privata;In marcia / fermata / arresto;Conducente;F;Illeso;0;;Non accertato;Inesploso
5398624;12;04/05/2021 18:20:00;Strada Urbana;VIA CRISTOFORO COLOMBO;in prossimit�;;della chilometrica;13.95;;Scontro laterale fra veicoli in marcia;Rettilineo;Pi� di due carreggiate;Bagnato (pioggia);Asfaltata;Verticale ed orizzontale;Pioggia in atto;Normale;Buona;;1;0;0;1;12.4355;41.7958;-1;2;Motociclo a solo;In marcia / fermata / arresto;Conducente;F;Rimandato;0;NON DECEDUTO;;
5398625;1;04/05/2021 12:30:00;Strada Urbana;LUNGOTEVERE DEI FIORENTINI;all'intersezione semaforizzata con;PIAZZA PASQUALE PAOLI;PIAZZA PASQUALE PAOLI;;;Scontro laterale fra veicoli in marcia;Intersezione semaforizzata;Una carreggiata a senso unico di marcia;Asciutto;Asfaltata;Verticale ed orizzontale;Nuvoloso;Normale;Buona;;0;0;0;2;12.4649;41.9007;-1;1;Autovettura privata;In marcia / fermata / arresto;Conducente;M;Illeso;0;;Non accertato;Inesploso