Protocollo;Gruppo;DataOraIncidente;Localizzazione1;STRADA1;Localizzazione2;STRADA2;Strada02;Chilometrica;DaSpecificare;NaturaIncidente;particolaritastrade;TipoStrada;FondoStradale;Pavimentazione;Segnaletica;CondizioneAtmosferica;Traffico;Visibilita;Illuminazione;NUM_FERITI;NUM_RISERVATA;NUM_MORTI;NUM_ILLESI;Longitudine;Latitudine;Confermato;Progressivo;TipoVeicolo;StatoVeicolo;TipoPersona;Sesso;Tipolesione;Deceduto;DecedutoDopo;CinturaCascoUtilizzato;Airbag;
5400226;13;04/05/2021 09:00:00;Strada Urbana;VIA OSTIENSE;in corrispondenza;;del civico n.;1747;;Investimento di pedone;Rettilineo;Una carreggiata a senso unico di marcia;Asciutto;Asfaltata;Verticale ed orizzontale;Sereno;Normale;Buona;;1;0;0;1;12.3676;41.7862;-1;1;Autovettura privata;In marcia / fermata / arresto;Conducente;M;Illeso;0;;Non accertato;Inesploso
5400286;13;04/05/2021 10:30:00;Strada Urbana;VIA RAFFAELE DE COSA;in corrispondenza;;del civico n.;2;;Scontro frontale/laterale SX fra veicoli in marcia;Rettilineo;Una carreggiata a senso unico di marcia;Asciutto;Asfaltata;Orizzontale;Sereno;Scarso;Buona;;0;0;0;2;12.2842;41.7371;-1;1;Autovettura privata;In marcia / fermata / arresto;Conducente;F;Illeso;0;;Non accertato;Inesploso
5400286;13;04/05/2021 10:30:00;Strada Urbana;VIA RAFFAELE DE COSA;in corrispondenza;;del civico n.;2;;Scontro frontale/laterale SX fra veicoli in marcia;Rettilineo;Una carreggiata a senso unico di marcia;Asciutto;Asfaltata;Orizzontale;Sereno;Scarso;Buona;;0;0;0;2;12.2842;41.7371;-1;2;Autovettura privata;In marcia / fermata / arresto;Conducente;F;Illeso;0;;Non accertato;Inesploso
5400287;12;05/05/2021 15:20:00;Strada Urbana;VIA TIBERIADE;all'intersezione con;VIALE DEI PRIMATI SPORTIVI;VIALE DEI PRIMATI SPORTIVI;;;Scontro laterale fra veicoli in marcia;Incrocio;Una carreggiata a doppio senso;Asciutto;Asfaltata;Verticale ed orizzontale;Sereno;Normale;Buona;;0;0;0;2;12.4582;41.8285;-1;1;Autovettura privata;In marcia / fermata / arresto;Conducente;M;Illeso;0;;Utilizzato;Inesploso
5400287;12;05/05/2021 15:20:00;Strada Urbana;VIA TIBERIADE;all'intersezione con;VIALE DEI PRIMATI SPORTIVI;VIALE DEI PRIMATI SPORTIVI;;;Scontro laterale fra veicoli in marcia;Incrocio;Una carreggiata a doppio senso;Asciutto;Asfaltata;Verticale ed orizzontale;Sereno;Normale;Buona;;0;0;0;2;12.4582;41.8285;-1;2;Autovettura privata;In marcia / fermata / arresto;Conducente;F;Illeso;0;;Utilizzato;Inesploso
5400305;9;05/05/2021 12:50:00;Strada Urbana;VIA MAGNAGRECIA;in prossimit�;;del civico n.;65;;Scontro laterale fra veicoli in marcia;Rettilineo;Una carreggiata a doppio senso;Asciutto;Asfaltata;Verticale ed orizzontale;Sereno;Normale;Buona;;1;0;0;1;12.5089;41.8828;-1;1;Autovettura privata;In marcia / fermata / arresto;Conducente;F;Illeso;0;;Non accertato;Inesploso
5400305;9;05/05/2021 12:50:00;Strada Urbana;VIA MAGNAGRECIA;in prossimit�;;del civico n.;65;;Scontro laterale fra veicoli in marcia;Rettilineo;Una carreggiata a doppio senso;Asciutto;Asfaltata;Verticale ed orizzontale;Sereno;Normale;Buona;;1;0;0;1;12.5089;41.8828;-1;2;Motociclo a solo;In marcia / fermata / arresto;Conducente;M;Rimandato;0;NON DECEDUTO;Non accertato;
5400325;9;05/05/2021 13:24:00;Strada Urbana;VIA TUSCOLANA;in prossimit�;;del civico n.;226;;Scontro laterale fra veicoli in marcia;Rettilineo;Una carreggiata a doppio senso;Asciutto;Asfaltata;Verticale ed orizzontale;Sereno;Intenso;Buona;;1;0;0;2;12.5237;41.8781;-1;1;Autovettura privata;In marcia / fermata / arresto;Conducente;M;Rimandato;0;NON DECEDUTO;Non accertato;Inesploso
5400325;9;05/05/2021 13:24:00;Strada Urbana;VIA TUSCOLANA;in prossimit�;;del civico n.;226;;Scontro laterale fra veicoli in marcia;Rettilineo;Una carreggiata a doppio senso;Asciutto;Asfaltata;Verticale ed orizzontale;Sereno;Intenso;Buona;;1;0;0;2;12.5237;41.8781;-1;2;Autovettura privata;In marcia / fermata / arresto;Conducente;F;Illeso;0;;Non accertato;Inesploso
5400325;9;05/05/2021 13:24:00;Strada Urbana;VIA TUSCOLANA;in prossimit�;;del civico n.;226;;Scontro laterale fra veicoli in marcia;Rettilineo;Una carreggiata a doppio senso;Asciutto;Asfaltata;Verticale ed orizzontale;Sereno;Intenso;Buona;;1;0;0;2;12.5237;41.8781;-1;2;Autovettura privata;In marcia / fermata / arresto;Passeggero;M;Illeso;0;;Non accertato;Inesploso
5400336;9;05/05/2021 15:45:00;Strada Urbana;VIA FOLIGNO;all'intersezione con;VIA VOGHERA;VIA VOGHERA;;;Scontro laterale fra veicoli in marcia;Intersezione stradale segnalata;Due carreggiate;Asciutto;Asfaltata;Verticale ed orizzontale;Sereno;Normale;Buona;;0;0;0;2;12.5187;41.885;-1;1;Autocarro inferiore 35 q.;In marcia / fermata / arresto;Conducente;M;Illeso;0;;Non accertato;Inesploso
5400336;9;05/05/2021 15:45:00;Strada Urbana;VIA FOLIGNO;all'intersezione con;VIA VOGHERA;VIA VOGHERA;;;Scontro laterale fra veicoli in marcia;Intersezione stradale segnalata;Due carreggiate;Asciutto;Asfaltata;Verticale ed orizzontale;Sereno;Normale;Buona;;0;0;0;2;12.5187;41.885;-1;2;Autovettura privata;In marcia / fermata / arresto;Conducente;F;Illeso;0;;Non accertato;Inesploso
5400362;13;05/05/2021 13:10:00;Strada Urbana;PIAZZA FRANCESCO CONTEDUCA;all'intersezione con;VIA GALLI DELLA MANTICA;VIA GALLI DELLA MANTICA;;;Veicolo in marcia contro veicolo fermo;Incrocio;Due carreggiate;Bagnato (pioggia);Asfaltata;Verticale ed orizzontale;Pioggia in atto;Normale;Buona;;0;0;0;2;12.2881;41.7357;-1;1;Autovettura privata;In marcia / fermata / arresto;Conducente;F;Illeso;0;;Non accertato;Inesploso
5400362;13;05/05/2021 13:10:00;Strada Urbana;PIAZZA FRANCESCO CONTEDUCA;all'intersezione con;VIA GALLI DELLA MANTICA;VIA GALLI DELLA MANTICA;;;Veicolo in marcia contro veicolo fermo;Incrocio;Due carreggiate;Bagnato (pioggia);Asfaltata;Verticale ed orizzontale;Pioggia in atto;Normale;Buona;;0;0;0;2;12.2881;41.7357;-1;2;Autobus di linea;In marcia / fermata / arresto;Conducente;M;Illeso;0;;;
5400404;12;05/05/2021 14:05:00;Strada Urbana;VIALE DI VAL FIORITA;all'intersezione con;VIA CESARE FRUGONI;VIA CESARE FRUGONI;;;Scontro laterale fra veicoli in marcia;Incrocio;Una carreggiata a doppio senso;Asciutto;Asfaltata;Verticale ed orizzontale;Sereno;Scarso;Buona;;0;0;0;2;12.4646;41.8398;-1;1;Autocarro inferiore 35 q.;In marcia / fermata / arresto;Conducente;M;Illeso;0;;;
5400404;12;05/05/2021 14:05:00;Strada Urbana;VIALE DI VAL FIORITA;all'intersezione con;VIA CESARE FRUGONI;VIA CESARE FRUGONI;;;Scontro laterale fra veicoli in marcia;Incrocio;Una carreggiata a doppio senso;Asciutto;Asfaltata;Verticale ed orizzontale;Sereno;Scarso;Buona;;0;0;0;2;12.4646;41.8398;-1;2;Autovettura privata;In marcia / fermata / arresto;Conducente;M;Illeso;0;;;
5400404;12;05/05/2021 14:05:00;Strada Urbana;VIALE DI VAL FIORITA;all'intersezione con;VIA CESARE FRUGONI;VIA CESARE FRUGONI;;;Scontro laterale fra veicoli in marcia;Incrocio;Una carreggiata a doppio senso;Asciutto;Asfaltata;Verticale ed orizzontale;Sereno;Scarso;Buona;;0;0;0;2;12.4646;41.8398;-1;3;Autovettura privata;Sosta;;;;;;;
5400404;12;05/05/2021 14:05:00;Strada Urbana;VIALE DI VAL FIORITA;all'intersezione con;VIA CESARE FRUGONI;VIA CESARE FRUGONI;;;Scontro laterale fra veicoli in marcia;Incrocio;Una carreggiata a doppio senso;Asciutto;Asfaltata;Verticale ed orizzontale;Sereno;Scarso;Buona;;0;0;0;2;12.4646;41.8398;-1;4;Autovettura privata;Sosta;;;;;;;
5400406;13;04/05/2021 16:45:00;Strada Urbana;VIA DELLE GONDOLE;all'intersezione con;VIA DEI VELIERI;VIA DEI VELIERI;;;Scontro frontale/laterale DX fra veicoli in marcia;Incrocio;Una carreggiata a doppio senso;Bagnato (pioggia);Asfaltata;Verticale ed orizzontale;Nuvoloso;Normale;Buona;;0;0;0;3;12.2766;41.7354;-1;1;Autovettura privata;In marcia / fermata / arresto;Conducente;M;Illeso;0;;Non accertato;Inesploso
5400406;13;04/05/2021 16:45:00;Strada Urbana;VIA DELLE GONDOLE;all'intersezione con;VIA DEI VELIERI;VIA DEI VELIERI;;;Scontro frontale/laterale DX fra veicoli in marcia;Incrocio;Una carreggiata a doppio senso;Bagnato (pioggia);Asfaltata;Verticale ed orizzontale;Nuvoloso;Normale;Buona;;0;0;0;3;12.2766;41.7354;-1;1;Autovettura privata;In marcia / fermata / arresto;Passeggero;F;Illeso;0;;Non accertato;Inesploso
5400406;13;04/05/2021 16:45:00;Strada Urbana;VIA DELLE GONDOLE;all'intersezione con;VIA DEI VELIERI;VIA DEI VELIERI;;;Scontro frontale/laterale DX fra veicoli in marcia;Incrocio;Una carreggiata a doppio senso;Bagnato (pioggia);Asfaltata;Verticale ed orizzontale;Nuvoloso;Normale;Buona;;0;0;0;3;12.2766;41.7354;-1;2;Autocarro inferiore 35 q.;In marcia / fermata / arresto;Conducente;F;Illeso;0;;Non accertato;Inesploso
5400432;12;05/05/2021 16:40:00;Strada Urbana;VIALE IGNAZIO SILONE;da specificare;;;;FRONTE CIV.105;Scontro laterale fra veicoli in marcia;Rettilineo;Due carreggiate;Asciutto;Asfaltata;Verticale ed orizzontale;Sereno;Normale;Buona;;0;0;0;2;12.4762;41.8135;-1;1;Autovettura privata;In marcia / fermata / arresto;Conducente;M;Illeso;0;;Utilizzato;Inesploso
5400432;12;05/05/2021 16:40:00;Strada Urbana;VIALE IGNAZIO SILONE;da specificare;;;;FRONTE CIV.105;Scontro laterale fra veicoli in marcia;Rettilineo;Due carreggiate;Asciutto;Asfaltata;Verticale ed orizzontale;Sereno;Normale;Buona;;0;0;0;2;12.4762;41.8135;-1;2;Autovettura privata;In marcia / fermata / arresto;Conducente;F;Illeso;0;;Utilizzato;Inesploso
5400438;13;04/05/2021 07:30:00;Strada Urbana;PIAZZALE AMERIGO VESPUCCI;da specificare;;;;altezza litoranea;Scontro frontale/laterale DX fra veicoli in marcia;Rettilineo;Una carreggiata a senso unico di marcia;Asciutto;Asfaltata;Verticale ed orizzontale;Sereno;Normale;Buona;;1;0;0;2;12.3194;41.7135;-1;1;Autovettura privata;In marcia / fermata / arresto;Conducente;F;Illeso;0;;;
5400438;13;04/05/2021 07:30:00;Strada Urbana;PIAZZALE AMERIGO VESPUCCI;da specificare;;;;altezza litoranea;Scontro frontale/laterale DX fra veicoli in marcia;Rettilineo;Una carreggiata a senso unico di marcia;Asciutto;Asfaltata;Verticale ed orizzontale;Sereno;Normale;Buona;;1;0;0;2;12.3194;41.7135;-1;1;Autovettura privata;In marcia / fermata / arresto;Passeggero;F;Illeso;0;;;
5400438;13;04/05/2021 07:30:00;Strada Urbana;PIAZZALE AMERIGO VESPUCCI;da specificare;;;;altezza litoranea;Scontro frontale/laterale DX fra veicoli in marcia;Rettilineo;Una carreggiata a senso unico di marcia;Asciutto;Asfaltata;Verticale ed orizzontale;Sereno;Normale;Buona;;1;0;0;2;12.3194;41.7135;-1;2;Velocipede;In marcia / fermata / arresto;Conducente;M;Rimandato;0;NON DECEDUTO;Esente;
5400532;13;04/05/2021 10:00:00;Strada Urbana;VIA ANDREA CATRANI;all'intersezione con;VIA CAMILLO DA ALBINO;VIA CAMILLO DA ALBINO;;;Scontro frontale/laterale DX fra veicoli in marcia;Incrocio;Una carreggiata a doppio senso;Asciutto;Asfaltata;Verticale ed orizzontale;Sereno;Normale;Sufficiente;;0;0;0;2;12.3529;41.784;-1;1;Autovettura privata;In marcia / fermata / arresto;Conducente;M;Illeso;0;;;
5400532;13;04/05/2021 10:00:00;Strada Urbana;VIA ANDREA CATRANI;all'intersezione con;VIA CAMILLO DA ALBINO;VIA CAMILLO DA ALBINO;;;Scontro frontale/laterale DX fra veicoli in marcia;Incrocio;Una carreggiata a doppio senso;Asciutto;Asfaltata;Verticale ed orizzontale;Sereno;Normale;Sufficiente;;0;0;0;2;12.3529;41.784;-1;2;Autovettura privata;In marcia / fermata / arresto;Conducente;M;Illeso;0;;;
5400542;13;04/05/2021 21:30:00;Strada Urbana;VIA LIDO DI CASTEL PORZIANO;in corrispondenza;;del civico n.;125;;Veicolo in marcia contro ostacolo accidentale;Rettilineo;Una carreggiata a doppio senso;Bagnato (umidit� in atto);Asfaltata;Verticale ed orizzontale;Nuvoloso;Scarso;Insufficiente;;0;0;0;1;12.349;41.7196;-1;1;Autovettura privata;In marcia / fermata / arresto;Conducente;M;Illeso;0;;Non accertato;Inesploso
5400620;7;05/05/2021 21:30:00;Strada Urbana;VIALE PALMIRO TOGLIATTI;all'intersezione con;VIA PAPIRIA;VIA PAPIRIA;;;Tamponamento;Intersezione semaforizzata;Due carreggiate;Asciutto;Asfaltata;Verticale ed orizzontale;Sereno;Scarso;Buona;;0;0;0;2;12.5688;41.8624;-1;1;Autovettura privata;In marcia / fermata / arresto;Conducente;M;Illeso;0;;Non accertato;Inesploso
5400620;7;05/05/2021 21:30:00;Strada Urbana;VIALE PALMIRO TOGLIATTI;all'intersezione con;VIA PAPIRIA;VIA PAPIRIA;;;Tamponamento;Intersezione semaforizzata;Due carreggiate;Asciutto;Asfaltata;Verticale ed orizzontale;Sereno;Scarso;Buona;;0;0;0;2;12.5688;41.8624;-1;2;Autovettura privata;In marcia / fermata / arresto;Conducente;M;Illeso;0;;Non accertato;Inesploso
5400673;8;06/05/2021 01:10:00;Provinciale entro l'abitato;VIA PRENESTINA NUOVA;all'intersezione semaforizzata con;VIA DI ROCCA CENCIA;VIA DI ROCCA CENCIA;;;Scontro frontale/laterale DX fra veicoli in marcia;Intersezione semaforizzata;Una carreggiata a doppio senso;Asciutto;Asfaltata;Verticale ed orizzontale;Sereno;Scarso;Sufficiente;;1;0;0;0;12.7111;41.8855;0;1;Autovettura privata;In marcia / fermata / arresto;;;;;;;
5400673;8;06/05/2021 01:10:00;Provinciale entro l'abitato;VIA PRENESTINA NUOVA;all'intersezione semaforizzata con;VIA DI ROCCA CENCIA;VIA DI ROCCA CENCIA;;;Scontro frontale/laterale DX fra veicoli in marcia;Intersezione semaforizzata;Una carreggiata a doppio senso;Asciutto;Asfaltata;Verticale ed orizzontale;Sereno;Scarso;Sufficiente;;1;0;0;0;12.7111;41.8855;0;2;Autovettura privata;In marcia / fermata / arresto;Conducente;F;Rimandato;0;NON DECEDUTO;Non accertato;Inesploso
5400808;1;05/05/2021 15:35:00;Strada Urbana;LUNGOTEVERE DE' CENCI;in corrispondenza;;del palo luce n.;3;;Infortunio per sola frenata improvvisa;Rettilineo;Una carreggiata a senso unico di marcia;Asciutto;Asfaltata;Verticale ed orizzontale;Sereno;Normale;Buona;;1;0;0;1;12.4758;41.8919;0;1;Motociclo a solo;In marcia / fermata / arresto;Conducente;M;Rifiuta cure immediate;0;NON DECEDUTO;Non accertato;
5400808;1;05/05/2021 15:35:00;Strada Urbana;LUNGOTEVERE DE' CENCI;in corrispondenza;;del palo luce n.;3;;Infortunio per sola frenata improvvisa;Rettilineo;Una carreggiata a senso unico di marcia;Asciutto;Asfaltata;Verticale ed orizzontale;Sereno;Normale;Buona;;1;0;0;1;12.4758;41.8919;0;2;Autovettura privata;In marcia / fermata / arresto;Conducente;M;Illeso;0;;Non accertato;Inesploso
5400811;8;05/05/2021 08:10:00;Strada Urbana;VIA CASILINA;all'intersezione con;VIA SILICELLA;VIA SILICELLA;;;Scontro laterale fra veicoli in marcia;Incrocio;Due carreggiate;Asciutto;Asfaltata;Orizzontale;Sereno;Intenso;Buona;;0;0;0;5;12.6212;41.8626;-1;1;Autoarticolato;In marcia / fermata / arresto;Conducente;M;Illeso;0;;;
5400811;8;05/05/2021 08:10:00;Strada Urbana;VIA CASILINA;all'intersezione con;VIA SILICELLA;VIA SILICELLA;;;Scontro laterale fra veicoli in marcia;Incrocio;Due carreggiate;Asciutto;Asfaltata;Orizzontale;Sereno;Intenso;Buona;;0;0;0;5;12.6212;41.8626;-1;2;Autovettura privata;In marcia / fermata / arresto;Conducente;M;Illeso;0;;;
5400811;8;05/05/2021 08:10:00;Strada Urbana;VIA CASILINA;all'intersezione con;VIA SILICELLA;VIA SILICELLA;;;Scontro laterale fra veicoli in marcia;Incrocio;Due carreggiate;Asciutto;Asfaltata;Orizzontale;Sereno;Intenso;Buona;;0;0;0;5;12.6212;41.8626;-1;2;Autovettura privata;In marcia / fermata / arresto;Passeggero;F;Illeso;0;;;
5400811;8;05/05/2021 08:10:00;Strada Urbana;VIA CASILINA;all'intersezione con;VIA SILICELLA;VIA SILICELLA;;;Scontro laterale fra veicoli in marcia;Incrocio;Due carreggiate;Asciutto;Asfaltata;Orizzontale;Sereno;Intenso;Buona;;0;0;0;5;12.6212;41.8626;-1;3;Autovettura privata;In marcia / fermata / arresto;Conducente;M;Illeso;0;;;
5400811;8;05/05/2021 08:10:00;Strada Urbana;VIA CASILINA;all'intersezione con;VIA SILICELLA;VIA SILICELLA;;;Scontro laterale fra veicoli in marcia;Incrocio;Due carreggiate;Asciutto;Asfaltata;Orizzontale;Sereno;Intenso;Buona;;0;0;0;5;12.6212;41.8626;-1;3;Autovettura privata;In marcia / fermata / arresto;Passeggero;M;Illeso;0;;;
5400819;8;05/05/2021 12:15:00;Strada Urbana;VIA MATTE' TRUCCO;in prossimit�;;del civico n.;90;;Scontro frontale fra veicoli in marcia;Rettilineo;Una carreggiata a senso unico di marcia;Asciutto;Asfaltata;Assente;Sereno;Normale;Buona;;0;0;0;4;12.6586;41.903;-1;1;Autovettura privata;In marcia / fermata / arresto;Conducente;F;Illeso;0;;;
5400819;8;05/05/2021 12:15:00;Strada Urbana;VIA MATTE' TRUCCO;in prossimit�;;del civico n.;90;;Scontro frontale fra veicoli in marcia;Rettilineo;Una carreggiata a senso unico di marcia;Asciutto;Asfaltata;Assente;Sereno;Normale;Buona;;0;0;0;4;12.6586;41.903;-1;1;Autovettura privata;In marcia / fermata / arresto;Passeggero;M;Illeso;0;;;
5400819;8;05/05/2021 12:15:00;Strada Urbana;VIA MATTE' TRUCCO;in prossimit�;;del civico n.;90;;Scontro frontale fra veicoli in marcia;Rettilineo;Una carreggiata a senso unico di marcia;Asciutto;Asfaltata;Assente;Sereno;Normale;Buona;;0;0;0;4;12.6586;41.903;-1;2;Autovettura privata;In marcia / fermata / arresto;Conducente;M;Illeso;0;;;
5400819;8;05/05/2021 12:15:00;Strada Urbana;VIA MATTE' TRUCCO;in prossimit�;;del civico n.;90;;Scontro frontale fra veicoli in marcia;Rettilineo;Una carreggiata a senso unico di marcia;Asciutto;Asfaltata;Assente;Sereno;Normale;Buona;;0;0;0;4;12.6586;41.903;-1;2;Autovettura privata;In marcia / fermata / arresto;Passeggero;F;Illeso;0;;;
5400822;6;05/05/2021 13:00:00;Strada Urbana;VIA TOR DE' SCHIAVI;in prossimit�;;del civico n.;296;;Scontro frontale/laterale DX fra veicoli in marcia;Rettilineo;Una carreggiata a senso unico di marcia;Asciutto;Asfaltata;Verticale ed orizzontale;Sereno;Scarso;Buona;;1;0;0;1;12.5613;41.8893;-1;1;Autovettura privata;In marcia / fermata / arresto;Conducente;M;Illeso;0;;Non accertato;Inesploso
5400822;6;05/05/2021 13:00:00;Strada Urbana;VIA TOR DE' SCHIAVI;in prossimit�;;del civico n.;296;;Scontro frontale/laterale DX fra veicoli in marcia;Rettilineo;Una carreggiata a senso unico di marcia;Asciutto;Asfaltata;Verticale ed orizzontale;Sereno;Scarso;Buona;;1;0;0;1;12.5613;41.8893;-1;2;Motociclo a solo;In marcia / fermata / arresto;Conducente;M;Rifiuta cure immediate;0;NON DECEDUTO;Non accertato;
5400827;8;05/05/2021 09:05:00;Strada Urbana;VIA DEL PONTE DI NONA;in prossimit�;;del palo luce n.;3;;Tamponamento;Rettilineo;Una carreggiata a doppio senso;Asciutto;Asfaltata;Verticale ed orizzontale;Sereno;Normale;Buona;;2;0;0;1;12.4692;41.9015;-1;1;Autovettura privata;In marcia / fermata / arresto;Conducente;F;Illeso;0;;Non accertato;Inesploso
5400827;8;05/05/2021 09:05:00;Strada Urbana;VIA DEL PONTE DI NONA;in prossimit�;;del palo luce n.;3;;Tamponamento;Rettilineo;Una carreggiata a doppio senso;Asciutto;Asfaltata;Verticale ed orizzontale;Sereno;Normale;Buona;;2;0;0;1;12.4692;41.9015;-1;2;Autovettura privata;In marcia / fermata / arresto;Conducente;F;Rifiuta cure immediate;0;NON DECEDUTO;Non accertato;Inesploso
5400827;8;05/05/2021 09:05:00;Strada Urbana;VIA DEL PONTE DI NONA;in prossimit�;;del palo luce n.;3;;Tamponamento;Rettilineo;Una carreggiata a doppio senso;Asciutto;Asfaltata;Verticale ed orizzontale;Sereno;Normale;Buona;;2;0;0;1;12.4692;41.9015;-1;2;Autovettura privata;In marcia / fermata / arresto;Passeggero;F;Rifiuta cure immediate;0;NON DECEDUTO;Non accertato;Inesploso
5400831;20;05/05/2021 19:40:00;Strada Urbana;VIA CASSIA;in prossimit�;;del civico n.;1198;;Investimento di pedone;Rettilineo;Una carreggiata a doppio senso;Asciutto;Asfaltata;Orizzontale;Sereno;Normale;Buona;;1;0;0;1;12.4143;41.9827;-1;;;;Pedone;F;Rimandato;0;NON DECEDUTO;;
5400831;20;05/05/2021 19:40:00;Strada Urbana;VIA CASSIA;in prossimit�;;del civico n.;1198;;Investimento di pedone;Rettilineo;Una carreggiata a doppio senso;Asciutto;Asfaltata;Orizzontale;Sereno;Normale;Buona;;1;0;0;1;12.4143;41.9827;-1;1;Motociclo a solo;In marcia / fermata / arresto;Conducente;M;Illeso;0;;Non accertato;
5400833;8;05/05/2021 10:00:00;Strada Urbana;VIA CASILINA;in prossimit�;;del civico n.;11665-1669;;Scontro laterale fra veicoli in marcia;Rettilineo;Una carreggiata a doppio senso;Asciutto;Asfaltata;Verticale ed orizzontale;Sereno;Normale;Buona;;0;0;0;4;13.3123;41.6603;-1;1;Autovettura privata;In marcia / fermata / arresto;Conducente;M;Illeso;0;;Non accertato;Inesploso
5400833;8;05/05/2021 10:00:00;Strada Urbana;VIA CASILINA;in prossimit�;;del civico n.;11665-1669;;Scontro laterale fra veicoli in marcia;Rettilineo;Una carreggiata a doppio senso;Asciutto;Asfaltata;Verticale ed orizzontale;Sereno;Normale;Buona;;0;0;0;4;13.3123;41.6603;-1;2;Autovettura privata;In marcia / fermata / arresto;Conducente;F;Illeso;0;;Non accertato;Inesploso
5400833;8;05/05/2021 10:00:00;Strada Urbana;VIA CASILINA;in prossimit�;;del civico n.;11665-1669;;Scontro laterale fra veicoli in marcia;Rettilineo;Una carreggiata a doppio senso;Asciutto;Asfaltata;Verticale ed orizzontale;Sereno;Normale;Buona;;0;0;0;4;13.3123;41.6603;-1;2;Autovettura privata;In marcia / fermata / arresto;Passeggero;F;Illeso;0;;Non accertato;Inesploso
5400833;8;05/05/2021 10:00:00;Strada Urbana;VIA CASILINA;in prossimit�;;del civico n.;11665-1669;;Scontro laterale fra veicoli in marcia;Rettilineo;Una carreggiata a doppio senso;Asciutto;Asfaltata;Verticale ed orizzontale;Sereno;Normale;Buona;;0;0;0;4;13.3123;41.6603;-1;2;Autovettura privata;In marcia / fermata / arresto;Passeggero;M;Illeso;0;;Non accertato;Inesploso
5400842;8;05/05/2021 13:25:00;Strada Urbana;VIA ALFONSO ALBERGHETTI;all'intersezione con;VIA DOMENICO BECCAFUMI;VIA DOMENICO BECCAFUMI;;;Scontro frontale/laterale SX fra veicoli in marcia;Incrocio;Una carreggiata a senso unico di marcia;Asciutto;Asfaltata;Verticale;Sereno;Normale;Buona;;0;0;0;2;12.6245;41.8674;-1;1;Autovettura privata;In marcia / fermata / arresto;Conducente;F;Illeso;0;;;
5400842;8;05/05/2021 13:25:00;Strada Urbana;VIA ALFONSO ALBERGHETTI;all'intersezione con;VIA DOMENICO BECCAFUMI;VIA DOMENICO BECCAFUMI;;;Scontro frontale/laterale SX fra veicoli in marcia;Incrocio;Una carreggiata a senso unico di marcia;Asciutto;Asfaltata;Verticale;Sereno;Normale;Buona;;0;0;0;2;12.6245;41.8674;-1;2;Autovettura privata;In marcia / fermata / arresto;Conducente;M;Illeso;0;;;
5400845;8;05/05/2021 13:38:00;Strada Urbana;VIA ACQUARONI;in corrispondenza;;del civico n.;103;;Investimento di pedone;Rettilineo;Una carreggiata a doppio senso;Asciutto;Asfaltata;Verticale ed orizzontale;Sereno;Normale;Buona;;1;0;0;2;12.6457;41.8646;-1;;;;Pedone;F;Ricoverato;0;NON DECEDUTO;;
5400845;8;05/05/2021 13:38:00;Strada Urbana;VIA ACQUARONI;in corrispondenza;;del civico n.;103;;Investimento di pedone;Rettilineo;Una carreggiata a doppio senso;Asciutto;Asfaltata;Verticale ed orizzontale;Sereno;Normale;Buona;;1;0;0;2;12.6457;41.8646;-1;1;Autovettura privata;In marcia / fermata / arresto;Conducente;M;Illeso;0;;;
5400845;8;05/05/2021 13:38:00;Strada Urbana;VIA ACQUARONI;in corrispondenza;;del civico n.;103;;Investimento di pedone;Rettilineo;Una carreggiata a doppio senso;Asciutto;Asfaltata;Verticale ed orizzontale;Sereno;Normale;Buona;;1;0;0;2;12.6457;41.8646;-1;1;Autovettura privata;In marcia / fermata / arresto;Passeggero;F;Illeso;0;;;
5400847;20;05/05/2021 14:45:00;Strada Urbana;VIALE DI TOR DI QUINTO;da specificare;;;;fronte civico 39;Tamponamento Multiplo;Rettilineo;Una carreggiata a doppio senso;Asciutto;Asfaltata;Verticale ed orizzontale;Sereno;Normale;Buona;;3;0;0;4;12.4785;41.9447;-1;1;Autovettura privata;In marcia / fermata / arresto;Conducente;M;Illeso;0;;Non accertato;
5400847;20;05/05/2021 14:45:00;Strada Urbana;VIALE DI TOR DI QUINTO;da specificare;;;;fronte civico 39;Tamponamento Multiplo;Rettilineo;Una carreggiata a doppio senso;Asciutto;Asfaltata;Verticale ed orizzontale;Sereno;Normale;Buona;;3;0;0;4;12.4785;41.9447;-1;1;Autovettura privata;In marcia / fermata / arresto;Passeggero;M;Illeso;0;;Non accertato;
5400847;20;05/05/2021 14:45:00;Strada Urbana;VIALE DI TOR DI QUINTO;da specificare;;;;fronte civico 39;Tamponamento Multiplo;Rettilineo;Una carreggiata a doppio senso;Asciutto;Asfaltata;Verticale ed orizzontale;Sereno;Normale;Buona;;3;0;0;4;12.4785;41.9447;-1;2;Autovettura privata;In marcia / fermata / arresto;Conducente;M;Illeso;0;;Non accertato;
5400847;20;05/05/2021 14:45:00;Strada Urbana;VIALE DI TOR DI QUINTO;da specificare;;;;fronte civico 39;Tamponamento Multiplo;Rettilineo;Una carreggiata a doppio senso;Asciutto;Asfaltata;Verticale ed orizzontale;Sereno;Normale;Buona;;3;0;0;4;12.4785;41.9447;-1;3;Autovettura privata;In marcia / fermata / arresto;Conducente;M;Illeso;0;;Non accertato;
5400847;20;05/05/2021 14:45:00;Strada Urbana;VIALE DI TOR DI QUINTO;da specificare;;;;fronte civico 39;Tamponamento Multiplo;Rettilineo;Una carreggiata a doppio senso;Asciutto;Asfaltata;Verticale ed orizzontale;Sereno;Normale;Buona;;3;0;0;4;12.4785;41.9447;-1;4;Autovettura privata;In marcia / fermata / arresto;Conducente;M;Rimandato;0;NON DECEDUTO;Non accertato;