Protocollo;Gruppo;DataOraIncidente;Localizzazione1;STRADA1;Localizzazione2;STRADA2;Strada02;Chilometrica;DaSpecificare;NaturaIncidente;particolaritastrade;TipoStrada;FondoStradale;Pavimentazione;Segnaletica;CondizioneAtmosferica;Traffico;Visibilita;Illuminazione;NUM_FERITI;NUM_RISERVATA;NUM_MORTI;NUM_ILLESI;Longitudine;Latitudine;Confermato;Progressivo;TipoVeicolo;StatoVeicolo;TipoPersona;Sesso;Tipolesione;Deceduto;DecedutoDopo;CinturaCascoUtilizzato;Airbag;
5406600;10;08/05/2021 19:30:00;Strada Urbana;VIA OPPIDO MAMERTINA;all'intersezione con;VIA SIDERNO;VIA SIDERNO;;;Scontro frontale/laterale DX fra veicoli in marcia;Incrocio;Una carreggiata a senso unico di marcia;Asciutto;Asfaltata;Verticale ed orizzontale;Sereno;Scarso;Buona;;0;0;0;4;12.5547;41.8356;-1;2;Autovettura privata;In marcia / fermata / arresto;Conducente;M;Illeso;0;;Non accertato;Inesploso
5406600;10;08/05/2021 19:30:00;Strada Urbana;VIA OPPIDO MAMERTINA;all'intersezione con;VIA SIDERNO;VIA SIDERNO;;;Scontro frontale/laterale DX fra veicoli in marcia;Incrocio;Una carreggiata a senso unico di marcia;Asciutto;Asfaltata;Verticale ed orizzontale;Sereno;Scarso;Buona;;0;0;0;4;12.5547;41.8356;-1;2;Autovettura privata;In marcia / fermata / arresto;Passeggero;F;Illeso;0;;Non accertato;Inesploso
5406601;9;09/05/2021 13:00:00;Strada Urbana;PIAZZA DELL'ALBERONE;all'intersezione semaforizzata con;VIA VETURIA;VIA VETURIA;;;Scontro laterale fra veicoli in marcia;Intersezione semaforizzata;Una carreggiata a doppio senso;Asciutto;Asfaltata;Verticale ed orizzontale;Sereno;Normale;Buona;;1;0;0;2;12.5216;41.8761;-1;1;Autocarro inferiore 35 q.;In marcia / fermata / arresto;Conducente;M;Illeso;0;;Non accertato;Inesploso
5406601;9;09/05/2021 13:00:00;Strada Urbana;PIAZZA DELL'ALBERONE;all'intersezione semaforizzata con;VIA VETURIA;VIA VETURIA;;;Scontro laterale fra veicoli in marcia;Intersezione semaforizzata;Una carreggiata a doppio senso;Asciutto;Asfaltata;Verticale ed orizzontale;Sereno;Normale;Buona;;1;0;0;2;12.5216;41.8761;-1;1;Autocarro inferiore 35 q.;In marcia / fermata / arresto;Passeggero;M;Illeso;0;;Non accertato;Inesploso
5406601;9;09/05/2021 13:00:00;Strada Urbana;PIAZZA DELL'ALBERONE;all'intersezione semaforizzata con;VIA VETURIA;VIA VETURIA;;;Scontro laterale fra veicoli in marcia;Intersezione semaforizzata;Una carreggiata a doppio senso;Asciutto;Asfaltata;Verticale ed orizzontale;Sereno;Normale;Buona;;1;0;0;2;12.5216;41.8761;-1;2;Motociclo a solo;In marcia / fermata / arresto;Conducente;F;Rimandato;0;NON DECEDUTO;Non accertato;
5406602;18;09/05/2021 17:15:00;Strada Urbana;VIA DI BOCCEA;in prossimit�;;del civico n.;299;;Tamponamento Multiplo;Rettilineo;Una carreggiata a doppio senso;Asciutto;Asfaltata;Verticale ed orizzontale;Sereno;Normale;Buona;;0;0;0;7;12.4143;41.9031;-1;1;Autovettura pubblica;In marcia / fermata / arresto;Conducente;M;Illeso;0;;;
5406602;18;09/05/2021 17:15:00;Strada Urbana;VIA DI BOCCEA;in prossimit�;;del civico n.;299;;Tamponamento Multiplo;Rettilineo;Una carreggiata a doppio senso;Asciutto;Asfaltata;Verticale ed orizzontale;Sereno;Normale;Buona;;0;0;0;7;12.4143;41.9031;-1;1;Autovettura pubblica;In marcia / fermata / arresto;Passeggero;F;Illeso;0;;;
5406602;18;09/05/2021 17:15:00;Strada Urbana;VIA DI BOCCEA;in prossimit�;;del civico n.;299;;Tamponamento Multiplo;Rettilineo;Una carreggiata a doppio senso;Asciutto;Asfaltata;Verticale ed orizzontale;Sereno;Normale;Buona;;0;0;0;7;12.4143;41.9031;-1;1;Autovettura pubblica;In marcia / fermata / arresto;Passeggero;M;Illeso;0;;;
5406602;18;09/05/2021 17:15:00;Strada Urbana;VIA DI BOCCEA;in prossimit�;;del civico n.;299;;Tamponamento Multiplo;Rettilineo;Una carreggiata a doppio senso;Asciutto;Asfaltata;Verticale ed orizzontale;Sereno;Normale;Buona;;0;0;0;7;12.4143;41.9031;-1;2;Autovettura privata;In marcia / fermata / arresto;Conducente;F;Illeso;0;;;
5406602;18;09/05/2021 17:15:00;Strada Urbana;VIA DI BOCCEA;in prossimit�;;del civico n.;299;;Tamponamento Multiplo;Rettilineo;Una carreggiata a doppio senso;Asciutto;Asfaltata;Verticale ed orizzontale;Sereno;Normale;Buona;;0;0;0;7;12.4143;41.9031;-1;2;Autovettura privata;In marcia / fermata / arresto;Passeggero;M;Illeso;0;;;
5406602;18;09/05/2021 17:15:00;Strada Urbana;VIA DI BOCCEA;in prossimit�;;del civico n.;299;;Tamponamento Multiplo;Rettilineo;Una carreggiata a doppio senso;Asciutto;Asfaltata;Verticale ed orizzontale;Sereno;Normale;Buona;;0;0;0;7;12.4143;41.9031;-1;3;Autovettura privata;In marcia / fermata / arresto;Conducente;M;Illeso;0;;;
5406602;18;09/05/2021 17:15:00;Strada Urbana;VIA DI BOCCEA;in prossimit�;;del civico n.;299;;Tamponamento Multiplo;Rettilineo;Una carreggiata a doppio senso;Asciutto;Asfaltata;Verticale ed orizzontale;Sereno;Normale;Buona;;0;0;0;7;12.4143;41.9031;-1;3;Autovettura privata;In marcia / fermata / arresto;Passeggero;M;Illeso;0;;;
5406605;7;08/05/2021 21:20:00;Strada Urbana;VIALE PALMIRO TOGLIATTI;da specificare;;;;palo acea 112;Tamponamento;Rettilineo;Due carreggiate;Asciutto;Asfaltata;Verticale ed orizzontale;Sereno;Normale;Sufficiente;;0;0;0;1;12.5679;41.8665;-1;1;Velocipede;In marcia / fermata / arresto;Conducente;F;Illeso;0;;Esente;
5406605;7;08/05/2021 21:20:00;Strada Urbana;VIALE PALMIRO TOGLIATTI;da specificare;;;;palo acea 112;Tamponamento;Rettilineo;Due carreggiate;Asciutto;Asfaltata;Verticale ed orizzontale;Sereno;Normale;Sufficiente;;0;0;0;1;12.5679;41.8665;-1;2;Autovettura privata;Allontanatosi;;;;;;;
5406606;7;07/05/2021 22:40:00;Strada Urbana;VIA CASILINA;in corrispondenza;;del civico n.;378;;Scontro frontale/laterale DX fra veicoli in marcia;Rettilineo;Una carreggiata a doppio senso;Asciutto;Asfaltata;Verticale ed orizzontale;Sereno;Intenso;Buona;;0;0;0;5;12.5415;41.8803;-1;1;Autovettura privata;In marcia / fermata / arresto;Conducente;F;Illeso;0;;Non accertato;Inesploso
5406606;7;07/05/2021 22:40:00;Strada Urbana;VIA CASILINA;in corrispondenza;;del civico n.;378;;Scontro frontale/laterale DX fra veicoli in marcia;Rettilineo;Una carreggiata a doppio senso;Asciutto;Asfaltata;Verticale ed orizzontale;Sereno;Intenso;Buona;;0;0;0;5;12.5415;41.8803;-1;1;Autovettura privata;In marcia / fermata / arresto;Passeggero;M;Illeso;0;;Non accertato;Inesploso
5406606;7;07/05/2021 22:40:00;Strada Urbana;VIA CASILINA;in corrispondenza;;del civico n.;378;;Scontro frontale/laterale DX fra veicoli in marcia;Rettilineo;Una carreggiata a doppio senso;Asciutto;Asfaltata;Verticale ed orizzontale;Sereno;Intenso;Buona;;0;0;0;5;12.5415;41.8803;-1;2;Autovettura privata;In marcia / fermata / arresto;Conducente;F;Illeso;0;;Non accertato;Inesploso
5406606;7;07/05/2021 22:40:00;Strada Urbana;VIA CASILINA;in corrispondenza;;del civico n.;378;;Scontro frontale/laterale DX fra veicoli in marcia;Rettilineo;Una carreggiata a doppio senso;Asciutto;Asfaltata;Verticale ed orizzontale;Sereno;Intenso;Buona;;0;0;0;5;12.5415;41.8803;-1;2;Autovettura privata;In marcia / fermata / arresto;Passeggero;M;Illeso;0;;Non accertato;Inesploso
5406606;7;07/05/2021 22:40:00;Strada Urbana;VIA CASILINA;in corrispondenza;;del civico n.;378;;Scontro frontale/laterale DX fra veicoli in marcia;Rettilineo;Una carreggiata a doppio senso;Asciutto;Asfaltata;Verticale ed orizzontale;Sereno;Intenso;Buona;;0;0;0;5;12.5415;41.8803;-1;2;Autovettura privata;In marcia / fermata / arresto;Passeggero;F;Illeso;0;;Non accertato;Inesploso
5406617;20;09/05/2021 14:05:00;Provinciale;VIA TIBERINA;in corrispondenza;;della chilometrica;7;;Veicolo in marcia contro veicolo fermo;Rettilineo;Una carreggiata a doppio senso;Asciutto;Asfaltata;Verticale ed orizzontale;Sereno;Normale;Buona;;0;0;1;1;12.5051;42.0265;-1;1;Autovettura privata;In marcia / fermata / arresto;Conducente;M;Illeso;0;;Non accertato;Inesploso
5406617;20;09/05/2021 14:05:00;Provinciale;VIA TIBERINA;in corrispondenza;;della chilometrica;7;;Veicolo in marcia contro veicolo fermo;Rettilineo;Una carreggiata a doppio senso;Asciutto;Asfaltata;Verticale ed orizzontale;Sereno;Normale;Buona;;0;0;1;1;12.5051;42.0265;-1;2;Motociclo a solo;In marcia / fermata / arresto;Conducente;M;Deceduto sul posto;-1;;Non accertato;
5406619;20;07/05/2021 10:15:00;Regionale;VIA CASSIA;all'intersezione con;VIA GIACOMO ANDREASSI;VIA GIACOMO ANDREASSI;;;Scontro frontale/laterale DX fra veicoli in marcia;Incrocio;Una carreggiata a doppio senso;Asciutto;Asfaltata;Verticale ed orizzontale;Sereno;Normale;Buona;;1;0;0;1;12.391;41.9981;-1;1;Autovettura privata;In marcia / fermata / arresto;Conducente;F;Illeso;0;;;
5406619;20;07/05/2021 10:15:00;Regionale;VIA CASSIA;all'intersezione con;VIA GIACOMO ANDREASSI;VIA GIACOMO ANDREASSI;;;Scontro frontale/laterale DX fra veicoli in marcia;Incrocio;Una carreggiata a doppio senso;Asciutto;Asfaltata;Verticale ed orizzontale;Sereno;Normale;Buona;;1;0;0;1;12.391;41.9981;-1;2;Motociclo a solo;In marcia / fermata / arresto;Conducente;M;Rimandato;0;NON DECEDUTO;;
5406622;6;08/05/2021 15:30:00;Strada Urbana;VIA DI ACQUA BULLICANTE;da specificare;;;;civ. 22  interno rampa Pronto Soccorso;Investimento di pedone;Rettilineo;Una carreggiata a doppio senso;Asciutto;Asfaltata;Verticale ed orizzontale;Sereno;Normale;Buona;;1;0;0;1;12.5433;41.8816;-1;;;;Pedone;F;Rimandato;0;NON DECEDUTO;;
5406622;6;08/05/2021 15:30:00;Strada Urbana;VIA DI ACQUA BULLICANTE;da specificare;;;;civ. 22  interno rampa Pronto Soccorso;Investimento di pedone;Rettilineo;Una carreggiata a doppio senso;Asciutto;Asfaltata;Verticale ed orizzontale;Sereno;Normale;Buona;;1;0;0;1;12.5433;41.8816;-1;1;Autoambulanza;In marcia / fermata / arresto;Conducente;M;Illeso;0;;;
5406625;20;07/05/2021 07:00:00;Strada Urbana;VIA DI QUARTO PEPERINO;da specificare;;;;pross. Via Flaminia dir. Via C. Angela;Veicolo in marcia contro ostacolo accidentale;Curva senza visuale libera;Una carreggiata a doppio senso;Asciutto;Asfaltata;Orizzontale;Sereno;Scarso;Buona;;0;0;0;1;12.4878;41.9794;-1;1;Autobus in extraurbana;In marcia / fermata / arresto;Conducente;M;Illeso;0;;;
5406627;19;07/05/2021 16:30:00;Strada Urbana;VIA TRIONFALE;in corrispondenza;;del civico n.;8733;;Scontro laterale fra veicoli in marcia;Rettilineo;Due carreggiate;Asciutto;Asfaltata;Verticale ed orizzontale;Sereno;Intenso;Buona;;0;0;0;2;12.4232;41.9404;-1;1;Autovettura privata;In marcia / fermata / arresto;Conducente;M;Illeso;0;;Non accertato;
5406627;19;07/05/2021 16:30:00;Strada Urbana;VIA TRIONFALE;in corrispondenza;;del civico n.;8733;;Scontro laterale fra veicoli in marcia;Rettilineo;Due carreggiate;Asciutto;Asfaltata;Verticale ed orizzontale;Sereno;Intenso;Buona;;0;0;0;2;12.4232;41.9404;-1;2;Autocarro inferiore 35 q.;In marcia / fermata / arresto;Conducente;M;Illeso;0;;;
5406628;10;09/05/2021 20:45:00;Strada Urbana;VIA ERODE ATTICO;da specificare;;;;pross palo acea 7;Veicolo in marcia contro ostacolo fisso;Rettilineo;Una carreggiata a doppio senso;Asciutto;Asfaltata;Verticale ed orizzontale;Sereno;Scarso;Sufficiente;;0;0;0;1;12.5427;41.8368;-1;1;Autovettura privata;In marcia / fermata / arresto;Conducente;M;Illeso;0;;Non accertato;Inesploso
5406629;19;07/05/2021 19:10:00;Strada Urbana;VIA MAFFEO VEGIO;all'intersezione con;VIA PIETRO PAOLO VERGERIO;VIA PIETRO PAOLO VERGERIO;;;Investimento di pedone;Intersezione non regolata/non segnalata;Una carreggiata a doppio senso;Asciutto;Asfaltata;Verticale ed orizzontale;Sereno;Normale;Buona;;0;0;0;2;12.4271;41.9456;-1;;;;Pedone;F;Illeso;0;;;
5406629;19;07/05/2021 19:10:00;Strada Urbana;VIA MAFFEO VEGIO;all'intersezione con;VIA PIETRO PAOLO VERGERIO;VIA PIETRO PAOLO VERGERIO;;;Investimento di pedone;Intersezione non regolata/non segnalata;Una carreggiata a doppio senso;Asciutto;Asfaltata;Verticale ed orizzontale;Sereno;Normale;Buona;;0;0;0;2;12.4271;41.9456;-1;1;Ciclomotore;In marcia / fermata / arresto;Conducente;M;Illeso;0;;Non accertato;
5406630;7;08/05/2021 12:50:00;Strada Urbana;VIALE PALMIRO TOGLIATTI;in prossimit�;;del civico n.;675;;Scontro frontale/laterale DX fra veicoli in marcia;Rettilineo;Due carreggiate;Asciutto;Asfaltata;Orizzontale;Sereno;Normale;Buona;;2;0;0;1;12.5727;41.8802;-1;1;Motociclo a solo;In marcia / fermata / arresto;Conducente;M;Illeso;0;;Non accertato;
5406630;7;08/05/2021 12:50:00;Strada Urbana;VIALE PALMIRO TOGLIATTI;in prossimit�;;del civico n.;675;;Scontro frontale/laterale DX fra veicoli in marcia;Rettilineo;Due carreggiate;Asciutto;Asfaltata;Orizzontale;Sereno;Normale;Buona;;2;0;0;1;12.5727;41.8802;-1;1;Motociclo a solo;In marcia / fermata / arresto;Passeggero;M;Rimandato;0;NON DECEDUTO;Non accertato;
5406630;7;08/05/2021 12:50:00;Strada Urbana;VIALE PALMIRO TOGLIATTI;in prossimit�;;del civico n.;675;;Scontro frontale/laterale DX fra veicoli in marcia;Rettilineo;Due carreggiate;Asciutto;Asfaltata;Orizzontale;Sereno;Normale;Buona;;2;0;0;1;12.5727;41.8802;-1;2;Motociclo a solo;In marcia / fermata / arresto;Conducente;M;Rimandato;0;NON DECEDUTO;;
5406630;7;08/05/2021 12:50:00;Strada Urbana;VIALE PALMIRO TOGLIATTI;in prossimit�;;del civico n.;675;;Scontro frontale/laterale DX fra veicoli in marcia;Rettilineo;Due carreggiate;Asciutto;Asfaltata;Orizzontale;Sereno;Normale;Buona;;2;0;0;1;12.5727;41.8802;-1;3;Autocarro inferiore 35 q.;Sosta;;;;;;;
5406631;6;09/05/2021 03:00:00;Strada Urbana;VIA PIETRO ROVETTI;in corrispondenza;;del civico n.;165;;Veicolo in marcia contro veicoli in sosta;Rettilineo;Una carreggiata a senso unico di marcia;Asciutto;Asfaltata;Verticale ed orizzontale;Sereno;Scarso;Sufficiente;;0;0;0;0;12.5468;41.8776;-1;1;Autovettura privata;In marcia / fermata / arresto;;;;;;;
5406631;6;09/05/2021 03:00:00;Strada Urbana;VIA PIETRO ROVETTI;in corrispondenza;;del civico n.;165;;Veicolo in marcia contro veicoli in sosta;Rettilineo;Una carreggiata a senso unico di marcia;Asciutto;Asfaltata;Verticale ed orizzontale;Sereno;Scarso;Sufficiente;;0;0;0;0;12.5468;41.8776;-1;2;Autovettura privata;Sosta;;;;;;;
5406631;6;09/05/2021 03:00:00;Strada Urbana;VIA PIETRO ROVETTI;in corrispondenza;;del civico n.;165;;Veicolo in marcia contro veicoli in sosta;Rettilineo;Una carreggiata a senso unico di marcia;Asciutto;Asfaltata;Verticale ed orizzontale;Sereno;Scarso;Sufficiente;;0;0;0;0;12.5468;41.8776;-1;3;Autovettura privata;Sosta;;;;;;;
5406631;6;09/05/2021 03:00:00;Strada Urbana;VIA PIETRO ROVETTI;in corrispondenza;;del civico n.;165;;Veicolo in marcia contro veicoli in sosta;Rettilineo;Una carreggiata a senso unico di marcia;Asciutto;Asfaltata;Verticale ed orizzontale;Sereno;Scarso;Sufficiente;;0;0;0;0;12.5468;41.8776;-1;4;Autovettura privata;Sosta;;;;;;;
5406631;6;09/05/2021 03:00:00;Strada Urbana;VIA PIETRO ROVETTI;in corrispondenza;;del civico n.;165;;Veicolo in marcia contro veicoli in sosta;Rettilineo;Una carreggiata a senso unico di marcia;Asciutto;Asfaltata;Verticale ed orizzontale;Sereno;Scarso;Sufficiente;;0;0;0;0;12.5468;41.8776;-1;5;Autovettura privata;Sosta;;;;;;;
5406636;20;08/05/2021 21:00:00;Statale entro l'abitato;VIA SALARIA;da specificare;;;;civ. 348 intersezione Via Archiano;Scontro frontale/laterale SX fra veicoli in marcia;Rettilineo;Una carreggiata a doppio senso;Asciutto;Asfaltata;Verticale ed orizzontale;Sereno;Normale;Buona;;1;1;0;1;12.5115;41.9873;-1;1;Autovettura privata;In marcia / fermata / arresto;Conducente;M;Illeso;0;;;
5406636;20;08/05/2021 21:00:00;Statale entro l'abitato;VIA SALARIA;da specificare;;;;civ. 348 intersezione Via Archiano;Scontro frontale/laterale SX fra veicoli in marcia;Rettilineo;Una carreggiata a doppio senso;Asciutto;Asfaltata;Verticale ed orizzontale;Sereno;Normale;Buona;;1;1;0;1;12.5115;41.9873;-1;2;Motociclo con passeggero;In marcia / fermata / arresto;Conducente;F;Prognosi riservata;0;NON DECEDUTO;;
5406636;20;08/05/2021 21:00:00;Statale entro l'abitato;VIA SALARIA;da specificare;;;;civ. 348 intersezione Via Archiano;Scontro frontale/laterale SX fra veicoli in marcia;Rettilineo;Una carreggiata a doppio senso;Asciutto;Asfaltata;Verticale ed orizzontale;Sereno;Normale;Buona;;1;1;0;1;12.5115;41.9873;-1;2;Motociclo con passeggero;In marcia / fermata / arresto;Passeggero;F;Rimandato;0;NON DECEDUTO;;
5406651;19;07/05/2021 22:30:00;Strada Urbana;VIA FLAMINIA;all'intersezione con;VIA BELLAGIO;VIA BELLAGIO;;;Fuoriuscita dalla sede stradale;Incrocio;Una carreggiata a doppio senso;Bagnato (pioggia);Asfaltata;Verticale ed orizzontale;Sereno;Scarso;Sufficiente;;0;0;0;2;12.4718;41.9419;-1;1;Autovettura privata;In marcia / fermata / arresto;Conducente;M;Illeso;0;;Non accertato;Inesploso
5406651;19;07/05/2021 22:30:00;Strada Urbana;VIA FLAMINIA;all'intersezione con;VIA BELLAGIO;VIA BELLAGIO;;;Fuoriuscita dalla sede stradale;Incrocio;Una carreggiata a doppio senso;Bagnato (pioggia);Asfaltata;Verticale ed orizzontale;Sereno;Scarso;Sufficiente;;0;0;0;2;12.4718;41.9419;-1;1;Autovettura privata;In marcia / fermata / arresto;Passeggero;F;Illeso;0;;Non accertato;
5406655;13;07/05/2021 08:30:00;Strada Urbana;VIA DI MACCHIA SAPONARA;all'intersezione con;VIA BRUNO MOLAJOLI;VIA BRUNO MOLAJOLI;;;Scontro frontale/laterale SX fra veicoli in marcia;Incrocio;Una carreggiata a doppio senso;Asciutto;Asfaltata;Verticale ed orizzontale;Sereno;Normale;Buona;;0;0;0;3;12.3531;41.7747;-1;1;Autovettura privata;In marcia / fermata / arresto;Conducente;M;Illeso;0;;Non accertato;Inesploso
5406655;13;07/05/2021 08:30:00;Strada Urbana;VIA DI MACCHIA SAPONARA;all'intersezione con;VIA BRUNO MOLAJOLI;VIA BRUNO MOLAJOLI;;;Scontro frontale/laterale SX fra veicoli in marcia;Incrocio;Una carreggiata a doppio senso;Asciutto;Asfaltata;Verticale ed orizzontale;Sereno;Normale;Buona;;0;0;0;3;12.3531;41.7747;-1;2;Autovettura privata;In marcia / fermata / arresto;Conducente;F;Illeso;0;;Non accertato;Inesploso
5406655;13;07/05/2021 08:30:00;Strada Urbana;VIA DI MACCHIA SAPONARA;all'intersezione con;VIA BRUNO MOLAJOLI;VIA BRUNO MOLAJOLI;;;Scontro frontale/laterale SX fra veicoli in marcia;Incrocio;Una carreggiata a doppio senso;Asciutto;Asfaltata;Verticale ed orizzontale;Sereno;Normale;Buona;;0;0;0;3;12.3531;41.7747;-1;2;Autovettura privata;In marcia / fermata / arresto;Passeggero;F;Illeso;0;;Non accertato;Inesploso
5406661;18;09/05/2021 17:25:00;Statale entro l'abitato;LARGO TOMASO PERASSI;da specificare;;;;direzione Roma centro;Veicolo in marcia contro ostacolo accidentale;Rettilineo;Pi� di due carreggiate;Asciutto;Asfaltata;Verticale ed orizzontale;Sereno;Normale;Buona;;0;0;0;1;12.41;41.8894;-1;1;Motociclo a solo;In marcia / fermata / arresto;Conducente;M;Illeso;0;;Non accertato;
5406666;20;08/05/2021 15:00:00;Strada Urbana;CORSO DI FRANCIA;da specificare;;;;civ. 194 (corsia laterale dir. GRA);Scontro laterale fra veicoli in marcia;Rettilineo;Una carreggiata a senso unico di marcia;Asciutto;Asfaltata;Verticale ed orizzontale;Sereno;Normale;Buona;;0;0;0;4;12.4695;41.945;-1;1;Autovettura privata;In marcia / fermata / arresto;Conducente;M;Illeso;0;;;
5406666;20;08/05/2021 15:00:00;Strada Urbana;CORSO DI FRANCIA;da specificare;;;;civ. 194 (corsia laterale dir. GRA);Scontro laterale fra veicoli in marcia;Rettilineo;Una carreggiata a senso unico di marcia;Asciutto;Asfaltata;Verticale ed orizzontale;Sereno;Normale;Buona;;0;0;0;4;12.4695;41.945;-1;2;Autovettura pubblica;In marcia / fermata / arresto;Conducente;M;Illeso;0;;;
5406666;20;08/05/2021 15:00:00;Strada Urbana;CORSO DI FRANCIA;da specificare;;;;civ. 194 (corsia laterale dir. GRA);Scontro laterale fra veicoli in marcia;Rettilineo;Una carreggiata a senso unico di marcia;Asciutto;Asfaltata;Verticale ed orizzontale;Sereno;Normale;Buona;;0;0;0;4;12.4695;41.945;-1;2;Autovettura pubblica;In marcia / fermata / arresto;Passeggero;M;Illeso;0;;;
5406666;20;08/05/2021 15:00:00;Strada Urbana;CORSO DI FRANCIA;da specificare;;;;civ. 194 (corsia laterale dir. GRA);Scontro laterale fra veicoli in marcia;Rettilineo;Una carreggiata a senso unico di marcia;Asciutto;Asfaltata;Verticale ed orizzontale;Sereno;Normale;Buona;;0;0;0;4;12.4695;41.945;-1;2;Autovettura pubblica;In marcia / fermata / arresto;Passeggero;F;Illeso;0;;;
5406675;20;08/05/2021 11:20:00;Provinciale;VIA BRACCIANENSE;in prossimit�;;del civico n.;277;;Tamponamento;Curva a visuale libera;Una carreggiata a doppio senso;Asciutto;Asfaltata;Verticale ed orizzontale;Sereno;Normale;Buona;;0;0;0;2;12.3527;42.0183;-1;1;Autovettura privata;In marcia / fermata / arresto;Conducente;M;Illeso;0;;Non accertato;
5406675;20;08/05/2021 11:20:00;Provinciale;VIA BRACCIANENSE;in prossimit�;;del civico n.;277;;Tamponamento;Curva a visuale libera;Una carreggiata a doppio senso;Asciutto;Asfaltata;Verticale ed orizzontale;Sereno;Normale;Buona;;0;0;0;2;12.3527;42.0183;-1;2;Autovettura privata;In marcia / fermata / arresto;Conducente;F;Illeso;0;;Non accertato;
5406676;13;07/05/2021 20:05:00;Strada Urbana;VIA GIUSEPPE MULE';in prossimit�;;del civico n.;1;;Veicolo in marcia contro veicolo in sosta;Rettilineo;Una carreggiata a senso unico di marcia;Asciutto;Asfaltata;Assente;Sereno;Scarso;Buona;;0;0;0;1;12.3686;41.7457;-1;1;Autovettura privata;Sosta;;;;;;;
5406676;13;07/05/2021 20:05:00;Strada Urbana;VIA GIUSEPPE MULE';in prossimit�;;del civico n.;1;;Veicolo in marcia contro veicolo in sosta;Rettilineo;Una carreggiata a senso unico di marcia;Asciutto;Asfaltata;Assente;Sereno;Scarso;Buona;;0;0;0;1;12.3686;41.7457;-1;2;Autovettura privata;In marcia / fermata / arresto;Conducente;F;Illeso;0;;Non accertato;Inesploso
5406681;10;09/05/2021 19:00:00;Strada Urbana;VIA TUSCOLANA;in corrispondenza;;del civico n.;969;;Veicolo in marcia contro veicolo in sosta;Rettilineo;Due carreggiate;Asciutto;Asfaltata;Verticale ed orizzontale;Sereno;Normale;Buona;;2;0;0;0;12.565;41.8554;-1;1;Motociclo con passeggero;In marcia / fermata / arresto;Conducente;M;Ricoverato;0;NON DECEDUTO;Non accertato;
5406681;10;09/05/2021 19:00:00;Strada Urbana;VIA TUSCOLANA;in corrispondenza;;del civico n.;969;;Veicolo in marcia contro veicolo in sosta;Rettilineo;Due carreggiate;Asciutto;Asfaltata;Verticale ed orizzontale;Sereno;Normale;Buona;;2;0;0;0;12.565;41.8554;-1;1;Motociclo con passeggero;In marcia / fermata / arresto;Passeggero;M;Rimandato;0;NON DECEDUTO;Non accertato;
5406681;10;09/05/2021 19:00:00;Strada Urbana;VIA TUSCOLANA;in corrispondenza;;del civico n.;969;;Veicolo in marcia contro veicolo in sosta;Rettilineo;Due carreggiate;Asciutto;Asfaltata;Verticale ed orizzontale;Sereno;Normale;Buona;;2;0;0;0;12.565;41.8554;-1;2;Autovettura privata;Sosta;;;;;;;
5406688;4;09/05/2021 21:50:00;Provinciale entro l'abitato;VIA NOMENTANA;in corrispondenza;;del civico n.;1125;;Tamponamento;Rettilineo;Una carreggiata a doppio senso;Asciutto;Asfaltata;Verticale ed orizzontale;Sereno;Normale;Sufficiente;;0;0;0;2;12.5767;41.9559;-1;1;Autovettura privata;In marcia / fermata / arresto;Conducente;M;Illeso;0;;Non accertato;
5406688;4;09/05/2021 21:50:00;Provinciale entro l'abitato;VIA NOMENTANA;in corrispondenza;;del civico n.;1125;;Tamponamento;Rettilineo;Una carreggiata a doppio senso;Asciutto;Asfaltata;Verticale ed orizzontale;Sereno;Normale;Sufficiente;;0;0;0;2;12.5767;41.9559;-1;2;Autovettura privata;In marcia / fermata / arresto;Conducente;M;Illeso;0;;Non accertato;
5406690;4;08/05/2021 21:55:00;Strada Urbana;VIA DELLE VIGNE NUOVE;all'intersezione con;VIA VILLA DI FAONTE;VIA VILLA DI FAONTE;;;Scontro frontale/laterale DX fra veicoli in marcia;Rotatoria;Una carreggiata a doppio senso;Asciutto;Asfaltata;Verticale ed orizzontale;Sereno;Normale;Buona;;1;0;0;1;12.5358;41.9554;-1;1;Autovettura privata;In marcia / fermata / arresto;Conducente;M;Illeso;0;;Non accertato;Inesploso
5406690;4;08/05/2021 21:55:00;Strada Urbana;VIA DELLE VIGNE NUOVE;all'intersezione con;VIA VILLA DI FAONTE;VIA VILLA DI FAONTE;;;Scontro frontale/laterale DX fra veicoli in marcia;Rotatoria;Una carreggiata a doppio senso;Asciutto;Asfaltata;Verticale ed orizzontale;Sereno;Normale;Buona;;1;0;0;1;12.5358;41.9554;-1;2;Autovettura privata;In marcia / fermata / arresto;Conducente;M;Rimandato;0;NON DECEDUTO;Non accertato;Esploso
5406690;4;08/05/2021 21:55:00;Strada Urbana;VIA DELLE VIGNE NUOVE;all'intersezione con;VIA VILLA DI FAONTE;VIA VILLA DI FAONTE;;;Scontro frontale/laterale DX fra veicoli in marcia;Rotatoria;Una carreggiata a doppio senso;Asciutto;Asfaltata;Verticale ed orizzontale;Sereno;Normale;Buona;;1;0;0;1;12.5358;41.9554;-1;3;Autovettura privata;Sosta;;;;;;;
5406693;3;07/05/2021 18:40:00;Strada Urbana;CIRCONVALLAZIONE TIBURTINA;in prossimit�;;del civico n.;47;;Scontro laterale fra veicoli in marcia;Rettilineo;Una carreggiata a senso unico di marcia;Asciutto;Asfaltata;Verticale ed orizzontale;Sereno;Intenso;Buona;;1;0;0;2;12.5129;41.8976;-1;1;Autovettura privata;In marcia / fermata / arresto;Conducente;M;Illeso;0;;Non accertato;Inesploso