Protocollo;Gruppo;DataOraIncidente;Localizzazione1;STRADA1;Localizzazione2;STRADA2;Strada02;Chilometrica;DaSpecificare;NaturaIncidente;particolaritastrade;TipoStrada;FondoStradale;Pavimentazione;Segnaletica;CondizioneAtmosferica;Traffico;Visibilita;Illuminazione;NUM_FERITI;NUM_RISERVATA;NUM_MORTI;NUM_ILLESI;Longitudine;Latitudine;Confermato;Progressivo;TipoVeicolo;StatoVeicolo;TipoPersona;Sesso;Tipolesione;Deceduto;DecedutoDopo;CinturaCascoUtilizzato;Airbag;
5408391;20;10/05/2021 21:40:00;Strada Urbana;VIA DELL'ACQUEDOTTO DEL PESCHIERA;da specificare;;;;10 mt. pi� avanti di via dei Monfortani;Scontro laterale fra veicoli in marcia;Rettilineo;Pi� di due carreggiate;Asciutto;Asfaltata;Orizzontale;Sereno;Scarso;Buona;;1;0;0;2;12.4235;41.9397;-1;1;Autovettura privata;In marcia / fermata / arresto;Conducente;M;Illeso;0;;Non accertato;Inesploso
5408391;20;10/05/2021 21:40:00;Strada Urbana;VIA DELL'ACQUEDOTTO DEL PESCHIERA;da specificare;;;;10 mt. pi� avanti di via dei Monfortani;Scontro laterale fra veicoli in marcia;Rettilineo;Pi� di due carreggiate;Asciutto;Asfaltata;Orizzontale;Sereno;Scarso;Buona;;1;0;0;2;12.4235;41.9397;-1;1;Autovettura privata;In marcia / fermata / arresto;Passeggero;M;Illeso;0;;Non accertato;
5408391;20;10/05/2021 21:40:00;Strada Urbana;VIA DELL'ACQUEDOTTO DEL PESCHIERA;da specificare;;;;10 mt. pi� avanti di via dei Monfortani;Scontro laterale fra veicoli in marcia;Rettilineo;Pi� di due carreggiate;Asciutto;Asfaltata;Orizzontale;Sereno;Scarso;Buona;;1;0;0;2;12.4235;41.9397;-1;2;Motociclo a solo;In marcia / fermata / arresto;Conducente;M;Rimandato;0;NON DECEDUTO;Non accertato;
5408403;11;10/05/2021 10:45:00;Strada Urbana;VIA OSTIENSE;in prossimit�;;del civico n.;182;;Ribaltamento senza urto contro ostacolo fisso;Rettilineo;Pi� di due carreggiate;Viscido da liquidi oleosi;Asfaltata;Verticale ed orizzontale;Sereno;Normale;Buona;;0;0;0;2;12.4781;41.8631;-1;1;Motociclo a solo;In marcia / fermata / arresto;Conducente;F;Illeso;0;;;
5408403;11;10/05/2021 10:45:00;Strada Urbana;VIA OSTIENSE;in prossimit�;;del civico n.;182;;Ribaltamento senza urto contro ostacolo fisso;Rettilineo;Pi� di due carreggiate;Viscido da liquidi oleosi;Asfaltata;Verticale ed orizzontale;Sereno;Normale;Buona;;0;0;0;2;12.4781;41.8631;-1;2;Macchina operatrice;In marcia / fermata / arresto;Conducente;M;Illeso;0;;;
5408404;10;10/05/2021 17:32:00;Strada Urbana;VIA APPIA NUOVA;in corrispondenza;;del palo luce n.;32;;Scontro laterale fra veicoli in marcia;Rettilineo;Pi� di due carreggiate;Asciutto;Asfaltata;Verticale ed orizzontale;Sereno;Intenso;Sufficiente;;0;0;0;3;12.554;41.8332;-1;1;Autovettura privata;In marcia / fermata / arresto;Conducente;M;Illeso;0;;Non accertato;Inesploso
5408404;10;10/05/2021 17:32:00;Strada Urbana;VIA APPIA NUOVA;in corrispondenza;;del palo luce n.;32;;Scontro laterale fra veicoli in marcia;Rettilineo;Pi� di due carreggiate;Asciutto;Asfaltata;Verticale ed orizzontale;Sereno;Intenso;Sufficiente;;0;0;0;3;12.554;41.8332;-1;1;Autovettura privata;In marcia / fermata / arresto;Passeggero;F;Illeso;0;;Non accertato;Inesploso
5408404;10;10/05/2021 17:32:00;Strada Urbana;VIA APPIA NUOVA;in corrispondenza;;del palo luce n.;32;;Scontro laterale fra veicoli in marcia;Rettilineo;Pi� di due carreggiate;Asciutto;Asfaltata;Verticale ed orizzontale;Sereno;Intenso;Sufficiente;;0;0;0;3;12.554;41.8332;-1;2;Motociclo a solo;In marcia / fermata / arresto;Conducente;M;Illeso;0;;;
5408409;7;10/05/2021 16:40:00;Strada Urbana;VIA PAPIRIA;in corrispondenza;;del civico n.;134;;Scontro frontale/laterale SX fra veicoli in marcia;Rettilineo;Una carreggiata a doppio senso;Asciutto;Asfaltata;Verticale ed orizzontale;Sereno;Normale;Buona;;1;0;0;1;12.5669;41.8625;-1;1;Autovettura privata;In marcia / fermata / arresto;Conducente;M;Illeso;0;;Non accertato;Inesploso
5408409;7;10/05/2021 16:40:00;Strada Urbana;VIA PAPIRIA;in corrispondenza;;del civico n.;134;;Scontro frontale/laterale SX fra veicoli in marcia;Rettilineo;Una carreggiata a doppio senso;Asciutto;Asfaltata;Verticale ed orizzontale;Sereno;Normale;Buona;;1;0;0;1;12.5669;41.8625;-1;2;Velocipede;In marcia / fermata / arresto;Conducente;M;Rimandato;0;NON DECEDUTO;Esente;
5408411;5;10/05/2021 13:30:00;Strada Urbana;VIA CARLO PESENTI;in prossimit�;;del civico n.;245;;Scontro frontale/laterale DX fra veicoli in marcia;Curva a visuale libera;Una carreggiata a doppio senso;Asciutto;Asfaltata;Verticale ed orizzontale;Sereno;Normale;Buona;;0;0;0;3;12.599;41.9294;-1;1;Autovettura privata;In marcia / fermata / arresto;Conducente;M;Illeso;0;;Non accertato;
5408411;5;10/05/2021 13:30:00;Strada Urbana;VIA CARLO PESENTI;in prossimit�;;del civico n.;245;;Scontro frontale/laterale DX fra veicoli in marcia;Curva a visuale libera;Una carreggiata a doppio senso;Asciutto;Asfaltata;Verticale ed orizzontale;Sereno;Normale;Buona;;0;0;0;3;12.599;41.9294;-1;2;Autovettura privata;In marcia / fermata / arresto;Conducente;M;Illeso;0;;Non accertato;
5408411;5;10/05/2021 13:30:00;Strada Urbana;VIA CARLO PESENTI;in prossimit�;;del civico n.;245;;Scontro frontale/laterale DX fra veicoli in marcia;Curva a visuale libera;Una carreggiata a doppio senso;Asciutto;Asfaltata;Verticale ed orizzontale;Sereno;Normale;Buona;;0;0;0;3;12.599;41.9294;-1;2;Autovettura privata;In marcia / fermata / arresto;Passeggero;M;Illeso;0;;Non accertato;
5408412;12;10/05/2021 14:20:00;Strada Urbana;VIA DI VALLERANO;da specificare;;;;CIVICO 81;Scontro frontale/laterale SX fra veicoli in marcia;Rettilineo;Due carreggiate;Asciutto;Asfaltata;Verticale ed orizzontale;Sereno;Normale;Buona;;0;0;0;2;12.4709;41.7842;-1;1;Autocarro inferiore 35 q.;In marcia / fermata / arresto;Conducente;F;Illeso;0;;Non accertato;Inesploso
5408412;12;10/05/2021 14:20:00;Strada Urbana;VIA DI VALLERANO;da specificare;;;;CIVICO 81;Scontro frontale/laterale SX fra veicoli in marcia;Rettilineo;Due carreggiate;Asciutto;Asfaltata;Verticale ed orizzontale;Sereno;Normale;Buona;;0;0;0;2;12.4709;41.7842;-1;2;Autovettura privata;In marcia / fermata / arresto;Conducente;M;Illeso;0;;Non accertato;Inesploso
5408414;17;10/05/2021 20:40:00;Strada Urbana;VIA MICHELE PIRONTI;all'intersezione con;VIA NICOLA COVIELLO;VIA NICOLA COVIELLO;;;Investimento di pedone;Intersezione stradale segnalata;Una carreggiata a senso unico di marcia;Asciutto;Asfaltata;Verticale ed orizzontale;Sereno;Scarso;Sufficiente;;1;0;0;1;12.4117;41.8931;-1;;;;Pedone;F;Rimandato;0;NON DECEDUTO;;
5408414;17;10/05/2021 20:40:00;Strada Urbana;VIA MICHELE PIRONTI;all'intersezione con;VIA NICOLA COVIELLO;VIA NICOLA COVIELLO;;;Investimento di pedone;Intersezione stradale segnalata;Una carreggiata a senso unico di marcia;Asciutto;Asfaltata;Verticale ed orizzontale;Sereno;Scarso;Sufficiente;;1;0;0;1;12.4117;41.8931;-1;1;Autovettura privata;In marcia / fermata / arresto;Conducente;M;Illeso;0;;;
5408418;11;10/05/2021 12:25:00;Strada Urbana;VIA CRISTOFORO COLOMBO;in prossimit�;;del palo luce n.;80;;Tamponamento;Rettilineo;Pi� di due carreggiate;Asciutto;Asfaltata;Verticale ed orizzontale;Sereno;Intenso;Buona;;1;0;0;1;12.4978;41.8634;-1;1;Motociclo a solo;In marcia / fermata / arresto;Conducente;M;Rimandato;0;NON DECEDUTO;;
5408418;11;10/05/2021 12:25:00;Strada Urbana;VIA CRISTOFORO COLOMBO;in prossimit�;;del palo luce n.;80;;Tamponamento;Rettilineo;Pi� di due carreggiate;Asciutto;Asfaltata;Verticale ed orizzontale;Sereno;Intenso;Buona;;1;0;0;1;12.4978;41.8634;-1;2;Autovettura privata;In marcia / fermata / arresto;Conducente;M;Illeso;0;;Non accertato;
5408422;19;10/05/2021 15:20:00;Strada Urbana;VIA SEBASTIANO VINCI;da specificare;;;;altezza caserma dei VV.F.;Tamponamento Multiplo;Rettilineo;Una carreggiata a doppio senso;Asciutto;Asfaltata;Orizzontale;Sereno;Normale;Buona;;0;0;0;3;12.4184;41.937;-1;1;Autovettura privata;In marcia / fermata / arresto;Conducente;M;Illeso;0;;;
5408422;19;10/05/2021 15:20:00;Strada Urbana;VIA SEBASTIANO VINCI;da specificare;;;;altezza caserma dei VV.F.;Tamponamento Multiplo;Rettilineo;Una carreggiata a doppio senso;Asciutto;Asfaltata;Orizzontale;Sereno;Normale;Buona;;0;0;0;3;12.4184;41.937;-1;2;Autovettura privata;In marcia / fermata / arresto;Conducente;M;Illeso;0;;;
5408422;19;10/05/2021 15:20:00;Strada Urbana;VIA SEBASTIANO VINCI;da specificare;;;;altezza caserma dei VV.F.;Tamponamento Multiplo;Rettilineo;Una carreggiata a doppio senso;Asciutto;Asfaltata;Orizzontale;Sereno;Normale;Buona;;0;0;0;3;12.4184;41.937;-1;3;Autovettura privata;In marcia / fermata / arresto;Conducente;M;Illeso;0;;;
5408424;1;10/05/2021 19:35:00;Strada Urbana;VIA DEI FILIPPINI;in corrispondenza;;del civico n.;10;;Veicolo in marcia contro ostacolo accidentale;Rettilineo;Una carreggiata a senso unico di marcia;Asciutto;In cubetti di porfido;Verticale ed orizzontale;Sereno;Normale;Buona;;0;0;0;2;12.4685;41.8989;-1;1;Autovettura privata;In marcia / fermata / arresto;Conducente;M;Illeso;0;;Non accertato;Inesploso
5408424;1;10/05/2021 19:35:00;Strada Urbana;VIA DEI FILIPPINI;in corrispondenza;;del civico n.;10;;Veicolo in marcia contro ostacolo accidentale;Rettilineo;Una carreggiata a senso unico di marcia;Asciutto;In cubetti di porfido;Verticale ed orizzontale;Sereno;Normale;Buona;;0;0;0;2;12.4685;41.8989;-1;1;Autovettura privata;In marcia / fermata / arresto;Passeggero;F;Illeso;0;;Non accertato;Inesploso
5408426;20;10/05/2021 15:30:00;Strada Urbana;VIA DELLA CAMILLUCCIA;all'intersezione con;VIA SALSOMAGGIORE;VIA SALSOMAGGIORE;;;Infortunio per sola frenata improvvisa;Incrocio;Una carreggiata a doppio senso;Asciutto;Asfaltata;Verticale ed orizzontale;Sereno;Normale;Buona;;1;0;0;1;12.4493;41.9432;-1;1;Autovettura privata;In marcia / fermata / arresto;Conducente;M;Rimandato;0;NON DECEDUTO;Non accertato;
5408426;20;10/05/2021 15:30:00;Strada Urbana;VIA DELLA CAMILLUCCIA;all'intersezione con;VIA SALSOMAGGIORE;VIA SALSOMAGGIORE;;;Infortunio per sola frenata improvvisa;Incrocio;Una carreggiata a doppio senso;Asciutto;Asfaltata;Verticale ed orizzontale;Sereno;Normale;Buona;;1;0;0;1;12.4493;41.9432;-1;2;Autovettura privata;In marcia / fermata / arresto;Conducente;M;Illeso;0;;Non accertato;
5408436;1;10/05/2021 22:30:00;Strada Urbana;PIAZZA BARBERINI;in corrispondenza;;del civico n.;53;;Tamponamento;Rotatoria;Una carreggiata a senso unico di marcia;Asciutto;Asfaltata;Verticale ed orizzontale;Sereno;Scarso;Buona;;0;0;0;2;12.4882;41.9035;-1;1;Autovettura privata;In marcia / fermata / arresto;Conducente;M;Illeso;0;;Non accertato;Inesploso
5408436;1;10/05/2021 22:30:00;Strada Urbana;PIAZZA BARBERINI;in corrispondenza;;del civico n.;53;;Tamponamento;Rotatoria;Una carreggiata a senso unico di marcia;Asciutto;Asfaltata;Verticale ed orizzontale;Sereno;Scarso;Buona;;0;0;0;2;12.4882;41.9035;-1;2;Autovettura pubblica;In marcia / fermata / arresto;Conducente;M;Illeso;0;;Non accertato;Inesploso
5408439;4;10/05/2021 08:30:00;Strada Urbana;VIA DELLE VIGNE NUOVE;all'intersezione con;VIA MONTE RESEGONE;VIA MONTE RESEGONE;;;Scontro laterale fra veicoli in marcia;Incrocio;Una carreggiata a doppio senso;Asciutto;Asfaltata;Verticale ed orizzontale;Sereno;Normale;Buona;;0;0;0;2;12.5358;41.9554;-1;1;Autovettura privata;In marcia / fermata / arresto;Conducente;F;Illeso;0;;Non accertato;Inesploso
5408439;4;10/05/2021 08:30:00;Strada Urbana;VIA DELLE VIGNE NUOVE;all'intersezione con;VIA MONTE RESEGONE;VIA MONTE RESEGONE;;;Scontro laterale fra veicoli in marcia;Incrocio;Una carreggiata a doppio senso;Asciutto;Asfaltata;Verticale ed orizzontale;Sereno;Normale;Buona;;0;0;0;2;12.5358;41.9554;-1;2;Autovettura privata;In marcia / fermata / arresto;Conducente;M;Illeso;0;;Non accertato;Inesploso
5408441;6;11/05/2021 08:10:00;Strada Urbana;VIA TOR DE' SCHIAVI;in prossimit�;;del civico n.;408;;Scontro laterale fra veicoli in marcia;Rettilineo;Due carreggiate;Asciutto;Asfaltata;Verticale ed orizzontale;Nuvoloso;Intenso;Buona;;1;0;0;3;12.5593;41.8946;-1;1;Autovettura privata;In marcia / fermata / arresto;Conducente;M;Illeso;0;;Non accertato;Inesploso
5408441;6;11/05/2021 08:10:00;Strada Urbana;VIA TOR DE' SCHIAVI;in prossimit�;;del civico n.;408;;Scontro laterale fra veicoli in marcia;Rettilineo;Due carreggiate;Asciutto;Asfaltata;Verticale ed orizzontale;Nuvoloso;Intenso;Buona;;1;0;0;3;12.5593;41.8946;-1;1;Autovettura privata;In marcia / fermata / arresto;Passeggero;F;Illeso;0;;Non accertato;Inesploso
5408441;6;11/05/2021 08:10:00;Strada Urbana;VIA TOR DE' SCHIAVI;in prossimit�;;del civico n.;408;;Scontro laterale fra veicoli in marcia;Rettilineo;Due carreggiate;Asciutto;Asfaltata;Verticale ed orizzontale;Nuvoloso;Intenso;Buona;;1;0;0;3;12.5593;41.8946;-1;1;Autovettura privata;In marcia / fermata / arresto;Passeggero;M;Illeso;0;;Non accertato;Inesploso
5408441;6;11/05/2021 08:10:00;Strada Urbana;VIA TOR DE' SCHIAVI;in prossimit�;;del civico n.;408;;Scontro laterale fra veicoli in marcia;Rettilineo;Due carreggiate;Asciutto;Asfaltata;Verticale ed orizzontale;Nuvoloso;Intenso;Buona;;1;0;0;3;12.5593;41.8946;-1;2;Motociclo a solo;In marcia / fermata / arresto;Conducente;M;Rifiuta cure immediate;0;NON DECEDUTO;Non accertato;
5408442;18;10/05/2021 18:20:00;Statale;VIA AURELIA;in prossimit�;;del civico n.;1007;;Tamponamento;Rettilineo;Due carreggiate;Asciutto;Asfaltata;Verticale ed orizzontale;Sereno;Normale;Buona;;2;0;0;2;12.3841;41.8854;-1;1;Autovettura privata;In marcia / fermata / arresto;Conducente;M;Illeso;0;;;
5408442;18;10/05/2021 18:20:00;Statale;VIA AURELIA;in prossimit�;;del civico n.;1007;;Tamponamento;Rettilineo;Due carreggiate;Asciutto;Asfaltata;Verticale ed orizzontale;Sereno;Normale;Buona;;2;0;0;2;12.3841;41.8854;-1;1;Autovettura privata;In marcia / fermata / arresto;Passeggero;F;Illeso;0;;Non accertato;
5408442;18;10/05/2021 18:20:00;Statale;VIA AURELIA;in prossimit�;;del civico n.;1007;;Tamponamento;Rettilineo;Due carreggiate;Asciutto;Asfaltata;Verticale ed orizzontale;Sereno;Normale;Buona;;2;0;0;2;12.3841;41.8854;-1;2;Autovettura privata;In marcia / fermata / arresto;Conducente;M;Rifiuta cure immediate;0;NON DECEDUTO;;
5408442;18;10/05/2021 18:20:00;Statale;VIA AURELIA;in prossimit�;;del civico n.;1007;;Tamponamento;Rettilineo;Due carreggiate;Asciutto;Asfaltata;Verticale ed orizzontale;Sereno;Normale;Buona;;2;0;0;2;12.3841;41.8854;-1;2;Autovettura privata;In marcia / fermata / arresto;Passeggero;M;Ricoverato;0;NON DECEDUTO;Non accertato;Inesploso
5408443;5;10/05/2021 15:10:00;Strada Urbana;VIA DEL CASALE DI S. BASILIO;all'intersezione con;VIA CORINALDO;VIA CORINALDO;;;Scontro frontale/laterale DX fra veicoli in marcia;Incrocio;Una carreggiata a doppio senso;Asciutto;Asfaltata;Verticale ed orizzontale;Sereno;Normale;Buona;;0;0;0;3;12.5827;41.9353;-1;1;Autovettura privata;In marcia / fermata / arresto;Conducente;F;Illeso;0;;Non accertato;
5408443;5;10/05/2021 15:10:00;Strada Urbana;VIA DEL CASALE DI S. BASILIO;all'intersezione con;VIA CORINALDO;VIA CORINALDO;;;Scontro frontale/laterale DX fra veicoli in marcia;Incrocio;Una carreggiata a doppio senso;Asciutto;Asfaltata;Verticale ed orizzontale;Sereno;Normale;Buona;;0;0;0;3;12.5827;41.9353;-1;2;Autovettura privata;In marcia / fermata / arresto;Conducente;M;Illeso;0;;Non accertato;
5408443;5;10/05/2021 15:10:00;Strada Urbana;VIA DEL CASALE DI S. BASILIO;all'intersezione con;VIA CORINALDO;VIA CORINALDO;;;Scontro frontale/laterale DX fra veicoli in marcia;Incrocio;Una carreggiata a doppio senso;Asciutto;Asfaltata;Verticale ed orizzontale;Sereno;Normale;Buona;;0;0;0;3;12.5827;41.9353;-1;2;Autovettura privata;In marcia / fermata / arresto;Passeggero;F;Illeso;0;;Non accertato;
5408461;4;10/05/2021 10:20:00;Strada Urbana;VIA DELLE VIGNE NUOVE;all'intersezione con;VIALE GINO CERVI;VIALE GINO CERVI;;;Scontro frontale/laterale DX fra veicoli in marcia;Rotatoria;Due carreggiate;Asciutto;Asfaltata;Verticale ed orizzontale;Sereno;Normale;Buona;;0;0;0;2;12.5358;41.9554;-1;1;Autovettura privata;In marcia / fermata / arresto;Conducente;M;Illeso;0;;Non accertato;
5408461;4;10/05/2021 10:20:00;Strada Urbana;VIA DELLE VIGNE NUOVE;all'intersezione con;VIALE GINO CERVI;VIALE GINO CERVI;;;Scontro frontale/laterale DX fra veicoli in marcia;Rotatoria;Due carreggiate;Asciutto;Asfaltata;Verticale ed orizzontale;Sereno;Normale;Buona;;0;0;0;2;12.5358;41.9554;-1;2;Autovettura privata;In marcia / fermata / arresto;Conducente;F;Illeso;0;;Non accertato;
5408465;5;10/05/2021 17:00:00;Strada Urbana;VIA ACHILLE BENEDETTI;in prossimit�;;del civico n.;9;;Scontro laterale fra veicoli in marcia;Rettilineo;Una carreggiata a doppio senso;Asciutto;Strada pavimentata dissestata;Verticale;Sereno;Normale;Buona;;2;0;0;1;12.5446;41.9116;-1;1;Autovettura privata;In marcia / fermata / arresto;Conducente;F;Illeso;0;;;
5408465;5;10/05/2021 17:00:00;Strada Urbana;VIA ACHILLE BENEDETTI;in prossimit�;;del civico n.;9;;Scontro laterale fra veicoli in marcia;Rettilineo;Una carreggiata a doppio senso;Asciutto;Strada pavimentata dissestata;Verticale;Sereno;Normale;Buona;;2;0;0;1;12.5446;41.9116;-1;2;Motociclo con passeggero;In marcia / fermata / arresto;Conducente;M;Rimandato;0;NON DECEDUTO;;
5408465;5;10/05/2021 17:00:00;Strada Urbana;VIA ACHILLE BENEDETTI;in prossimit�;;del civico n.;9;;Scontro laterale fra veicoli in marcia;Rettilineo;Una carreggiata a doppio senso;Asciutto;Strada pavimentata dissestata;Verticale;Sereno;Normale;Buona;;2;0;0;1;12.5446;41.9116;-1;2;Motociclo con passeggero;In marcia / fermata / arresto;Passeggero;M;Rimandato;0;NON DECEDUTO;;
5408479;20;10/05/2021 11:00:00;Strada Urbana;VIALE DEI CIPRESSI;all'intersezione con;VIALE ARCICONFRATERNITA DI N. S.RA DI LOURDES;VIALE ARCICONFRATERNITA DI N. S.RA DI LOURDES;;;Scontro frontale/laterale DX fra veicoli in marcia;Incrocio;Una carreggiata a doppio senso;Asciutto;Asfaltata;Verticale ed orizzontale;Sereno;Normale;Buona;;0;0;0;3;12.4928;42.0134;-1;1;Autovettura privata;In marcia / fermata / arresto;Conducente;M;Illeso;0;;;
5408479;20;10/05/2021 11:00:00;Strada Urbana;VIALE DEI CIPRESSI;all'intersezione con;VIALE ARCICONFRATERNITA DI N. S.RA DI LOURDES;VIALE ARCICONFRATERNITA DI N. S.RA DI LOURDES;;;Scontro frontale/laterale DX fra veicoli in marcia;Incrocio;Una carreggiata a doppio senso;Asciutto;Asfaltata;Verticale ed orizzontale;Sereno;Normale;Buona;;0;0;0;3;12.4928;42.0134;-1;2;Autovettura privata;In marcia / fermata / arresto;Conducente;M;Illeso;0;;;
5408479;20;10/05/2021 11:00:00;Strada Urbana;VIALE DEI CIPRESSI;all'intersezione con;VIALE ARCICONFRATERNITA DI N. S.RA DI LOURDES;VIALE ARCICONFRATERNITA DI N. S.RA DI LOURDES;;;Scontro frontale/laterale DX fra veicoli in marcia;Incrocio;Una carreggiata a doppio senso;Asciutto;Asfaltata;Verticale ed orizzontale;Sereno;Normale;Buona;;0;0;0;3;12.4928;42.0134;-1;2;Autovettura privata;In marcia / fermata / arresto;Passeggero;M;Illeso;0;;Non accertato;
5408482;10;11/05/2021 07:55:00;Strada Urbana;VIA GIUSEPPE CHIOVENDA;da specificare;;;;all'altezza di via Guido Zanobini;Investimento di pedone;Rettilineo;Una carreggiata a doppio senso;Bagnato (pioggia);Asfaltata;Verticale ed orizzontale;Sereno;Normale;Buona;;1;0;0;2;12.5715;41.8593;-1;;;;Pedone;F;Rimandato;0;NON DECEDUTO;;
5408482;10;11/05/2021 07:55:00;Strada Urbana;VIA GIUSEPPE CHIOVENDA;da specificare;;;;all'altezza di via Guido Zanobini;Investimento di pedone;Rettilineo;Una carreggiata a doppio senso;Bagnato (pioggia);Asfaltata;Verticale ed orizzontale;Sereno;Normale;Buona;;1;0;0;2;12.5715;41.8593;-1;1;Autovettura privata;In marcia / fermata / arresto;Conducente;F;Illeso;0;;;Inesploso
5408482;10;11/05/2021 07:55:00;Strada Urbana;VIA GIUSEPPE CHIOVENDA;da specificare;;;;all'altezza di via Guido Zanobini;Investimento di pedone;Rettilineo;Una carreggiata a doppio senso;Bagnato (pioggia);Asfaltata;Verticale ed orizzontale;Sereno;Normale;Buona;;1;0;0;2;12.5715;41.8593;-1;1;Autovettura privata;In marcia / fermata / arresto;Passeggero;F;Illeso;0;;;Inesploso
5408499;18;05/05/2021 16:15:00;Strada Urbana;VIA DELLA MAGLIANELLA;in prossimit�;;del civico n.;65;;Ribaltamento senza urto contro ostacolo fisso;Rettilineo;Una carreggiata a doppio senso;Asciutto;Asfaltata;Verticale ed orizzontale;Sereno;Normale;Buona;;1;0;0;1;12.38;41.8906;-1;1;Autovettura privata;In marcia / fermata / arresto;Conducente;F;Illeso;0;;Non accertato;Inesploso
5408499;18;05/05/2021 16:15:00;Strada Urbana;VIA DELLA MAGLIANELLA;in prossimit�;;del civico n.;65;;Ribaltamento senza urto contro ostacolo fisso;Rettilineo;Una carreggiata a doppio senso;Asciutto;Asfaltata;Verticale ed orizzontale;Sereno;Normale;Buona;;1;0;0;1;12.38;41.8906;-1;2;Motociclo a solo;In marcia / fermata / arresto;Conducente;M;Rifiuta cure immediate;0;NON DECEDUTO;Non accertato;
5408501;4;10/05/2021 12:30:00;Strada Urbana;VIA DELLA BUFALOTTA;in prossimit�;;del civico n.;286;;Scontro laterale fra veicoli in marcia;Rettilineo;Una carreggiata a doppio senso;Asciutto;Asfaltata;Verticale;Sereno;Normale;Buona;;1;0;0;1;12.5432;41.9521;-1;1;Motociclo a solo;In marcia / fermata / arresto;Conducente;F;Rimandato;0;NON DECEDUTO;Non accertato;
5408501;4;10/05/2021 12:30:00;Strada Urbana;VIA DELLA BUFALOTTA;in prossimit�;;del civico n.;286;;Scontro laterale fra veicoli in marcia;Rettilineo;Una carreggiata a doppio senso;Asciutto;Asfaltata;Verticale;Sereno;Normale;Buona;;1;0;0;1;12.5432;41.9521;-1;2;Autocarro inferiore 35 q.;In marcia / fermata / arresto;Conducente;M;Illeso;0;;Non accertato;
5408505;4;10/05/2021 13:40:00;Provinciale entro l'abitato;VIA NOMENTANA;in corrispondenza;;del civico n.;647;;Scontro frontale/laterale SX fra veicoli in marcia;Rettilineo;Una carreggiata a doppio senso;Asciutto;Asfaltata;Orizzontale;Sereno;Normale;Buona;;1;0;0;1;12.5364;41.9355;-1;1;Ciclomotore;In marcia / fermata / arresto;Conducente;M;Illeso;0;;Non accertato;
5408505;4;10/05/2021 13:40:00;Provinciale entro l'abitato;VIA NOMENTANA;in corrispondenza;;del civico n.;647;;Scontro frontale/laterale SX fra veicoli in marcia;Rettilineo;Una carreggiata a doppio senso;Asciutto;Asfaltata;Orizzontale;Sereno;Normale;Buona;;1;0;0;1;12.5364;41.9355;-1;2;Motociclo a solo;In marcia / fermata / arresto;Conducente;M;Rimandato;0;NON DECEDUTO;Non accertato;
5408506;7;10/05/2021 19:50:00;Strada Urbana;VIALE PALMIRO TOGLIATTI;da specificare;;;;altezza rampa A24 direzione via prenestina;Scontro laterale fra veicoli in marcia;Rettilineo;Due carreggiate;Asciutto;Asfaltata;Verticale ed orizzontale;Sereno;Normale;Buona;;1;0;0;4;12.5733;41.8872;-1;1;Autovettura privata;In marcia / fermata / arresto;Conducente;M;Illeso;0;;Non accertato;Inesploso
5408506;7;10/05/2021 19:50:00;Strada Urbana;VIALE PALMIRO TOGLIATTI;da specificare;;;;altezza rampa A24 direzione via prenestina;Scontro laterale fra veicoli in marcia;Rettilineo;Due carreggiate;Asciutto;Asfaltata;Verticale ed orizzontale;Sereno;Normale;Buona;;1;0;0;4;12.5733;41.8872;-1;1;Autovettura privata;In marcia / fermata / arresto;Passeggero;F;Illeso;0;;Non accertato;Inesploso
5408506;7;10/05/2021 19:50:00;Strada Urbana;VIALE PALMIRO TOGLIATTI;da specificare;;;;altezza rampa A24 direzione via prenestina;Scontro laterale fra veicoli in marcia;Rettilineo;Due carreggiate;Asciutto;Asfaltata;Verticale ed orizzontale;Sereno;Normale;Buona;;1;0;0;4;12.5733;41.8872;-1;1;Autovettura privata;In marcia / fermata / arresto;Passeggero;M;Illeso;0;;Non accertato;Inesploso
5408506;7;10/05/2021 19:50:00;Strada Urbana;VIALE PALMIRO TOGLIATTI;da specificare;;;;altezza rampa A24 direzione via prenestina;Scontro laterale fra veicoli in marcia;Rettilineo;Due carreggiate;Asciutto;Asfaltata;Verticale ed orizzontale;Sereno;Normale;Buona;;1;0;0;4;12.5733;41.8872;-1;2;Motociclo con passeggero;In marcia / fermata / arresto;Conducente;M;Rimandato;0;NON DECEDUTO;Non accertato;
5408508;19;10/05/2021 17:00:00;Strada Urbana;PIAZZALE DELLE MEDAGLIE D'ORO;in corrispondenza;;del civico n.;39;;Veicolo in marcia contro veicolo in sosta;Curva a visuale libera;Una carreggiata a doppio senso;Asciutto;Asfaltata;Assente;Sereno;Normale;Buona;;0;0;0;0;12.4466;41.924;-1;1;Autovettura privata;Sosta;;;;;;;
5408508;19;10/05/2021 17:00:00;Strada Urbana;PIAZZALE DELLE MEDAGLIE D'ORO;in corrispondenza;;del civico n.;39;;Veicolo in marcia contro veicolo in sosta;Curva a visuale libera;Una carreggiata a doppio senso;Asciutto;Asfaltata;Assente;Sereno;Normale;Buona;;0;0;0;0;12.4466;41.924;-1;2;Autovettura privata;Allontanatosi;;;;;;;
5408513;5;10/05/2021 18:10:00;Strada Urbana;VIA TIBURTINA;in prossimit�;;del civico n.;533;;Infortunio per sola frenata improvvisa;Rettilineo;Pi� di due carreggiate;Asciutto;Asfaltata;Orizzontale;Sereno;Normale;Buona;;1;0;0;0;12.5418;41.9087;-1;1;Motociclo a solo;In marcia / fermata / arresto;Conducente;M;Rimandato;0;NON DECEDUTO;Non accertato;