Protocollo;Gruppo;DataOraIncidente;Localizzazione1;STRADA1;Localizzazione2;STRADA2;Strada02;Chilometrica;DaSpecificare;NaturaIncidente;particolaritastrade;TipoStrada;FondoStradale;Pavimentazione;Segnaletica;CondizioneAtmosferica;Traffico;Visibilita;Illuminazione;NUM_FERITI;NUM_RISERVATA;NUM_MORTI;NUM_ILLESI;Longitudine;Latitudine;Confermato;Progressivo;TipoVeicolo;StatoVeicolo;TipoPersona;Sesso;Tipolesione;Deceduto;DecedutoDopo;CinturaCascoUtilizzato;Airbag;
5412046;13;12/05/2021 17:00:00;Strada Urbana;VIALE CRISTOFORO COLOMBO;all'intersezione semaforizzata con;VIA PINDARO;VIA PINDARO;;;Scontro laterale fra veicoli in marcia;Intersezione semaforizzata;Una carreggiata a senso unico di marcia;Asciutto;Asfaltata;Orizzontale;Sereno;Normale;Buona;;1;0;0;4;12.4536;41.8089;-1;1;Autovettura privata;In marcia / fermata / arresto;Passeggero;F;Illeso;0;;;
5412046;13;12/05/2021 17:00:00;Strada Urbana;VIALE CRISTOFORO COLOMBO;all'intersezione semaforizzata con;VIA PINDARO;VIA PINDARO;;;Scontro laterale fra veicoli in marcia;Intersezione semaforizzata;Una carreggiata a senso unico di marcia;Asciutto;Asfaltata;Orizzontale;Sereno;Normale;Buona;;1;0;0;4;12.4536;41.8089;-1;1;Autovettura privata;In marcia / fermata / arresto;Passeggero;F;Illeso;0;;;
5412046;13;12/05/2021 17:00:00;Strada Urbana;VIALE CRISTOFORO COLOMBO;all'intersezione semaforizzata con;VIA PINDARO;VIA PINDARO;;;Scontro laterale fra veicoli in marcia;Intersezione semaforizzata;Una carreggiata a senso unico di marcia;Asciutto;Asfaltata;Orizzontale;Sereno;Normale;Buona;;1;0;0;4;12.4536;41.8089;-1;1;Autovettura privata;In marcia / fermata / arresto;Passeggero;F;Illeso;0;;;
5412046;13;12/05/2021 17:00:00;Strada Urbana;VIALE CRISTOFORO COLOMBO;all'intersezione semaforizzata con;VIA PINDARO;VIA PINDARO;;;Scontro laterale fra veicoli in marcia;Intersezione semaforizzata;Una carreggiata a senso unico di marcia;Asciutto;Asfaltata;Orizzontale;Sereno;Normale;Buona;;1;0;0;4;12.4536;41.8089;-1;2;Motociclo a solo;In marcia / fermata / arresto;Conducente;M;Rimandato;0;NON DECEDUTO;Utilizzato;
5412055;13;12/05/2021 18:35:00;Strada Urbana;VIA DI CASTEL FUSANO;all'intersezione semaforizzata con;VIA OSTIENSE;VIA OSTIENSE;;;Tamponamento;Intersezione semaforizzata;Una carreggiata a doppio senso;Asciutto;Asfaltata;Verticale ed orizzontale;Sereno;Normale;Buona;;0;0;0;2;12.311;41.7479;-1;1;Autovettura privata;In marcia / fermata / arresto;Conducente;M;Illeso;0;;Non accertato;Inesploso
5412055;13;12/05/2021 18:35:00;Strada Urbana;VIA DI CASTEL FUSANO;all'intersezione semaforizzata con;VIA OSTIENSE;VIA OSTIENSE;;;Tamponamento;Intersezione semaforizzata;Una carreggiata a doppio senso;Asciutto;Asfaltata;Verticale ed orizzontale;Sereno;Normale;Buona;;0;0;0;2;12.311;41.7479;-1;2;Autovettura privata;In marcia / fermata / arresto;Conducente;M;Illeso;0;;Non accertato;Inesploso
5412061;19;12/05/2021 12:10:00;Strada Urbana;VIA DELLA PINETA SACCHETTI;in prossimit�;;del palo luce n.;117;;Scontro laterale fra veicoli in marcia;Rettilineo;Una carreggiata a senso unico di marcia;Asciutto;Asfaltata;Verticale ed orizzontale;Sereno;Intenso;Buona;;1;0;0;6;12.4234;41.9166;-1;1;Autovettura privata;In marcia / fermata / arresto;Conducente;M;Illeso;0;;Non accertato;Inesploso
5412061;19;12/05/2021 12:10:00;Strada Urbana;VIA DELLA PINETA SACCHETTI;in prossimit�;;del palo luce n.;117;;Scontro laterale fra veicoli in marcia;Rettilineo;Una carreggiata a senso unico di marcia;Asciutto;Asfaltata;Verticale ed orizzontale;Sereno;Intenso;Buona;;1;0;0;6;12.4234;41.9166;-1;1;Autovettura privata;In marcia / fermata / arresto;Passeggero;F;Illeso;0;;Non accertato;Inesploso
5412061;19;12/05/2021 12:10:00;Strada Urbana;VIA DELLA PINETA SACCHETTI;in prossimit�;;del palo luce n.;117;;Scontro laterale fra veicoli in marcia;Rettilineo;Una carreggiata a senso unico di marcia;Asciutto;Asfaltata;Verticale ed orizzontale;Sereno;Intenso;Buona;;1;0;0;6;12.4234;41.9166;-1;2;Autovettura privata;In marcia / fermata / arresto;Conducente;M;Illeso;0;;Non accertato;Inesploso
5412061;19;12/05/2021 12:10:00;Strada Urbana;VIA DELLA PINETA SACCHETTI;in prossimit�;;del palo luce n.;117;;Scontro laterale fra veicoli in marcia;Rettilineo;Una carreggiata a senso unico di marcia;Asciutto;Asfaltata;Verticale ed orizzontale;Sereno;Intenso;Buona;;1;0;0;6;12.4234;41.9166;-1;2;Autovettura privata;In marcia / fermata / arresto;Passeggero;F;Illeso;0;;Non accertato;Inesploso
5412061;19;12/05/2021 12:10:00;Strada Urbana;VIA DELLA PINETA SACCHETTI;in prossimit�;;del palo luce n.;117;;Scontro laterale fra veicoli in marcia;Rettilineo;Una carreggiata a senso unico di marcia;Asciutto;Asfaltata;Verticale ed orizzontale;Sereno;Intenso;Buona;;1;0;0;6;12.4234;41.9166;-1;2;Autovettura privata;In marcia / fermata / arresto;Passeggero;F;Illeso;0;;Non accertato;Inesploso
5412061;19;12/05/2021 12:10:00;Strada Urbana;VIA DELLA PINETA SACCHETTI;in prossimit�;;del palo luce n.;117;;Scontro laterale fra veicoli in marcia;Rettilineo;Una carreggiata a senso unico di marcia;Asciutto;Asfaltata;Verticale ed orizzontale;Sereno;Intenso;Buona;;1;0;0;6;12.4234;41.9166;-1;2;Autovettura privata;In marcia / fermata / arresto;Passeggero;F;Illeso;0;;Non accertato;Inesploso
5412061;19;12/05/2021 12:10:00;Strada Urbana;VIA DELLA PINETA SACCHETTI;in prossimit�;;del palo luce n.;117;;Scontro laterale fra veicoli in marcia;Rettilineo;Una carreggiata a senso unico di marcia;Asciutto;Asfaltata;Verticale ed orizzontale;Sereno;Intenso;Buona;;1;0;0;6;12.4234;41.9166;-1;3;Motociclo a solo;In marcia / fermata / arresto;Conducente;M;Rifiuta cure immediate;0;NON DECEDUTO;Non accertato;
5412069;11;12/05/2021 14:20:00;Strada Urbana;VIA ARDEATINA;all'intersezione con;VIA DELLE CORNACCHIOLE;VIA DELLE CORNACCHIOLE;;;Scontro frontale/laterale DX fra veicoli in marcia;Incrocio;Una carreggiata a doppio senso;Asciutto;Asfaltata;Orizzontale;Sereno;Normale;Buona;;1;0;0;1;12.5338;41.8061;-1;1;Motociclo a solo;In marcia / fermata / arresto;Conducente;M;Rimandato;0;NON DECEDUTO;;
5412069;11;12/05/2021 14:20:00;Strada Urbana;VIA ARDEATINA;all'intersezione con;VIA DELLE CORNACCHIOLE;VIA DELLE CORNACCHIOLE;;;Scontro frontale/laterale DX fra veicoli in marcia;Incrocio;Una carreggiata a doppio senso;Asciutto;Asfaltata;Orizzontale;Sereno;Normale;Buona;;1;0;0;1;12.5338;41.8061;-1;2;Autovettura privata;In marcia / fermata / arresto;Conducente;F;Illeso;0;;;
5412071;7;12/05/2021 19:30:00;Strada Urbana;VIA TOR DE' SCHIAVI;in corrispondenza;;del palo luce n.;52;;Scontro frontale/laterale SX fra veicoli in marcia;Rettilineo;Due carreggiate;Asciutto;Asfaltata;Assente;Sereno;Normale;Buona;;1;0;0;1;12.5641;41.8771;-1;1;Autovettura privata;In marcia / fermata / arresto;Conducente;F;Illeso;0;;;
5412071;7;12/05/2021 19:30:00;Strada Urbana;VIA TOR DE' SCHIAVI;in corrispondenza;;del palo luce n.;52;;Scontro frontale/laterale SX fra veicoli in marcia;Rettilineo;Due carreggiate;Asciutto;Asfaltata;Assente;Sereno;Normale;Buona;;1;0;0;1;12.5641;41.8771;-1;2;Velocipede;In marcia / fermata / arresto;Conducente;M;Rimandato;0;NON DECEDUTO;Esente;
5412073;11;11/05/2021 19:00:00;Strada Urbana;VIA ARISTIDE LEONORI;in corrispondenza;;del civico n.;52;;Veicolo in marcia contro veicoli in sosta;Rettilineo;Una carreggiata a senso unico di marcia;Asciutto;Asfaltata;Verticale ed orizzontale;Sereno;Normale;Buona;;0;0;0;0;12.4888;41.8485;-1;1;Autovettura privata;Sosta;;;;;;;
5412073;11;11/05/2021 19:00:00;Strada Urbana;VIA ARISTIDE LEONORI;in corrispondenza;;del civico n.;52;;Veicolo in marcia contro veicoli in sosta;Rettilineo;Una carreggiata a senso unico di marcia;Asciutto;Asfaltata;Verticale ed orizzontale;Sereno;Normale;Buona;;0;0;0;0;12.4888;41.8485;-1;2;Autovettura privata;Sosta;;;;;;;
5412080;8;13/05/2021 03:00:00;;VIA MATTE' TRUCCO;da specificare;;;;fondo mia - prox fr. 222;Scontro laterale fra veicoli in marcia;;;;;;;;;;2;0;0;0;12.6592;41.901;0;1;Autovettura di polizia;In marcia / fermata / arresto;Conducente;M;Ricoverato;0;NON DECEDUTO;;
5412080;8;13/05/2021 03:00:00;;VIA MATTE' TRUCCO;da specificare;;;;fondo mia - prox fr. 222;Scontro laterale fra veicoli in marcia;;;;;;;;;;2;0;0;0;12.6592;41.901;0;1;Autovettura di polizia;In marcia / fermata / arresto;Passeggero;M;Ricoverato;0;NON DECEDUTO;;
5412080;8;13/05/2021 03:00:00;;VIA MATTE' TRUCCO;da specificare;;;;fondo mia - prox fr. 222;Scontro laterale fra veicoli in marcia;;;;;;;;;;2;0;0;0;12.6592;41.901;0;2;Autovettura privata;In marcia / fermata / arresto;;;;;;;
5412093;20;12/05/2021 18:12:00;Strada Urbana;VIA DEL FORO ITALICO;in prossimit�;;del civico n.;502;;Scontro laterale fra veicoli in marcia;Rettilineo;Due carreggiate;Asciutto;Asfaltata;Verticale ed orizzontale;Sereno;Intenso;Buona;;0;0;0;4;12.4947;41.9397;-1;1;Autovettura privata;In marcia / fermata / arresto;Conducente;F;Illeso;0;;Non accertato;Inesploso
5412093;20;12/05/2021 18:12:00;Strada Urbana;VIA DEL FORO ITALICO;in prossimit�;;del civico n.;502;;Scontro laterale fra veicoli in marcia;Rettilineo;Due carreggiate;Asciutto;Asfaltata;Verticale ed orizzontale;Sereno;Intenso;Buona;;0;0;0;4;12.4947;41.9397;-1;2;Motociclo a solo;In marcia / fermata / arresto;Conducente;M;Illeso;0;;Non accertato;
5412093;20;12/05/2021 18:12:00;Strada Urbana;VIA DEL FORO ITALICO;in prossimit�;;del civico n.;502;;Scontro laterale fra veicoli in marcia;Rettilineo;Due carreggiate;Asciutto;Asfaltata;Verticale ed orizzontale;Sereno;Intenso;Buona;;0;0;0;4;12.4947;41.9397;-1;3;Autovettura privata;In marcia / fermata / arresto;Conducente;M;Illeso;0;;;
5412093;20;12/05/2021 18:12:00;Strada Urbana;VIA DEL FORO ITALICO;in prossimit�;;del civico n.;502;;Scontro laterale fra veicoli in marcia;Rettilineo;Due carreggiate;Asciutto;Asfaltata;Verticale ed orizzontale;Sereno;Intenso;Buona;;0;0;0;4;12.4947;41.9397;-1;4;Autovettura privata;In marcia / fermata / arresto;Conducente;F;Illeso;0;;Non accertato;
5412096;19;12/05/2021 10:20:00;Strada Urbana;VIA SANGEMINI;in corrispondenza;;del civico n.;53;;Tamponamento;Rettilineo;Una carreggiata a senso unico di marcia;Asciutto;Asfaltata;Assente;Nuvoloso;Scarso;Buona;;1;0;0;1;12.4386;41.9362;-1;1;Autovettura privata;In marcia / fermata / arresto;Conducente;M;Illeso;0;;Non accertato;Inesploso
5412096;19;12/05/2021 10:20:00;Strada Urbana;VIA SANGEMINI;in corrispondenza;;del civico n.;53;;Tamponamento;Rettilineo;Una carreggiata a senso unico di marcia;Asciutto;Asfaltata;Assente;Nuvoloso;Scarso;Buona;;1;0;0;1;12.4386;41.9362;-1;2;Velocipede;In marcia / fermata / arresto;Conducente;M;Rifiuta cure immediate;0;NON DECEDUTO;Esente;
5412097;10;12/05/2021 15:20:00;Strada Urbana;VIA DELLA MOLA CAVONA;all'intersezione con;VIA ANAGNINA;VIA ANAGNINA;;;Veicolo in marcia contro ostacolo accidentale;Intersezione semaforizzata;Una carreggiata a doppio senso;Asciutto;Asfaltata;Verticale ed orizzontale;Sereno;Normale;Buona;;0;0;0;2;12.6368;41.8036;-1;1;Autovettura privata;In marcia / fermata / arresto;Conducente;M;Illeso;0;;Non accertato;Inesploso
5412097;10;12/05/2021 15:20:00;Strada Urbana;VIA DELLA MOLA CAVONA;all'intersezione con;VIA ANAGNINA;VIA ANAGNINA;;;Veicolo in marcia contro ostacolo accidentale;Intersezione semaforizzata;Una carreggiata a doppio senso;Asciutto;Asfaltata;Verticale ed orizzontale;Sereno;Normale;Buona;;0;0;0;2;12.6368;41.8036;-1;1;Autovettura privata;In marcia / fermata / arresto;Passeggero;F;Illeso;0;;Non accertato;Inesploso
5412104;6;12/05/2021 16:00:00;Strada Urbana;VIA COLLATINA;in corrispondenza;;del civico n.;9/A;;Tamponamento;Rettilineo;Una carreggiata a doppio senso;Asciutto;Asfaltata;Verticale ed orizzontale;Sereno;Intenso;Buona;;1;0;0;1;12.5627;41.8959;-1;1;Autocarro inferiore 35 q.;In marcia / fermata / arresto;Conducente;M;Rimandato;0;NON DECEDUTO;Non accertato;Inesploso
5412104;6;12/05/2021 16:00:00;Strada Urbana;VIA COLLATINA;in corrispondenza;;del civico n.;9/A;;Tamponamento;Rettilineo;Una carreggiata a doppio senso;Asciutto;Asfaltata;Verticale ed orizzontale;Sereno;Intenso;Buona;;1;0;0;1;12.5627;41.8959;-1;2;Autovettura privata;In marcia / fermata / arresto;Conducente;M;Illeso;0;;Non accertato;Inesploso
5412108;11;12/05/2021 19:00:00;Strada Urbana;VIA ALESSANDRO SEVERO;da specificare;;;;Prossimit� VIA SETTIMIO SEVERO;Veicolo in marcia contro ostacolo fisso;Rettilineo;Una carreggiata a senso unico di marcia;Asciutto;Asfaltata;Verticale;Sereno;Scarso;Buona;;0;0;0;2;12.4814;41.8554;-1;1;Autovettura privata;In marcia / fermata / arresto;Conducente;M;Illeso;0;;Non accertato;
5412108;11;12/05/2021 19:00:00;Strada Urbana;VIA ALESSANDRO SEVERO;da specificare;;;;Prossimit� VIA SETTIMIO SEVERO;Veicolo in marcia contro ostacolo fisso;Rettilineo;Una carreggiata a senso unico di marcia;Asciutto;Asfaltata;Verticale;Sereno;Scarso;Buona;;0;0;0;2;12.4814;41.8554;-1;1;Autovettura privata;In marcia / fermata / arresto;Passeggero;F;Illeso;0;;Non accertato;
5412118;11;12/05/2021 07:45:00;Strada Urbana;VIA CRISTOFORO COLOMBO;da specificare;;;;CARR.LAT.FRONTE V.GROTTA PERFETTA dir EUR;Tamponamento Multiplo;Rettilineo;Pi� di due carreggiate;Asciutto;Asfaltata;Verticale ed orizzontale;Nuvoloso;Normale;Buona;;0;0;0;3;12.4844;41.8502;-1;1;Autovettura privata;In marcia / fermata / arresto;Conducente;M;Illeso;0;;Non accertato;
5412118;11;12/05/2021 07:45:00;Strada Urbana;VIA CRISTOFORO COLOMBO;da specificare;;;;CARR.LAT.FRONTE V.GROTTA PERFETTA dir EUR;Tamponamento Multiplo;Rettilineo;Pi� di due carreggiate;Asciutto;Asfaltata;Verticale ed orizzontale;Nuvoloso;Normale;Buona;;0;0;0;3;12.4844;41.8502;-1;2;Autovettura pubblica;In marcia / fermata / arresto;Conducente;M;Illeso;0;;Non accertato;
5412118;11;12/05/2021 07:45:00;Strada Urbana;VIA CRISTOFORO COLOMBO;da specificare;;;;CARR.LAT.FRONTE V.GROTTA PERFETTA dir EUR;Tamponamento Multiplo;Rettilineo;Pi� di due carreggiate;Asciutto;Asfaltata;Verticale ed orizzontale;Nuvoloso;Normale;Buona;;0;0;0;3;12.4844;41.8502;-1;3;Autovettura privata;In marcia / fermata / arresto;Conducente;F;Illeso;0;;Non accertato;
5412119;9;12/05/2021 19:10:00;Strada Urbana;VIA ACQUA DONZELLA;in corrispondenza;;del civico n.;11;;Scontro laterale fra veicoli in marcia;Rettilineo;Una carreggiata a senso unico di marcia;Asciutto;Asfaltata;Verticale ed orizzontale;Nebbia;Normale;Buona;;0;0;0;4;12.533;41.8695;-1;1;Autovettura privata;In marcia / fermata / arresto;Conducente;F;Illeso;0;;Non accertato;Inesploso
5412119;9;12/05/2021 19:10:00;Strada Urbana;VIA ACQUA DONZELLA;in corrispondenza;;del civico n.;11;;Scontro laterale fra veicoli in marcia;Rettilineo;Una carreggiata a senso unico di marcia;Asciutto;Asfaltata;Verticale ed orizzontale;Nebbia;Normale;Buona;;0;0;0;4;12.533;41.8695;-1;1;Autovettura privata;In marcia / fermata / arresto;Passeggero;F;Illeso;0;;Non accertato;Inesploso
5412119;9;12/05/2021 19:10:00;Strada Urbana;VIA ACQUA DONZELLA;in corrispondenza;;del civico n.;11;;Scontro laterale fra veicoli in marcia;Rettilineo;Una carreggiata a senso unico di marcia;Asciutto;Asfaltata;Verticale ed orizzontale;Nebbia;Normale;Buona;;0;0;0;4;12.533;41.8695;-1;2;Autovettura privata;In marcia / fermata / arresto;Conducente;F;Illeso;0;;Non accertato;Inesploso
5412119;9;12/05/2021 19:10:00;Strada Urbana;VIA ACQUA DONZELLA;in corrispondenza;;del civico n.;11;;Scontro laterale fra veicoli in marcia;Rettilineo;Una carreggiata a senso unico di marcia;Asciutto;Asfaltata;Verticale ed orizzontale;Nebbia;Normale;Buona;;0;0;0;4;12.533;41.8695;-1;2;Autovettura privata;In marcia / fermata / arresto;Passeggero;F;Illeso;0;;Non accertato;Inesploso
5412122;10;12/05/2021 17:50:00;Strada Urbana;VIALE DEI CONSOLI;in prossimit�;;del civico n.;3;;Tamponamento;Rettilineo;Due carreggiate;Asciutto;Asfaltata;Verticale ed orizzontale;Sereno;Normale;Buona;;0;0;0;3;12.5559;41.8626;-1;1;Autovettura privata;In marcia / fermata / arresto;Conducente;F;Illeso;0;;Non accertato;Inesploso
5412122;10;12/05/2021 17:50:00;Strada Urbana;VIALE DEI CONSOLI;in prossimit�;;del civico n.;3;;Tamponamento;Rettilineo;Due carreggiate;Asciutto;Asfaltata;Verticale ed orizzontale;Sereno;Normale;Buona;;0;0;0;3;12.5559;41.8626;-1;2;Motociclo a solo;In marcia / fermata / arresto;Conducente;M;Illeso;0;;Non accertato;
5412122;10;12/05/2021 17:50:00;Strada Urbana;VIALE DEI CONSOLI;in prossimit�;;del civico n.;3;;Tamponamento;Rettilineo;Due carreggiate;Asciutto;Asfaltata;Verticale ed orizzontale;Sereno;Normale;Buona;;0;0;0;3;12.5559;41.8626;-1;2;Motociclo a solo;In marcia / fermata / arresto;Passeggero;M;Illeso;0;;Non accertato;
5412125;15;12/05/2021 19:20:00;Strada Urbana;VIA DELLE VIGNE;all'intersezione con;VIA LANFRANCO MAROI;VIA LANFRANCO MAROI;;;Scontro laterale fra veicoli in marcia;Intersezione stradale segnalata;Una carreggiata a doppio senso;Asciutto;Asfaltata;Verticale ed orizzontale;Sereno;Normale;Buona;;1;0;0;1;12.422;41.8404;-1;1;Autovettura privata;In marcia / fermata / arresto;Conducente;M;Illeso;0;;;
5412125;15;12/05/2021 19:20:00;Strada Urbana;VIA DELLE VIGNE;all'intersezione con;VIA LANFRANCO MAROI;VIA LANFRANCO MAROI;;;Scontro laterale fra veicoli in marcia;Intersezione stradale segnalata;Una carreggiata a doppio senso;Asciutto;Asfaltata;Verticale ed orizzontale;Sereno;Normale;Buona;;1;0;0;1;12.422;41.8404;-1;2;Motociclo a solo;In marcia / fermata / arresto;Conducente;M;Rimandato;0;NON DECEDUTO;Non accertato;
5412127;11;12/05/2021 12:50:00;Strada Urbana;VIA DEI MAGAZZINI GENERALI;da specificare;;;;Altezza civ. 8/C;Veicolo in marcia contro veicoli in sosta;Rettilineo;Una carreggiata a senso unico di marcia;Asciutto;Asfaltata;Orizzontale;Sereno;Normale;Buona;;1;0;0;1;12.4778;41.8719;-1;1;Motociclo a solo;In marcia / fermata / arresto;Conducente;M;Rimandato;0;NON DECEDUTO;Non accertato;
5412127;11;12/05/2021 12:50:00;Strada Urbana;VIA DEI MAGAZZINI GENERALI;da specificare;;;;Altezza civ. 8/C;Veicolo in marcia contro veicoli in sosta;Rettilineo;Una carreggiata a senso unico di marcia;Asciutto;Asfaltata;Orizzontale;Sereno;Normale;Buona;;1;0;0;1;12.4778;41.8719;-1;2;Autovettura privata;Sosta;;;;;;;
5412127;11;12/05/2021 12:50:00;Strada Urbana;VIA DEI MAGAZZINI GENERALI;da specificare;;;;Altezza civ. 8/C;Veicolo in marcia contro veicoli in sosta;Rettilineo;Una carreggiata a senso unico di marcia;Asciutto;Asfaltata;Orizzontale;Sereno;Normale;Buona;;1;0;0;1;12.4778;41.8719;-1;3;Autovettura privata;In marcia / fermata / arresto;Conducente;F;Illeso;0;;Non accertato;
5412127;11;12/05/2021 12:50:00;Strada Urbana;VIA DEI MAGAZZINI GENERALI;da specificare;;;;Altezza civ. 8/C;Veicolo in marcia contro veicoli in sosta;Rettilineo;Una carreggiata a senso unico di marcia;Asciutto;Asfaltata;Orizzontale;Sereno;Normale;Buona;;1;0;0;1;12.4778;41.8719;-1;4;Autovettura privata;Sosta;;;;;;;
5412128;4;05/05/2021 12:20:00;Strada Urbana;VIA GIOVANNI CONTI;da specificare;;;;altezza mercato coperto "VAL MELAINA" ;Veicolo in marcia contro veicolo fermo;Rettilineo;Due carreggiate;Asciutto;Asfaltata;Verticale ed orizzontale;Sereno;Intenso;Buona;;0;0;0;1;12.5316;41.9551;-1;1;Autovettura privata;In marcia / fermata / arresto;Conducente;F;Illeso;0;;Non accertato;Inesploso
5412128;4;05/05/2021 12:20:00;Strada Urbana;VIA GIOVANNI CONTI;da specificare;;;;altezza mercato coperto "VAL MELAINA" ;Veicolo in marcia contro veicolo fermo;Rettilineo;Due carreggiate;Asciutto;Asfaltata;Verticale ed orizzontale;Sereno;Intenso;Buona;;0;0;0;1;12.5316;41.9551;-1;2;Autovettura privata;Allontanatosi;;;;;;;
5412134;5;12/05/2021 08:45:00;Strada Urbana;VIA TIBURTINA;in corrispondenza;;del civico n.;543;;Veicolo in marcia contro veicolo fermo;Rettilineo;Pi� di due carreggiate;Asciutto;Asfaltata;Orizzontale;Sereno;Normale;Buona;;2;0;0;1;12.5423;41.9087;-1;;;;Pedone;F;Rimandato;0;NON DECEDUTO;;
5412134;5;12/05/2021 08:45:00;Strada Urbana;VIA TIBURTINA;in corrispondenza;;del civico n.;543;;Veicolo in marcia contro veicolo fermo;Rettilineo;Pi� di due carreggiate;Asciutto;Asfaltata;Orizzontale;Sereno;Normale;Buona;;2;0;0;1;12.5423;41.9087;-1;1;Autovettura privata;In marcia / fermata / arresto;Conducente;M;Illeso;0;;Non accertato;
5412134;5;12/05/2021 08:45:00;Strada Urbana;VIA TIBURTINA;in corrispondenza;;del civico n.;543;;Veicolo in marcia contro veicolo fermo;Rettilineo;Pi� di due carreggiate;Asciutto;Asfaltata;Orizzontale;Sereno;Normale;Buona;;2;0;0;1;12.5423;41.9087;-1;2;Motociclo a solo;In marcia / fermata / arresto;Conducente;M;Rimandato;0;NON DECEDUTO;Non accertato;
5412137;18;12/05/2021 08:15:00;Strada Urbana;Via Carlo Urbani;all'intersezione con;ROTATORIA ROBERT KOCH;ROTATORIA ROBERT KOCH;;;Veicolo in marcia contro veicoli in sosta;Rotatoria;Una carreggiata a doppio senso;Asciutto;Asfaltata;Verticale ed orizzontale;Sereno;Scarso;Buona;;0;0;0;0;12.3866;41.9074;-1;1;Autovettura privata;In marcia / fermata / arresto;;;;;;;
5412137;18;12/05/2021 08:15:00;Strada Urbana;Via Carlo Urbani;all'intersezione con;ROTATORIA ROBERT KOCH;ROTATORIA ROBERT KOCH;;;Veicolo in marcia contro veicoli in sosta;Rotatoria;Una carreggiata a doppio senso;Asciutto;Asfaltata;Verticale ed orizzontale;Sereno;Scarso;Buona;;0;0;0;0;12.3866;41.9074;-1;2;Autovettura privata;Sosta;;;;;;;
5412137;18;12/05/2021 08:15:00;Strada Urbana;Via Carlo Urbani;all'intersezione con;ROTATORIA ROBERT KOCH;ROTATORIA ROBERT KOCH;;;Veicolo in marcia contro veicoli in sosta;Rotatoria;Una carreggiata a doppio senso;Asciutto;Asfaltata;Verticale ed orizzontale;Sereno;Scarso;Buona;;0;0;0;0;12.3866;41.9074;-1;3;Autovettura privata;Sosta;;;;;;;
5412137;18;12/05/2021 08:15:00;Strada Urbana;Via Carlo Urbani;all'intersezione con;ROTATORIA ROBERT KOCH;ROTATORIA ROBERT KOCH;;;Veicolo in marcia contro veicoli in sosta;Rotatoria;Una carreggiata a doppio senso;Asciutto;Asfaltata;Verticale ed orizzontale;Sereno;Scarso;Buona;;0;0;0;0;12.3866;41.9074;-1;4;Autovettura privata;Sosta;;;;;;;
5412137;18;12/05/2021 08:15:00;Strada Urbana;Via Carlo Urbani;all'intersezione con;ROTATORIA ROBERT KOCH;ROTATORIA ROBERT KOCH;;;Veicolo in marcia contro veicoli in sosta;Rotatoria;Una carreggiata a doppio senso;Asciutto;Asfaltata;Verticale ed orizzontale;Sereno;Scarso;Buona;;0;0;0;0;12.3866;41.9074;-1;5;Autovettura privata;Sosta;;;;;;;
5412137;18;12/05/2021 08:15:00;Strada Urbana;Via Carlo Urbani;all'intersezione con;ROTATORIA ROBERT KOCH;ROTATORIA ROBERT KOCH;;;Veicolo in marcia contro veicoli in sosta;Rotatoria;Una carreggiata a doppio senso;Asciutto;Asfaltata;Verticale ed orizzontale;Sereno;Scarso;Buona;;0;0;0;0;12.3866;41.9074;-1;6;Autovettura privata;Sosta;;;;;;;
5412137;18;12/05/2021 08:15:00;Strada Urbana;Via Carlo Urbani;all'intersezione con;ROTATORIA ROBERT KOCH;ROTATORIA ROBERT KOCH;;;Veicolo in marcia contro veicoli in sosta;Rotatoria;Una carreggiata a doppio senso;Asciutto;Asfaltata;Verticale ed orizzontale;Sereno;Scarso;Buona;;0;0;0;0;12.3866;41.9074;-1;7;Autovettura privata;Sosta;;;;;;;
5412154;20;12/05/2021 11:30:00;Strada Urbana;VIA TIBERINA;da specificare;;;;in corrispondenza fronte civico 105;Scontro frontale/laterale SX fra veicoli in marcia;Rettilineo;Una carreggiata a doppio senso;Asciutto;Asfaltata;Verticale ed orizzontale;Sereno;Normale;Buona;;1;0;0;1;12.5051;42.0265;-1;1;Autovettura privata;In marcia / fermata / arresto;Conducente;M;Illeso;0;;;
5412154;20;12/05/2021 11:30:00;Strada Urbana;VIA TIBERINA;da specificare;;;;in corrispondenza fronte civico 105;Scontro frontale/laterale SX fra veicoli in marcia;Rettilineo;Una carreggiata a doppio senso;Asciutto;Asfaltata;Verticale ed orizzontale;Sereno;Normale;Buona;;1;0;0;1;12.5051;42.0265;-1;2;Autovettura privata;In marcia / fermata / arresto;Conducente;M;Rimandato;0;NON DECEDUTO;;
5412155;19;12/05/2021 11:30:00;Strada Urbana;VIA DI TORREVECCHIA;in corrispondenza;;del civico n.;112;;Investimento di pedone;Rettilineo;Una carreggiata a doppio senso;Asciutto;Asfaltata;Verticale ed orizzontale;Nuvoloso;Normale;Buona;;1;0;0;1;12.4199;41.9339;-1;;;;Pedone;F;Rifiuta cure immediate;0;NON DECEDUTO;;
5412155;19;12/05/2021 11:30:00;Strada Urbana;VIA DI TORREVECCHIA;in corrispondenza;;del civico n.;112;;Investimento di pedone;Rettilineo;Una carreggiata a doppio senso;Asciutto;Asfaltata;Verticale ed orizzontale;Nuvoloso;Normale;Buona;;1;0;0;1;12.4199;41.9339;-1;1;Autovettura privata;In marcia / fermata / arresto;Conducente;M;Illeso;0;;Non accertato;Inesploso
5412164;5;12/05/2021 06:20:00;Strada Urbana;NUOVA CIRCONVALLAZIONE INTERNA;da specificare;;;;dir. Salaria altezza galleria Pittaluga;Veicolo in marcia contro ostacolo fisso;Rettilineo;Due carreggiate;Asciutto;Asfaltata;Verticale ed orizzontale;Sereno;Normale;Buona;;0;0;0;1;12.5338;41.9086;-1;1;Autovettura privata;In marcia / fermata / arresto;Conducente;M;Illeso;0;;Non accertato;