Protocollo;Gruppo;DataOraIncidente;Localizzazione1;STRADA1;Localizzazione2;STRADA2;Strada02;Chilometrica;DaSpecificare;NaturaIncidente;particolaritastrade;TipoStrada;FondoStradale;Pavimentazione;Segnaletica;CondizioneAtmosferica;Traffico;Visibilita;Illuminazione;NUM_FERITI;NUM_RISERVATA;NUM_MORTI;NUM_ILLESI;Longitudine;Latitudine;Confermato;Progressivo;TipoVeicolo;StatoVeicolo;TipoPersona;Sesso;Tipolesione;Deceduto;DecedutoDopo;CinturaCascoUtilizzato;Airbag;
5415170;3;12/05/2021 11:50:00;Strada Urbana;VIALE DEL POLICLINICO;in prossimit�;;del civico n.;157;;Scontro frontale/laterale DX fra veicoli in marcia;Rettilineo;Una carreggiata a doppio senso;Asciutto;Asfaltata;Verticale ed orizzontale;Sereno;Normale;Buona;;2;0;0;2;12.5101;41.9056;-1;2;Motociclo con passeggero;In marcia / fermata / arresto;Passeggero;F;Rimandato;0;NON DECEDUTO;Non accertato;
5415179;3;12/05/2021 17:45:00;Strada Urbana;CIRCONVALLAZIONE TIBURTINA;in prossimit�;;del civico n.;228;;Tamponamento;Rettilineo;Una carreggiata a doppio senso;Asciutto;Asfaltata;Verticale;Sereno;Normale;Buona;;0;0;0;2;12.5254;41.8978;-1;1;Autovettura privata;In marcia / fermata / arresto;Conducente;M;Illeso;0;;Non accertato;Inesploso
5415179;3;12/05/2021 17:45:00;Strada Urbana;CIRCONVALLAZIONE TIBURTINA;in prossimit�;;del civico n.;228;;Tamponamento;Rettilineo;Una carreggiata a doppio senso;Asciutto;Asfaltata;Verticale;Sereno;Normale;Buona;;0;0;0;2;12.5254;41.8978;-1;2;Autovettura privata;In marcia / fermata / arresto;Conducente;M;Illeso;0;;Non accertato;Inesploso
5415197;3;13/05/2021 15:50:00;Strada Urbana;VIA TIBURTINA;all'intersezione con;VIA DEGLI ETRUSCHI;VIA DEGLI ETRUSCHI;;;Scontro frontale/laterale DX fra veicoli in marcia;Incrocio;Una carreggiata a doppio senso;Asciutto;Asfaltata;Verticale ed orizzontale;Sereno;Intenso;Buona;;0;0;0;2;12.5142;41.8983;-1;1;Autovettura pubblica;In marcia / fermata / arresto;Conducente;M;Illeso;0;;;
5415197;3;13/05/2021 15:50:00;Strada Urbana;VIA TIBURTINA;all'intersezione con;VIA DEGLI ETRUSCHI;VIA DEGLI ETRUSCHI;;;Scontro frontale/laterale DX fra veicoli in marcia;Incrocio;Una carreggiata a doppio senso;Asciutto;Asfaltata;Verticale ed orizzontale;Sereno;Intenso;Buona;;0;0;0;2;12.5142;41.8983;-1;2;Motociclo a solo;Allontanatosi;Conducente;M;Illeso;0;;;
5415207;3;13/05/2021 23:20:00;Strada Urbana;CIRCONVALLAZIONE NOMENTANA;da specificare;;;;direzione salaria fronte caserma Amione;Tamponamento;Cavalcavia;Pi� di due carreggiate;Asciutto;Asfaltata;Verticale ed orizzontale;Nuvoloso;Scarso;Sufficiente;;0;0;0;3;12.527;41.9196;-1;1;Motociclo a solo;In marcia / fermata / arresto;Conducente;M;Illeso;0;;;
5415207;3;13/05/2021 23:20:00;Strada Urbana;CIRCONVALLAZIONE NOMENTANA;da specificare;;;;direzione salaria fronte caserma Amione;Tamponamento;Cavalcavia;Pi� di due carreggiate;Asciutto;Asfaltata;Verticale ed orizzontale;Nuvoloso;Scarso;Sufficiente;;0;0;0;3;12.527;41.9196;-1;2;Autovettura privata;In marcia / fermata / arresto;Conducente;M;Illeso;0;;;
5415207;3;13/05/2021 23:20:00;Strada Urbana;CIRCONVALLAZIONE NOMENTANA;da specificare;;;;direzione salaria fronte caserma Amione;Tamponamento;Cavalcavia;Pi� di due carreggiate;Asciutto;Asfaltata;Verticale ed orizzontale;Nuvoloso;Scarso;Sufficiente;;0;0;0;3;12.527;41.9196;-1;2;Autovettura privata;In marcia / fermata / arresto;Passeggero;M;Illeso;0;;;
5415219;3;13/05/2021 20:40:00;Strada Urbana;LARGO DEGLI OSCI;da specificare;;;;fronte civico 22;Veicolo in marcia contro veicoli in sosta;Rettilineo;Una carreggiata a senso unico di marcia;Asciutto;In cubetti di porfido;Verticale ed orizzontale;Nuvoloso;Normale;Buona;;0;0;0;1;12.5144;41.8971;-1;1;Autovettura privata;In marcia / fermata / arresto;Conducente;M;Illeso;0;;;
5415219;3;13/05/2021 20:40:00;Strada Urbana;LARGO DEGLI OSCI;da specificare;;;;fronte civico 22;Veicolo in marcia contro veicoli in sosta;Rettilineo;Una carreggiata a senso unico di marcia;Asciutto;In cubetti di porfido;Verticale ed orizzontale;Nuvoloso;Normale;Buona;;0;0;0;1;12.5144;41.8971;-1;2;Autovettura privata;Sosta;;;;;;;
5415219;3;13/05/2021 20:40:00;Strada Urbana;LARGO DEGLI OSCI;da specificare;;;;fronte civico 22;Veicolo in marcia contro veicoli in sosta;Rettilineo;Una carreggiata a senso unico di marcia;Asciutto;In cubetti di porfido;Verticale ed orizzontale;Nuvoloso;Normale;Buona;;0;0;0;1;12.5144;41.8971;-1;3;Motociclo a solo;Sosta;;;;;;;
5415219;3;13/05/2021 20:40:00;Strada Urbana;LARGO DEGLI OSCI;da specificare;;;;fronte civico 22;Veicolo in marcia contro veicoli in sosta;Rettilineo;Una carreggiata a senso unico di marcia;Asciutto;In cubetti di porfido;Verticale ed orizzontale;Nuvoloso;Normale;Buona;;0;0;0;1;12.5144;41.8971;-1;4;Autovettura privata;Sosta;;;;;;;
5415441;11;14/05/2021 15:30:00;Strada Urbana;VIA DI TOR CARBONE;in prossimit�;;del civico n.;207;;Scontro laterale fra veicoli in marcia;Rettilineo;Una carreggiata a senso unico di marcia;Bagnato (pioggia);Asfaltata;Verticale ed orizzontale;Nuvoloso;Intenso;Buona;;0;0;0;3;12.52;41.827;-1;1;Autovettura privata;In marcia / fermata / arresto;Conducente;M;Illeso;0;;Non accertato;
5415441;11;14/05/2021 15:30:00;Strada Urbana;VIA DI TOR CARBONE;in prossimit�;;del civico n.;207;;Scontro laterale fra veicoli in marcia;Rettilineo;Una carreggiata a senso unico di marcia;Bagnato (pioggia);Asfaltata;Verticale ed orizzontale;Nuvoloso;Intenso;Buona;;0;0;0;3;12.52;41.827;-1;2;Autocarro inferiore 35 q.;In marcia / fermata / arresto;Conducente;M;Illeso;0;;Non accertato;
5415441;11;14/05/2021 15:30:00;Strada Urbana;VIA DI TOR CARBONE;in prossimit�;;del civico n.;207;;Scontro laterale fra veicoli in marcia;Rettilineo;Una carreggiata a senso unico di marcia;Bagnato (pioggia);Asfaltata;Verticale ed orizzontale;Nuvoloso;Intenso;Buona;;0;0;0;3;12.52;41.827;-1;2;Autocarro inferiore 35 q.;In marcia / fermata / arresto;Passeggero;M;Illeso;0;;Non accertato;
5415460;11;14/05/2021 18:00:00;Strada Urbana;CIRCONVALLAZIONE OSTIENSE;all'intersezione semaforizzata con;VIA GIROLAMO BENZONI;VIA GIROLAMO BENZONI;;;Scontro frontale/laterale SX fra veicoli in marcia;Intersezione semaforizzata;Due carreggiate;Asciutto;Asfaltata;Verticale ed orizzontale;Sereno;Normale;Buona;;1;0;0;1;12.4845;41.8674;-1;1;Autovettura privata;In marcia / fermata / arresto;Conducente;M;Illeso;0;;;
5415460;11;14/05/2021 18:00:00;Strada Urbana;CIRCONVALLAZIONE OSTIENSE;all'intersezione semaforizzata con;VIA GIROLAMO BENZONI;VIA GIROLAMO BENZONI;;;Scontro frontale/laterale SX fra veicoli in marcia;Intersezione semaforizzata;Due carreggiate;Asciutto;Asfaltata;Verticale ed orizzontale;Sereno;Normale;Buona;;1;0;0;1;12.4845;41.8674;-1;2;Autovettura privata;In marcia / fermata / arresto;Conducente;M;Rifiuta cure immediate;0;NON DECEDUTO;;
5415490;8;14/05/2021 08:45:00;Strada Urbana;VIA DI TORRENOVA;in prossimit�;;del civico n.;102;;Scontro laterale fra veicoli in marcia;Rettilineo;Una carreggiata a doppio senso;Asciutto;Asfaltata;Verticale ed orizzontale;Sereno;Normale;Buona;;0;0;0;2;12.6171;41.8709;-1;1;Autovettura privata;In marcia / fermata / arresto;Conducente;F;Illeso;0;;;
5415490;8;14/05/2021 08:45:00;Strada Urbana;VIA DI TORRENOVA;in prossimit�;;del civico n.;102;;Scontro laterale fra veicoli in marcia;Rettilineo;Una carreggiata a doppio senso;Asciutto;Asfaltata;Verticale ed orizzontale;Sereno;Normale;Buona;;0;0;0;2;12.6171;41.8709;-1;2;Autocarro superiore 35 q.;In marcia / fermata / arresto;Conducente;M;Illeso;0;;;
5415495;6;14/05/2021 15:15:00;Strada Urbana;VIALE DELLA PRIMAVERA;da specificare;;;;300 - direzione Casilina;Infortunio per caduta del veicolo;Rettilineo;Due carreggiate;Bagnato (pioggia);Asfaltata;Verticale ed orizzontale;Pioggia in atto;Scarso;Buona;;1;0;0;0;12.5612;41.8852;-1;1;Motociclo a solo;In marcia / fermata / arresto;Conducente;M;Rifiuta cure immediate;0;NON DECEDUTO;Non accertato;
5415498;8;14/05/2021 08:10:00;Strada Urbana;VIALE S. RITA DA CASCIA;da specificare;;;;100 mt. prima rotatoria dir. Via Tor Bella Monaca;Scontro laterale fra veicoli in marcia;Rettilineo;Una carreggiata a doppio senso;Asciutto;Asfaltata;Verticale ed orizzontale;Sereno;Intenso;Buona;;1;0;0;1;12.6438;41.8697;-1;1;Motociclo a solo;In marcia / fermata / arresto;Conducente;M;Rifiuta cure immediate;0;NON DECEDUTO;;
5415498;8;14/05/2021 08:10:00;Strada Urbana;VIALE S. RITA DA CASCIA;da specificare;;;;100 mt. prima rotatoria dir. Via Tor Bella Monaca;Scontro laterale fra veicoli in marcia;Rettilineo;Una carreggiata a doppio senso;Asciutto;Asfaltata;Verticale ed orizzontale;Sereno;Intenso;Buona;;1;0;0;1;12.6438;41.8697;-1;2;Autovettura privata;In marcia / fermata / arresto;Conducente;M;Illeso;0;;Non accertato;
5415502;8;14/05/2021 11:00:00;Strada Urbana;VIALE OXFORD;da specificare;;;;civ. 81 (area di parcheggio);Scontro laterale fra veicoli in marcia;Rettilineo;Una carreggiata a doppio senso;Asciutto;Asfaltata;Assente;Nuvoloso;Normale;Buona;;0;0;0;3;12.6287;41.8585;-1;1;Autovettura privata;In marcia / fermata / arresto;Conducente;M;Illeso;0;;Non accertato;Inesploso
5415502;8;14/05/2021 11:00:00;Strada Urbana;VIALE OXFORD;da specificare;;;;civ. 81 (area di parcheggio);Scontro laterale fra veicoli in marcia;Rettilineo;Una carreggiata a doppio senso;Asciutto;Asfaltata;Assente;Nuvoloso;Normale;Buona;;0;0;0;3;12.6287;41.8585;-1;1;Autovettura privata;In marcia / fermata / arresto;Passeggero;F;Illeso;0;;Non accertato;Inesploso
5415502;8;14/05/2021 11:00:00;Strada Urbana;VIALE OXFORD;da specificare;;;;civ. 81 (area di parcheggio);Scontro laterale fra veicoli in marcia;Rettilineo;Una carreggiata a doppio senso;Asciutto;Asfaltata;Assente;Nuvoloso;Normale;Buona;;0;0;0;3;12.6287;41.8585;-1;2;Autovettura privata;In marcia / fermata / arresto;Conducente;M;Illeso;0;;Non accertato;Inesploso
5415511;8;14/05/2021 13:30:00;Strada Urbana;VIA COLLATINA;da specificare;;;;altezza rotatoria Via Cicali;Tamponamento;Rotatoria;Una carreggiata a doppio senso;Asciutto;Asfaltata;Verticale ed orizzontale;Nuvoloso;Normale;Buona;;0;0;0;5;12.6497;41.9121;-1;1;Autovettura privata;In marcia / fermata / arresto;Conducente;M;Illeso;0;;Non accertato;Inesploso
5415511;8;14/05/2021 13:30:00;Strada Urbana;VIA COLLATINA;da specificare;;;;altezza rotatoria Via Cicali;Tamponamento;Rotatoria;Una carreggiata a doppio senso;Asciutto;Asfaltata;Verticale ed orizzontale;Nuvoloso;Normale;Buona;;0;0;0;5;12.6497;41.9121;-1;1;Autovettura privata;In marcia / fermata / arresto;Passeggero;M;Illeso;0;;Non accertato;Inesploso
5415511;8;14/05/2021 13:30:00;Strada Urbana;VIA COLLATINA;da specificare;;;;altezza rotatoria Via Cicali;Tamponamento;Rotatoria;Una carreggiata a doppio senso;Asciutto;Asfaltata;Verticale ed orizzontale;Nuvoloso;Normale;Buona;;0;0;0;5;12.6497;41.9121;-1;1;Autovettura privata;In marcia / fermata / arresto;Passeggero;M;Illeso;0;;Non accertato;Inesploso
5415511;8;14/05/2021 13:30:00;Strada Urbana;VIA COLLATINA;da specificare;;;;altezza rotatoria Via Cicali;Tamponamento;Rotatoria;Una carreggiata a doppio senso;Asciutto;Asfaltata;Verticale ed orizzontale;Nuvoloso;Normale;Buona;;0;0;0;5;12.6497;41.9121;-1;2;Autovettura privata;In marcia / fermata / arresto;Conducente;M;Illeso;0;;Non accertato;Inesploso
5415514;12;14/05/2021 15:10:00;Provinciale entro l'abitato;VIA DI TRIGORIA;in prossimit�;;del civico n.;248;;Scontro laterale fra veicoli in marcia;Rettilineo;Una carreggiata a doppio senso;Bagnato (pioggia);Asfaltata;Verticale ed orizzontale;Pioggia in atto;Normale;Sufficiente;;0;0;0;2;12.4664;41.749;-1;1;Autovettura privata;In marcia / fermata / arresto;Conducente;F;Illeso;0;;Utilizzato;Esploso
5415514;12;14/05/2021 15:10:00;Provinciale entro l'abitato;VIA DI TRIGORIA;in prossimit�;;del civico n.;248;;Scontro laterale fra veicoli in marcia;Rettilineo;Una carreggiata a doppio senso;Bagnato (pioggia);Asfaltata;Verticale ed orizzontale;Pioggia in atto;Normale;Sufficiente;;0;0;0;2;12.4664;41.749;-1;2;Macchina operatrice;In marcia / fermata / arresto;Conducente;M;Illeso;0;;Utilizzato;Inesploso
5415515;8;14/05/2021 15:00:00;Strada Urbana;VIA ENRICO GIGLIOLI;in corrispondenza;;del civico n.;74;;Veicolo in marcia contro veicolo fermo;Rettilineo;Una carreggiata a doppio senso;Bagnato (pioggia);Asfaltata;Verticale ed orizzontale;Pioggia in atto;Normale;Buona;;0;0;0;2;12.5984;41.8699;-1;1;Autovettura privata;In marcia / fermata / arresto;Conducente;M;Illeso;0;;Non accertato;Inesploso
5415515;8;14/05/2021 15:00:00;Strada Urbana;VIA ENRICO GIGLIOLI;in corrispondenza;;del civico n.;74;;Veicolo in marcia contro veicolo fermo;Rettilineo;Una carreggiata a doppio senso;Bagnato (pioggia);Asfaltata;Verticale ed orizzontale;Pioggia in atto;Normale;Buona;;0;0;0;2;12.5984;41.8699;-1;1;Autovettura privata;In marcia / fermata / arresto;Passeggero;M;Illeso;0;;Non accertato;Inesploso
5415515;8;14/05/2021 15:00:00;Strada Urbana;VIA ENRICO GIGLIOLI;in corrispondenza;;del civico n.;74;;Veicolo in marcia contro veicolo fermo;Rettilineo;Una carreggiata a doppio senso;Bagnato (pioggia);Asfaltata;Verticale ed orizzontale;Pioggia in atto;Normale;Buona;;0;0;0;2;12.5984;41.8699;-1;2;Autovettura privata;Allontanatosi;;;;;;;
5415522;8;14/05/2021 13:20:00;Strada Urbana;VIA PIETRO BELON;da specificare;;;;altezza Policlinico Casilino;Investimento di pedone;Rettilineo;Una carreggiata a doppio senso;Bagnato (pioggia);Asfaltata;Assente;Pioggia in atto;Normale;Buona;;1;0;0;0;12.5908;41.8694;-1;;;;Pedone;M;Rimandato;0;NON DECEDUTO;;
5415522;8;14/05/2021 13:20:00;Strada Urbana;VIA PIETRO BELON;da specificare;;;;altezza Policlinico Casilino;Investimento di pedone;Rettilineo;Una carreggiata a doppio senso;Bagnato (pioggia);Asfaltata;Assente;Pioggia in atto;Normale;Buona;;1;0;0;0;12.5908;41.8694;-1;1;Autocarro inferiore 35 q.;In marcia / fermata / arresto;;;;;;;
5415526;8;14/05/2021 17:40:00;Strada Urbana;VIA DI TOR BELLA MONACA;in corrispondenza;;del civico n.;349;;Tamponamento;Rettilineo;Due carreggiate;Asciutto;Asfaltata;Orizzontale;Nuvoloso;Normale;Buona;;3;0;0;2;12.6273;41.877;-1;1;Autovettura privata;In marcia / fermata / arresto;Conducente;M;Rifiuta cure immediate;0;NON DECEDUTO;Non accertato;Inesploso
5415526;8;14/05/2021 17:40:00;Strada Urbana;VIA DI TOR BELLA MONACA;in corrispondenza;;del civico n.;349;;Tamponamento;Rettilineo;Due carreggiate;Asciutto;Asfaltata;Orizzontale;Nuvoloso;Normale;Buona;;3;0;0;2;12.6273;41.877;-1;1;Autovettura privata;In marcia / fermata / arresto;Passeggero;M;Illeso;0;;Non accertato;Inesploso
5415526;8;14/05/2021 17:40:00;Strada Urbana;VIA DI TOR BELLA MONACA;in corrispondenza;;del civico n.;349;;Tamponamento;Rettilineo;Due carreggiate;Asciutto;Asfaltata;Orizzontale;Nuvoloso;Normale;Buona;;3;0;0;2;12.6273;41.877;-1;2;Autovettura privata;In marcia / fermata / arresto;Conducente;F;Rifiuta cure immediate;0;NON DECEDUTO;Non accertato;Inesploso
5415526;8;14/05/2021 17:40:00;Strada Urbana;VIA DI TOR BELLA MONACA;in corrispondenza;;del civico n.;349;;Tamponamento;Rettilineo;Due carreggiate;Asciutto;Asfaltata;Orizzontale;Nuvoloso;Normale;Buona;;3;0;0;2;12.6273;41.877;-1;2;Autovettura privata;In marcia / fermata / arresto;Passeggero;M;Illeso;0;;Non accertato;Inesploso
5415526;8;14/05/2021 17:40:00;Strada Urbana;VIA DI TOR BELLA MONACA;in corrispondenza;;del civico n.;349;;Tamponamento;Rettilineo;Due carreggiate;Asciutto;Asfaltata;Orizzontale;Nuvoloso;Normale;Buona;;3;0;0;2;12.6273;41.877;-1;2;Autovettura privata;In marcia / fermata / arresto;Passeggero;F;Rimandato;0;NON DECEDUTO;Non accertato;Inesploso
5415533;8;14/05/2021 14:15:00;Strada Urbana;VIA DEL FOSSO SCILICINO;all'intersezione con;VIA DEL FOSSO DELL'OSA;VIA DEL FOSSO DELL'OSA;;;Scontro frontale/laterale DX fra veicoli in marcia;Intersezione stradale segnalata;Una carreggiata a doppio senso;Bagnato (pioggia);Asfaltata;Verticale ed orizzontale;Pioggia in atto;Normale;Buona;;4;0;0;4;12.6843;41.9035;-1;1;Autovettura privata;In marcia / fermata / arresto;Conducente;F;Illeso;0;;Non accertato;Inesploso
5415533;8;14/05/2021 14:15:00;Strada Urbana;VIA DEL FOSSO SCILICINO;all'intersezione con;VIA DEL FOSSO DELL'OSA;VIA DEL FOSSO DELL'OSA;;;Scontro frontale/laterale DX fra veicoli in marcia;Intersezione stradale segnalata;Una carreggiata a doppio senso;Bagnato (pioggia);Asfaltata;Verticale ed orizzontale;Pioggia in atto;Normale;Buona;;4;0;0;4;12.6843;41.9035;-1;2;Autovettura privata;In marcia / fermata / arresto;Conducente;M;Rimandato;0;NON DECEDUTO;Non accertato;Esploso
5415533;8;14/05/2021 14:15:00;Strada Urbana;VIA DEL FOSSO SCILICINO;all'intersezione con;VIA DEL FOSSO DELL'OSA;VIA DEL FOSSO DELL'OSA;;;Scontro frontale/laterale DX fra veicoli in marcia;Intersezione stradale segnalata;Una carreggiata a doppio senso;Bagnato (pioggia);Asfaltata;Verticale ed orizzontale;Pioggia in atto;Normale;Buona;;4;0;0;4;12.6843;41.9035;-1;2;Autovettura privata;In marcia / fermata / arresto;Passeggero;F;Rimandato;0;NON DECEDUTO;Non accertato;Inesploso
5415533;8;14/05/2021 14:15:00;Strada Urbana;VIA DEL FOSSO SCILICINO;all'intersezione con;VIA DEL FOSSO DELL'OSA;VIA DEL FOSSO DELL'OSA;;;Scontro frontale/laterale DX fra veicoli in marcia;Intersezione stradale segnalata;Una carreggiata a doppio senso;Bagnato (pioggia);Asfaltata;Verticale ed orizzontale;Pioggia in atto;Normale;Buona;;4;0;0;4;12.6843;41.9035;-1;2;Autovettura privata;In marcia / fermata / arresto;Passeggero;F;Rifiuta cure immediate;0;NON DECEDUTO;Non accertato;Inesploso
5415533;8;14/05/2021 14:15:00;Strada Urbana;VIA DEL FOSSO SCILICINO;all'intersezione con;VIA DEL FOSSO DELL'OSA;VIA DEL FOSSO DELL'OSA;;;Scontro frontale/laterale DX fra veicoli in marcia;Intersezione stradale segnalata;Una carreggiata a doppio senso;Bagnato (pioggia);Asfaltata;Verticale ed orizzontale;Pioggia in atto;Normale;Buona;;4;0;0;4;12.6843;41.9035;-1;3;Autovettura privata;In marcia / fermata / arresto;Conducente;M;Rimandato;0;NON DECEDUTO;Non accertato;Inesploso
5415533;8;14/05/2021 14:15:00;Strada Urbana;VIA DEL FOSSO SCILICINO;all'intersezione con;VIA DEL FOSSO DELL'OSA;VIA DEL FOSSO DELL'OSA;;;Scontro frontale/laterale DX fra veicoli in marcia;Intersezione stradale segnalata;Una carreggiata a doppio senso;Bagnato (pioggia);Asfaltata;Verticale ed orizzontale;Pioggia in atto;Normale;Buona;;4;0;0;4;12.6843;41.9035;-1;3;Autovettura privata;In marcia / fermata / arresto;Passeggero;F;Illeso;0;;Non accertato;Inesploso
5415533;8;14/05/2021 14:15:00;Strada Urbana;VIA DEL FOSSO SCILICINO;all'intersezione con;VIA DEL FOSSO DELL'OSA;VIA DEL FOSSO DELL'OSA;;;Scontro frontale/laterale DX fra veicoli in marcia;Intersezione stradale segnalata;Una carreggiata a doppio senso;Bagnato (pioggia);Asfaltata;Verticale ed orizzontale;Pioggia in atto;Normale;Buona;;4;0;0;4;12.6843;41.9035;-1;4;Autovettura privata;In marcia / fermata / arresto;Conducente;M;Illeso;0;;Non accertato;Inesploso
5415533;8;14/05/2021 14:15:00;Strada Urbana;VIA DEL FOSSO SCILICINO;all'intersezione con;VIA DEL FOSSO DELL'OSA;VIA DEL FOSSO DELL'OSA;;;Scontro frontale/laterale DX fra veicoli in marcia;Intersezione stradale segnalata;Una carreggiata a doppio senso;Bagnato (pioggia);Asfaltata;Verticale ed orizzontale;Pioggia in atto;Normale;Buona;;4;0;0;4;12.6843;41.9035;-1;4;Autovettura privata;In marcia / fermata / arresto;Passeggero;F;Illeso;0;;Non accertato;Inesploso
5415534;13;14/05/2021 06:30:00;;VIA LITORANEA;da specificare;;;;prossimit� via Ugo Ferrandi;Veicolo in marcia contro ostacolo accidentale;;;;;;;;;;0;0;0;2;;;0;1;Autovettura privata;In marcia / fermata / arresto;Conducente;M;Illeso;0;;Non accertato;
5415534;13;14/05/2021 06:30:00;;VIA LITORANEA;da specificare;;;;prossimit� via Ugo Ferrandi;Veicolo in marcia contro ostacolo accidentale;;;;;;;;;;0;0;0;2;;;0;1;Autovettura privata;In marcia / fermata / arresto;Passeggero;F;Illeso;0;;Non accertato;Inesploso
5415547;13;14/05/2021 07:35:00;Strada Urbana;VIA GABRIELE TORREMUZZA;all'intersezione con;VIA FERDINANDO CASTAGNOLI;VIA FERDINANDO CASTAGNOLI;;;Scontro laterale fra veicoli in marcia;Incrocio;Una carreggiata a doppio senso;Asciutto;Asfaltata;Verticale ed orizzontale;Sereno;Normale;Buona;;1;0;0;1;12.3056;41.7657;-1;1;Autovettura privata;In marcia / fermata / arresto;Conducente;F;Illeso;0;;Non accertato;
5415547;13;14/05/2021 07:35:00;Strada Urbana;VIA GABRIELE TORREMUZZA;all'intersezione con;VIA FERDINANDO CASTAGNOLI;VIA FERDINANDO CASTAGNOLI;;;Scontro laterale fra veicoli in marcia;Incrocio;Una carreggiata a doppio senso;Asciutto;Asfaltata;Verticale ed orizzontale;Sereno;Normale;Buona;;1;0;0;1;12.3056;41.7657;-1;2;Autovettura privata;In marcia / fermata / arresto;Conducente;M;Rimandato;0;NON DECEDUTO;Non accertato;
5415550;10;14/05/2021 12:35:00;Strada Urbana;VIA CARLO FADDA;in corrispondenza;;del civico n.;112;;Scontro frontale/laterale SX fra veicoli in marcia;Rettilineo;Una carreggiata a doppio senso;Asciutto;Asfaltata;Verticale ed orizzontale;Sereno;Normale;Buona;;0;0;0;2;12.5708;41.8632;-1;1;Autovettura privata;In marcia / fermata / arresto;Conducente;F;Illeso;0;;Non accertato;Inesploso
5415550;10;14/05/2021 12:35:00;Strada Urbana;VIA CARLO FADDA;in corrispondenza;;del civico n.;112;;Scontro frontale/laterale SX fra veicoli in marcia;Rettilineo;Una carreggiata a doppio senso;Asciutto;Asfaltata;Verticale ed orizzontale;Sereno;Normale;Buona;;0;0;0;2;12.5708;41.8632;-1;2;Motociclo a solo;In marcia / fermata / arresto;Conducente;M;Illeso;0;;Non accertato;
5415552;6;15/05/2021 07:00:00;Strada Urbana;VIALE FILARETE;all'intersezione con;VIA GALEAZZO ALESSI;VIA GALEAZZO ALESSI;;;Scontro frontale/laterale DX fra veicoli in marcia;Incrocio;Due carreggiate;Asciutto;Asfaltata;Verticale ed orizzontale;Sereno;Scarso;Buona;;3;0;0;0;12.5387;41.8794;-1;1;Autovettura di polizia;In marcia / fermata / arresto;Conducente;M;Rimandato;0;NON DECEDUTO;Non accertato;Inesploso
5415552;6;15/05/2021 07:00:00;Strada Urbana;VIALE FILARETE;all'intersezione con;VIA GALEAZZO ALESSI;VIA GALEAZZO ALESSI;;;Scontro frontale/laterale DX fra veicoli in marcia;Incrocio;Due carreggiate;Asciutto;Asfaltata;Verticale ed orizzontale;Sereno;Scarso;Buona;;3;0;0;0;12.5387;41.8794;-1;1;Autovettura di polizia;In marcia / fermata / arresto;Passeggero;M;Rimandato;0;NON DECEDUTO;Non accertato;Inesploso
5415552;6;15/05/2021 07:00:00;Strada Urbana;VIALE FILARETE;all'intersezione con;VIA GALEAZZO ALESSI;VIA GALEAZZO ALESSI;;;Scontro frontale/laterale DX fra veicoli in marcia;Incrocio;Due carreggiate;Asciutto;Asfaltata;Verticale ed orizzontale;Sereno;Scarso;Buona;;3;0;0;0;12.5387;41.8794;-1;2;Autovettura privata;In marcia / fermata / arresto;Conducente;M;Rimandato;0;NON DECEDUTO;Non accertato;
5415557;15;14/05/2021 15:40:00;Strada Urbana;VICOLO DI PAPA LEONE;da specificare;;;;prox fermata ATAC 77172;Scontro frontale/laterale DX fra veicoli in marcia;Rettilineo;Una carreggiata a doppio senso;Bagnato (pioggia);Asfaltata;Orizzontale;Pioggia in atto;Normale;Sufficiente;;0;0;0;2;12.4447;41.8434;-1;1;Autovettura privata;In marcia / fermata / arresto;Conducente;F;Illeso;0;;Utilizzato;Esploso
5415557;15;14/05/2021 15:40:00;Strada Urbana;VICOLO DI PAPA LEONE;da specificare;;;;prox fermata ATAC 77172;Scontro frontale/laterale DX fra veicoli in marcia;Rettilineo;Una carreggiata a doppio senso;Bagnato (pioggia);Asfaltata;Orizzontale;Pioggia in atto;Normale;Sufficiente;;0;0;0;2;12.4447;41.8434;-1;2;Autovettura privata;In marcia / fermata / arresto;Conducente;M;Illeso;0;;Non accertato;
5415561;10;14/05/2021 20:40:00;Strada Urbana;PIAZZA DI CINECITTA';all'intersezione semaforizzata con;VIA TUSCOLANA;VIA TUSCOLANA;;;Scontro laterale fra veicoli in marcia;Intersezione semaforizzata;Due carreggiate;Bagnato (pioggia);Asfaltata;Verticale ed orizzontale;Pioggia in atto;Normale;Buona;;1;0;0;1;12.5679;41.8538;-1;1;Motociclo a solo;In marcia / fermata / arresto;Conducente;M;Rimandato;0;NON DECEDUTO;Non accertato;
5415561;10;14/05/2021 20:40:00;Strada Urbana;PIAZZA DI CINECITTA';all'intersezione semaforizzata con;VIA TUSCOLANA;VIA TUSCOLANA;;;Scontro laterale fra veicoli in marcia;Intersezione semaforizzata;Due carreggiate;Bagnato (pioggia);Asfaltata;Verticale ed orizzontale;Pioggia in atto;Normale;Buona;;1;0;0;1;12.5679;41.8538;-1;2;Autovettura privata;In marcia / fermata / arresto;Conducente;M;Illeso;0;;Non accertato;Inesploso