Protocollo;Gruppo;DataOraIncidente;Localizzazione1;STRADA1;Localizzazione2;STRADA2;Strada02;Chilometrica;DaSpecificare;NaturaIncidente;particolaritastrade;TipoStrada;FondoStradale;Pavimentazione;Segnaletica;CondizioneAtmosferica;Traffico;Visibilita;Illuminazione;NUM_FERITI;NUM_RISERVATA;NUM_MORTI;NUM_ILLESI;Longitudine;Latitudine;Confermato;Progressivo;TipoVeicolo;StatoVeicolo;TipoPersona;Sesso;Tipolesione;Deceduto;DecedutoDopo;CinturaCascoUtilizzato;Airbag;
5418226;16;15/05/2021 09:40:00;Strada Urbana;VIA AURELIA ANTICA;all'intersezione con;VIA DELLE FORNACI;VIA DELLE FORNACI;;;Scontro frontale/laterale DX fra veicoli in marcia;Intersezione non regolata/non segnalata;Una carreggiata a doppio senso;Asciutto;Asfaltata;Assente;Sereno;Normale;Buona;;0;0;0;3;12.435;41.8902;-1;1;Motociclo a solo;In marcia / fermata / arresto;Conducente;M;Illeso;0;;Non accertato;
5418226;16;15/05/2021 09:40:00;Strada Urbana;VIA AURELIA ANTICA;all'intersezione con;VIA DELLE FORNACI;VIA DELLE FORNACI;;;Scontro frontale/laterale DX fra veicoli in marcia;Intersezione non regolata/non segnalata;Una carreggiata a doppio senso;Asciutto;Asfaltata;Assente;Sereno;Normale;Buona;;0;0;0;3;12.435;41.8902;-1;2;Motociclo a solo;In marcia / fermata / arresto;Conducente;M;Illeso;0;;Non accertato;
5418226;16;15/05/2021 09:40:00;Strada Urbana;VIA AURELIA ANTICA;all'intersezione con;VIA DELLE FORNACI;VIA DELLE FORNACI;;;Scontro frontale/laterale DX fra veicoli in marcia;Intersezione non regolata/non segnalata;Una carreggiata a doppio senso;Asciutto;Asfaltata;Assente;Sereno;Normale;Buona;;0;0;0;3;12.435;41.8902;-1;2;Motociclo a solo;In marcia / fermata / arresto;Passeggero;F;Illeso;0;;Non accertato;
5418293;6;17/05/2021 12:10:00;Strada Urbana;VIA CASILINA;in corrispondenza;;del civico n.;769;;Scontro frontale/laterale DX fra veicoli in marcia;Rettilineo;Pi� di due carreggiate;Asciutto;Asfaltata;Verticale ed orizzontale;Sereno;Normale;Buona;;0;0;0;3;12.5567;41.8758;-1;1;Autovettura privata;In marcia / fermata / arresto;Conducente;M;Illeso;0;;Non accertato;Inesploso
5418293;6;17/05/2021 12:10:00;Strada Urbana;VIA CASILINA;in corrispondenza;;del civico n.;769;;Scontro frontale/laterale DX fra veicoli in marcia;Rettilineo;Pi� di due carreggiate;Asciutto;Asfaltata;Verticale ed orizzontale;Sereno;Normale;Buona;;0;0;0;3;12.5567;41.8758;-1;1;Autovettura privata;In marcia / fermata / arresto;Passeggero;F;Illeso;0;;Non accertato;Inesploso
5418293;6;17/05/2021 12:10:00;Strada Urbana;VIA CASILINA;in corrispondenza;;del civico n.;769;;Scontro frontale/laterale DX fra veicoli in marcia;Rettilineo;Pi� di due carreggiate;Asciutto;Asfaltata;Verticale ed orizzontale;Sereno;Normale;Buona;;0;0;0;3;12.5567;41.8758;-1;2;Autovettura privata;In marcia / fermata / arresto;Conducente;M;Illeso;0;;Non accertato;Inesploso
5418325;3;16/05/2021 00:30:00;Strada Urbana;VIA LAZZARO SPALLANZANI;in corrispondenza;;del civico n.;8;;Veicolo in marcia contro veicoli in sosta;Rettilineo;Una carreggiata a doppio senso;Asciutto;Asfaltata;Verticale ed orizzontale;Sereno;Scarso;Sufficiente;;0;0;0;1;12.5091;41.9137;-1;1;Autovettura privata;In marcia / fermata / arresto;Conducente;F;Illeso;0;;Non accertato;
5418325;3;16/05/2021 00:30:00;Strada Urbana;VIA LAZZARO SPALLANZANI;in corrispondenza;;del civico n.;8;;Veicolo in marcia contro veicoli in sosta;Rettilineo;Una carreggiata a doppio senso;Asciutto;Asfaltata;Verticale ed orizzontale;Sereno;Scarso;Sufficiente;;0;0;0;1;12.5091;41.9137;-1;2;Autovettura privata;Sosta;;;;;;;
5418351;17;15/05/2021 23:00:00;Strada Urbana;VIALE VENTUNO APRILE;in corrispondenza;;del civico n.;13/E;;Scontro laterale fra veicoli in marcia;Rettilineo;Una carreggiata a doppio senso;Asciutto;Asfaltata;Verticale ed orizzontale;Sereno;Scarso;Buona;;1;0;0;1;12.5192;41.9204;-1;1;Autovettura privata;In marcia / fermata / arresto;Conducente;M;Illeso;0;;;
5418351;17;15/05/2021 23:00:00;Strada Urbana;VIALE VENTUNO APRILE;in corrispondenza;;del civico n.;13/E;;Scontro laterale fra veicoli in marcia;Rettilineo;Una carreggiata a doppio senso;Asciutto;Asfaltata;Verticale ed orizzontale;Sereno;Scarso;Buona;;1;0;0;1;12.5192;41.9204;-1;2;Motociclo a solo;In marcia / fermata / arresto;Conducente;M;Rimandato;0;NON DECEDUTO;;
5418355;20;14/05/2021 14:40:00;Strada Urbana;VIA DEL FORO ITALICO;da specificare;;;;USCITA GALLERIA GIOVANNI XXIII;Infortunio per caduta del veicolo;Rettilineo;Due carreggiate;Bagnato (pioggia);Asfaltata;Verticale ed orizzontale;Pioggia in atto;Intenso;Sufficiente;;1;0;0;0;12.4813;41.9402;-1;1;Ciclomotore;In marcia / fermata / arresto;Conducente;F;Rimandato;0;NON DECEDUTO;;
5418357;3;14/05/2021 08:00:00;Strada Urbana;VIA LAZZARO SPALLANZANI;in corrispondenza;;del civico n.;14;;Scontro frontale/laterale SX fra veicoli in marcia;Rettilineo;Una carreggiata a doppio senso;Asciutto;Asfaltata;Verticale ed orizzontale;Sereno;Intenso;Buona;;0;0;0;2;12.5094;41.9134;-1;1;Autovettura privata;In marcia / fermata / arresto;Conducente;F;Illeso;0;;Non accertato;
5418357;3;14/05/2021 08:00:00;Strada Urbana;VIA LAZZARO SPALLANZANI;in corrispondenza;;del civico n.;14;;Scontro frontale/laterale SX fra veicoli in marcia;Rettilineo;Una carreggiata a doppio senso;Asciutto;Asfaltata;Verticale ed orizzontale;Sereno;Intenso;Buona;;0;0;0;2;12.5094;41.9134;-1;2;Autovettura privata;In marcia / fermata / arresto;Conducente;M;Illeso;0;;Non accertato;
5418359;19;15/05/2021 22:10:00;Strada Urbana;VIA NOMENTANA;in corrispondenza;;del civico n.;429;;Scontro laterale fra veicoli in marcia;Rettilineo;Due carreggiate;Asciutto;Asfaltata;Verticale ed orizzontale;Nuvoloso;Normale;Buona;;2;0;0;3;12.5242;41.9277;-1;1;Motociclo con passeggero;In marcia / fermata / arresto;Conducente;M;Rimandato;0;NON DECEDUTO;Non accertato;
5418359;19;15/05/2021 22:10:00;Strada Urbana;VIA NOMENTANA;in corrispondenza;;del civico n.;429;;Scontro laterale fra veicoli in marcia;Rettilineo;Due carreggiate;Asciutto;Asfaltata;Verticale ed orizzontale;Nuvoloso;Normale;Buona;;2;0;0;3;12.5242;41.9277;-1;1;Motociclo con passeggero;In marcia / fermata / arresto;Passeggero;M;Rimandato;0;NON DECEDUTO;Non accertato;
5418359;19;15/05/2021 22:10:00;Strada Urbana;VIA NOMENTANA;in corrispondenza;;del civico n.;429;;Scontro laterale fra veicoli in marcia;Rettilineo;Due carreggiate;Asciutto;Asfaltata;Verticale ed orizzontale;Nuvoloso;Normale;Buona;;2;0;0;3;12.5242;41.9277;-1;2;Autovettura privata;In marcia / fermata / arresto;Conducente;M;Illeso;0;;Non accertato;Inesploso
5418359;19;15/05/2021 22:10:00;Strada Urbana;VIA NOMENTANA;in corrispondenza;;del civico n.;429;;Scontro laterale fra veicoli in marcia;Rettilineo;Due carreggiate;Asciutto;Asfaltata;Verticale ed orizzontale;Nuvoloso;Normale;Buona;;2;0;0;3;12.5242;41.9277;-1;2;Autovettura privata;In marcia / fermata / arresto;Passeggero;M;Illeso;0;;Non accertato;Inesploso
5418359;19;15/05/2021 22:10:00;Strada Urbana;VIA NOMENTANA;in corrispondenza;;del civico n.;429;;Scontro laterale fra veicoli in marcia;Rettilineo;Due carreggiate;Asciutto;Asfaltata;Verticale ed orizzontale;Nuvoloso;Normale;Buona;;2;0;0;3;12.5242;41.9277;-1;2;Autovettura privata;In marcia / fermata / arresto;Passeggero;F;Illeso;0;;Non accertato;Inesploso
5418368;3;14/05/2021 21:45:00;Strada Urbana;VIA DEI RETI;all'intersezione con;VIA DEGLI ENOTRI;VIA DEGLI ENOTRI;;;Veicolo in marcia che urta buche nella carreggiata;Incrocio;Una carreggiata a doppio senso;Asciutto;Asfaltata;Verticale ed orizzontale;Sereno;Normale;Buona;;1;0;0;2;12.5187;41.8965;-1;1;Autovettura privata;In marcia / fermata / arresto;Conducente;M;Illeso;0;;Non accertato;
5418368;3;14/05/2021 21:45:00;Strada Urbana;VIA DEI RETI;all'intersezione con;VIA DEGLI ENOTRI;VIA DEGLI ENOTRI;;;Veicolo in marcia che urta buche nella carreggiata;Incrocio;Una carreggiata a doppio senso;Asciutto;Asfaltata;Verticale ed orizzontale;Sereno;Normale;Buona;;1;0;0;2;12.5187;41.8965;-1;1;Autovettura privata;In marcia / fermata / arresto;Passeggero;M;Illeso;0;;Non accertato;
5418368;3;14/05/2021 21:45:00;Strada Urbana;VIA DEI RETI;all'intersezione con;VIA DEGLI ENOTRI;VIA DEGLI ENOTRI;;;Veicolo in marcia che urta buche nella carreggiata;Incrocio;Una carreggiata a doppio senso;Asciutto;Asfaltata;Verticale ed orizzontale;Sereno;Normale;Buona;;1;0;0;2;12.5187;41.8965;-1;2;Motociclo a solo;In marcia / fermata / arresto;Conducente;M;Rifiuta cure immediate;0;NON DECEDUTO;Non accertato;
5418384;3;14/05/2021 18:50:00;Strada Urbana;VIA DEI SABELLI;all'intersezione con;VIA DEGLI AUSONI;VIA DEGLI AUSONI;;;Scontro frontale/laterale DX fra veicoli in marcia;Incrocio;Una carreggiata a senso unico di marcia;Asciutto;Asfaltata;Assente;Sereno;Intenso;Buona;;1;0;0;2;12.5173;41.898;-1;1;Motociclo a solo;In marcia / fermata / arresto;Conducente;M;Rifiuta cure immediate;0;NON DECEDUTO;Non accertato;
5418384;3;14/05/2021 18:50:00;Strada Urbana;VIA DEI SABELLI;all'intersezione con;VIA DEGLI AUSONI;VIA DEGLI AUSONI;;;Scontro frontale/laterale DX fra veicoli in marcia;Incrocio;Una carreggiata a senso unico di marcia;Asciutto;Asfaltata;Assente;Sereno;Intenso;Buona;;1;0;0;2;12.5173;41.898;-1;2;Autovettura privata;In marcia / fermata / arresto;Conducente;M;Illeso;0;;Non accertato;
5418384;3;14/05/2021 18:50:00;Strada Urbana;VIA DEI SABELLI;all'intersezione con;VIA DEGLI AUSONI;VIA DEGLI AUSONI;;;Scontro frontale/laterale DX fra veicoli in marcia;Incrocio;Una carreggiata a senso unico di marcia;Asciutto;Asfaltata;Assente;Sereno;Intenso;Buona;;1;0;0;2;12.5173;41.898;-1;2;Autovettura privata;In marcia / fermata / arresto;Passeggero;F;Illeso;0;;Non accertato;
5418390;15;17/05/2021 09:40:00;Strada Urbana;VIA DELLE VIGNE;all'intersezione con;VIA LANFRANCO MAROI;VIA LANFRANCO MAROI;;;Scontro frontale/laterale DX fra veicoli in marcia;Incrocio;Una carreggiata a doppio senso;Asciutto;Asfaltata;Assente;Sereno;Normale;Buona;;1;0;0;1;12.422;41.8404;-1;1;Autovettura privata;In marcia / fermata / arresto;Conducente;F;Illeso;0;;;
5418390;15;17/05/2021 09:40:00;Strada Urbana;VIA DELLE VIGNE;all'intersezione con;VIA LANFRANCO MAROI;VIA LANFRANCO MAROI;;;Scontro frontale/laterale DX fra veicoli in marcia;Incrocio;Una carreggiata a doppio senso;Asciutto;Asfaltata;Assente;Sereno;Normale;Buona;;1;0;0;1;12.422;41.8404;-1;2;Motociclo a solo;In marcia / fermata / arresto;Conducente;M;Rifiuta cure immediate;0;NON DECEDUTO;;
5418394;17;14/05/2021 22:25:00;Strada Urbana;VIA LEONE IV;all'intersezione con;VIA CANDIA;VIA CANDIA;;;Investimento di pedone;Intersezione semaforizzata;Una carreggiata a doppio senso;Bagnato (pioggia);Asfaltata;Verticale ed orizzontale;Pioggia in atto;Normale;Sufficiente;;1;0;0;1;12.4553;41.9087;-1;;;;Pedone;M;Rimandato;0;NON DECEDUTO;;
5418394;17;14/05/2021 22:25:00;Strada Urbana;VIA LEONE IV;all'intersezione con;VIA CANDIA;VIA CANDIA;;;Investimento di pedone;Intersezione semaforizzata;Una carreggiata a doppio senso;Bagnato (pioggia);Asfaltata;Verticale ed orizzontale;Pioggia in atto;Normale;Sufficiente;;1;0;0;1;12.4553;41.9087;-1;1;Autovettura privata;In marcia / fermata / arresto;Conducente;F;Illeso;0;;;
5418403;3;15/05/2021 17:20:00;Strada Urbana;VIALE DELL'UNIVERSITA';da specificare;;;;Castro Laurenziano;Veicolo in marcia contro ostacolo accidentale;Rettilineo;Una carreggiata a doppio senso;Asciutto;Asfaltata;Verticale ed orizzontale;Sereno;Normale;Sufficiente;;0;0;0;5;12.4963;41.8602;-1;1;Autovettura privata;In marcia / fermata / arresto;Conducente;M;Illeso;0;;Non accertato;Inesploso
5418403;3;15/05/2021 17:20:00;Strada Urbana;VIALE DELL'UNIVERSITA';da specificare;;;;Castro Laurenziano;Veicolo in marcia contro ostacolo accidentale;Rettilineo;Una carreggiata a doppio senso;Asciutto;Asfaltata;Verticale ed orizzontale;Sereno;Normale;Sufficiente;;0;0;0;5;12.4963;41.8602;-1;1;Autovettura privata;In marcia / fermata / arresto;Passeggero;F;Illeso;0;;Non accertato;Inesploso
5418403;3;15/05/2021 17:20:00;Strada Urbana;VIALE DELL'UNIVERSITA';da specificare;;;;Castro Laurenziano;Veicolo in marcia contro ostacolo accidentale;Rettilineo;Una carreggiata a doppio senso;Asciutto;Asfaltata;Verticale ed orizzontale;Sereno;Normale;Sufficiente;;0;0;0;5;12.4963;41.8602;-1;2;Autovettura privata;In marcia / fermata / arresto;Conducente;M;Illeso;0;;Non accertato;Inesploso
5418403;3;15/05/2021 17:20:00;Strada Urbana;VIALE DELL'UNIVERSITA';da specificare;;;;Castro Laurenziano;Veicolo in marcia contro ostacolo accidentale;Rettilineo;Una carreggiata a doppio senso;Asciutto;Asfaltata;Verticale ed orizzontale;Sereno;Normale;Sufficiente;;0;0;0;5;12.4963;41.8602;-1;2;Autovettura privata;In marcia / fermata / arresto;Passeggero;M;Illeso;0;;Non accertato;Inesploso
5418403;3;15/05/2021 17:20:00;Strada Urbana;VIALE DELL'UNIVERSITA';da specificare;;;;Castro Laurenziano;Veicolo in marcia contro ostacolo accidentale;Rettilineo;Una carreggiata a doppio senso;Asciutto;Asfaltata;Verticale ed orizzontale;Sereno;Normale;Sufficiente;;0;0;0;5;12.4963;41.8602;-1;3;Autovettura privata;In marcia / fermata / arresto;Conducente;M;Illeso;0;;Non accertato;Inesploso
5418428;9;17/05/2021 11:45:00;;VIA APPIA NUOVA;in prossimit�;;del civico n.;155;;Scontro laterale fra veicoli in marcia;;;;;;;;;;0;0;0;2;12.5152;41.8812;0;1;Autovettura privata;In marcia / fermata / arresto;Conducente;M;Illeso;0;;Non accertato;Inesploso
5418428;9;17/05/2021 11:45:00;;VIA APPIA NUOVA;in prossimit�;;del civico n.;155;;Scontro laterale fra veicoli in marcia;;;;;;;;;;0;0;0;2;12.5152;41.8812;0;2;Autovettura privata;In marcia / fermata / arresto;Conducente;M;Illeso;0;;;
5418521;3;15/05/2021 18:40:00;Strada Urbana;CIRCONVALLAZIONE TIBURTINA;da specificare;;;;direz Salaria rampa dopo uscita A 24;Veicolo in marcia contro veicolo fermo;Rettilineo;Una carreggiata a senso unico di marcia;Asciutto;Asfaltata;Verticale ed orizzontale;Sereno;Normale;Buona;;1;0;0;3;12.528;41.8994;-1;1;Autovettura privata;In marcia / fermata / arresto;Conducente;M;Illeso;0;;;
5418521;3;15/05/2021 18:40:00;Strada Urbana;CIRCONVALLAZIONE TIBURTINA;da specificare;;;;direz Salaria rampa dopo uscita A 24;Veicolo in marcia contro veicolo fermo;Rettilineo;Una carreggiata a senso unico di marcia;Asciutto;Asfaltata;Verticale ed orizzontale;Sereno;Normale;Buona;;1;0;0;3;12.528;41.8994;-1;1;Autovettura privata;In marcia / fermata / arresto;Passeggero;F;Ricoverato;0;NON DECEDUTO;;
5418521;3;15/05/2021 18:40:00;Strada Urbana;CIRCONVALLAZIONE TIBURTINA;da specificare;;;;direz Salaria rampa dopo uscita A 24;Veicolo in marcia contro veicolo fermo;Rettilineo;Una carreggiata a senso unico di marcia;Asciutto;Asfaltata;Verticale ed orizzontale;Sereno;Normale;Buona;;1;0;0;3;12.528;41.8994;-1;1;Autovettura privata;In marcia / fermata / arresto;Passeggero;F;Illeso;0;;;
5418521;3;15/05/2021 18:40:00;Strada Urbana;CIRCONVALLAZIONE TIBURTINA;da specificare;;;;direz Salaria rampa dopo uscita A 24;Veicolo in marcia contro veicolo fermo;Rettilineo;Una carreggiata a senso unico di marcia;Asciutto;Asfaltata;Verticale ed orizzontale;Sereno;Normale;Buona;;1;0;0;3;12.528;41.8994;-1;2;Autovettura privata;In marcia / fermata / arresto;Conducente;M;Illeso;0;;;
5418528;12;15/05/2021 21:50:00;Strada Urbana;VIA NICOLA CAMPANILE;all'intersezione con;VIA VASCO PRATOLINI;VIA VASCO PRATOLINI;;;Scontro frontale/laterale DX fra veicoli in marcia;Incrocio;Una carreggiata a doppio senso;Asciutto;Asfaltata;Verticale ed orizzontale;Sereno;Scarso;Sufficiente;;0;0;0;4;12.4365;41.9203;-1;1;Autovettura privata;In marcia / fermata / arresto;Conducente;M;Illeso;0;;Utilizzato;Esploso
5418528;12;15/05/2021 21:50:00;Strada Urbana;VIA NICOLA CAMPANILE;all'intersezione con;VIA VASCO PRATOLINI;VIA VASCO PRATOLINI;;;Scontro frontale/laterale DX fra veicoli in marcia;Incrocio;Una carreggiata a doppio senso;Asciutto;Asfaltata;Verticale ed orizzontale;Sereno;Scarso;Sufficiente;;0;0;0;4;12.4365;41.9203;-1;1;Autovettura privata;In marcia / fermata / arresto;Passeggero;M;Illeso;0;;Utilizzato;Esploso
5418528;12;15/05/2021 21:50:00;Strada Urbana;VIA NICOLA CAMPANILE;all'intersezione con;VIA VASCO PRATOLINI;VIA VASCO PRATOLINI;;;Scontro frontale/laterale DX fra veicoli in marcia;Incrocio;Una carreggiata a doppio senso;Asciutto;Asfaltata;Verticale ed orizzontale;Sereno;Scarso;Sufficiente;;0;0;0;4;12.4365;41.9203;-1;2;Autovettura privata;In marcia / fermata / arresto;Conducente;M;Illeso;0;;Utilizzato;Esploso
5418528;12;15/05/2021 21:50:00;Strada Urbana;VIA NICOLA CAMPANILE;all'intersezione con;VIA VASCO PRATOLINI;VIA VASCO PRATOLINI;;;Scontro frontale/laterale DX fra veicoli in marcia;Incrocio;Una carreggiata a doppio senso;Asciutto;Asfaltata;Verticale ed orizzontale;Sereno;Scarso;Sufficiente;;0;0;0;4;12.4365;41.9203;-1;2;Autovettura privata;In marcia / fermata / arresto;Passeggero;M;Illeso;0;;Utilizzato;Esploso
5418529;3;15/05/2021 19:05:00;Strada Urbana;VIA TIBURTINA;in prossimit�;;del civico n.;259;;Scontro frontale/laterale SX fra veicoli in marcia;Rettilineo;Pi� di due carreggiate;Asciutto;Asfaltata;Verticale ed orizzontale;Sereno;Normale;Buona;;4;0;0;6;12.5235;41.9072;-1;1;Autobus urbano;In marcia / fermata / arresto;Conducente;M;Illeso;0;;;
5418529;3;15/05/2021 19:05:00;Strada Urbana;VIA TIBURTINA;in prossimit�;;del civico n.;259;;Scontro frontale/laterale SX fra veicoli in marcia;Rettilineo;Pi� di due carreggiate;Asciutto;Asfaltata;Verticale ed orizzontale;Sereno;Normale;Buona;;4;0;0;6;12.5235;41.9072;-1;1;Autobus urbano;In marcia / fermata / arresto;Passeggero;F;Rimandato;0;NON DECEDUTO;;
5418529;3;15/05/2021 19:05:00;Strada Urbana;VIA TIBURTINA;in prossimit�;;del civico n.;259;;Scontro frontale/laterale SX fra veicoli in marcia;Rettilineo;Pi� di due carreggiate;Asciutto;Asfaltata;Verticale ed orizzontale;Sereno;Normale;Buona;;4;0;0;6;12.5235;41.9072;-1;1;Autobus urbano;In marcia / fermata / arresto;Passeggero;F;Rimandato;0;NON DECEDUTO;;
5418529;3;15/05/2021 19:05:00;Strada Urbana;VIA TIBURTINA;in prossimit�;;del civico n.;259;;Scontro frontale/laterale SX fra veicoli in marcia;Rettilineo;Pi� di due carreggiate;Asciutto;Asfaltata;Verticale ed orizzontale;Sereno;Normale;Buona;;4;0;0;6;12.5235;41.9072;-1;1;Autobus urbano;In marcia / fermata / arresto;Passeggero;M;Illeso;0;;;
5418529;3;15/05/2021 19:05:00;Strada Urbana;VIA TIBURTINA;in prossimit�;;del civico n.;259;;Scontro frontale/laterale SX fra veicoli in marcia;Rettilineo;Pi� di due carreggiate;Asciutto;Asfaltata;Verticale ed orizzontale;Sereno;Normale;Buona;;4;0;0;6;12.5235;41.9072;-1;1;Autobus urbano;In marcia / fermata / arresto;Passeggero;M;Illeso;0;;;
5418529;3;15/05/2021 19:05:00;Strada Urbana;VIA TIBURTINA;in prossimit�;;del civico n.;259;;Scontro frontale/laterale SX fra veicoli in marcia;Rettilineo;Pi� di due carreggiate;Asciutto;Asfaltata;Verticale ed orizzontale;Sereno;Normale;Buona;;4;0;0;6;12.5235;41.9072;-1;1;Autobus urbano;In marcia / fermata / arresto;Passeggero;F;Rimandato;0;NON DECEDUTO;;
5418529;3;15/05/2021 19:05:00;Strada Urbana;VIA TIBURTINA;in prossimit�;;del civico n.;259;;Scontro frontale/laterale SX fra veicoli in marcia;Rettilineo;Pi� di due carreggiate;Asciutto;Asfaltata;Verticale ed orizzontale;Sereno;Normale;Buona;;4;0;0;6;12.5235;41.9072;-1;2;Autovettura privata;In marcia / fermata / arresto;Conducente;F;Rimandato;0;NON DECEDUTO;;
5418529;3;15/05/2021 19:05:00;Strada Urbana;VIA TIBURTINA;in prossimit�;;del civico n.;259;;Scontro frontale/laterale SX fra veicoli in marcia;Rettilineo;Pi� di due carreggiate;Asciutto;Asfaltata;Verticale ed orizzontale;Sereno;Normale;Buona;;4;0;0;6;12.5235;41.9072;-1;2;Autovettura privata;In marcia / fermata / arresto;Passeggero;F;Illeso;0;;;
5418529;3;15/05/2021 19:05:00;Strada Urbana;VIA TIBURTINA;in prossimit�;;del civico n.;259;;Scontro frontale/laterale SX fra veicoli in marcia;Rettilineo;Pi� di due carreggiate;Asciutto;Asfaltata;Verticale ed orizzontale;Sereno;Normale;Buona;;4;0;0;6;12.5235;41.9072;-1;2;Autovettura privata;In marcia / fermata / arresto;Passeggero;F;Illeso;0;;;
5418529;3;15/05/2021 19:05:00;Strada Urbana;VIA TIBURTINA;in prossimit�;;del civico n.;259;;Scontro frontale/laterale SX fra veicoli in marcia;Rettilineo;Pi� di due carreggiate;Asciutto;Asfaltata;Verticale ed orizzontale;Sereno;Normale;Buona;;4;0;0;6;12.5235;41.9072;-1;2;Autovettura privata;In marcia / fermata / arresto;Passeggero;F;Illeso;0;;;
5418538;3;15/05/2021 22:10:00;Strada Urbana;VIALE TIRRENO;in prossimit�;;del civico n.;156;;Scontro laterale fra veicoli in marcia;Rettilineo;Due carreggiate;Asciutto;Asfaltata;Verticale ed orizzontale;Sereno;Scarso;Buona;;0;0;0;3;12.5294;41.9403;-1;1;Autovettura privata;In marcia / fermata / arresto;Conducente;M;Illeso;0;;;
5418538;3;15/05/2021 22:10:00;Strada Urbana;VIALE TIRRENO;in prossimit�;;del civico n.;156;;Scontro laterale fra veicoli in marcia;Rettilineo;Due carreggiate;Asciutto;Asfaltata;Verticale ed orizzontale;Sereno;Scarso;Buona;;0;0;0;3;12.5294;41.9403;-1;1;Autovettura privata;In marcia / fermata / arresto;Passeggero;F;Illeso;0;;;
5418538;3;15/05/2021 22:10:00;Strada Urbana;VIALE TIRRENO;in prossimit�;;del civico n.;156;;Scontro laterale fra veicoli in marcia;Rettilineo;Due carreggiate;Asciutto;Asfaltata;Verticale ed orizzontale;Sereno;Scarso;Buona;;0;0;0;3;12.5294;41.9403;-1;2;Motociclo a solo;In marcia / fermata / arresto;Conducente;M;Illeso;0;;;
5418544;10;13/05/2021 02:00:00;Strada Urbana;VIA GASPERINA;all'intersezione con;VIA ANAGNINA;VIA ANAGNINA;;;Veicolo in marcia contro veicolo in sosta;Incrocio;Una carreggiata a doppio senso;Bagnato (pioggia);Asfaltata;Verticale ed orizzontale;Nuvoloso;Scarso;Sufficiente;;0;0;0;1;12.5976;41.8305;-1;1;Autovettura privata;In marcia / fermata / arresto;Conducente;M;Illeso;0;;Non accertato;Inesploso
5418544;10;13/05/2021 02:00:00;Strada Urbana;VIA GASPERINA;all'intersezione con;VIA ANAGNINA;VIA ANAGNINA;;;Veicolo in marcia contro veicolo in sosta;Incrocio;Una carreggiata a doppio senso;Bagnato (pioggia);Asfaltata;Verticale ed orizzontale;Nuvoloso;Scarso;Sufficiente;;0;0;0;1;12.5976;41.8305;-1;2;Autocarro inferiore 35 q.;Sosta;;;;;;;
5418548;3;15/05/2021 19:15:00;Strada Urbana;VIA GIOVANNI BARRACCO;da specificare;;;;fronte civico 5;Veicolo in marcia contro veicoli in sosta;Rettilineo;Una carreggiata a doppio senso;Asciutto;Asfaltata;Verticale ed orizzontale;Sereno;Normale;Buona;;1;0;0;0;12.5202;41.9203;-1;1;Autovettura privata;In marcia / fermata / arresto;Conducente;F;Rimandato;0;NON DECEDUTO;Non accertato;
5418548;3;15/05/2021 19:15:00;Strada Urbana;VIA GIOVANNI BARRACCO;da specificare;;;;fronte civico 5;Veicolo in marcia contro veicoli in sosta;Rettilineo;Una carreggiata a doppio senso;Asciutto;Asfaltata;Verticale ed orizzontale;Sereno;Normale;Buona;;1;0;0;0;12.5202;41.9203;-1;2;Autovettura privata;Sosta;;;;;;;
5418585;17;14/05/2021 20:05:00;Strada Urbana;VIA CRESCENZIO;in prossimit�;;del civico n.;38;;Investimento di pedone;Rettilineo;Una carreggiata a doppio senso;Bagnato (pioggia);In cubetti di porfido;Verticale ed orizzontale;Pioggia in atto;Normale;Sufficiente;;1;0;0;2;12.4646;41.9058;-1;;;;Pedone;M;Illeso;0;;;
5418585;17;14/05/2021 20:05:00;Strada Urbana;VIA CRESCENZIO;in prossimit�;;del civico n.;38;;Investimento di pedone;Rettilineo;Una carreggiata a doppio senso;Bagnato (pioggia);In cubetti di porfido;Verticale ed orizzontale;Pioggia in atto;Normale;Sufficiente;;1;0;0;2;12.4646;41.9058;-1;;;;Pedone;M;Rimandato;0;NON DECEDUTO;;
5418585;17;14/05/2021 20:05:00;Strada Urbana;VIA CRESCENZIO;in prossimit�;;del civico n.;38;;Investimento di pedone;Rettilineo;Una carreggiata a doppio senso;Bagnato (pioggia);In cubetti di porfido;Verticale ed orizzontale;Pioggia in atto;Normale;Sufficiente;;1;0;0;2;12.4646;41.9058;-1;1;Motociclo a solo;In marcia / fermata / arresto;Conducente;M;Illeso;0;;;
5418630;12;15/05/2021 21:05:00;Strada Urbana;PIAZZA LODOVICO CERVA;in corrispondenza;;del civico n.;12;;Veicolo in marcia contro ostacolo fisso;Rettilineo;Una carreggiata a doppio senso;Asciutto;Asfaltata;Verticale ed orizzontale;Sereno;Normale;Buona;;0;0;0;1;12.4894;41.817;-1;1;Autobus di linea;In marcia / fermata / arresto;Conducente;M;Illeso;0;;;
5418660;12;15/05/2021 18:15:00;Strada Urbana;PIAZZALE LUIGI STURZO;all'intersezione con;VIALE DELL'ASTRONOMIA;VIALE DELL'ASTRONOMIA;;;Scontro frontale fra veicoli in marcia;Intersezione stradale segnalata;Una carreggiata a doppio senso;Asciutto;Asfaltata;Verticale ed orizzontale;Sereno;Scarso;Buona;;0;0;0;2;12.4522;41.9225;-1;1;Autovettura privata;In marcia / fermata / arresto;Conducente;M;Illeso;0;;Utilizzato;Inesploso