Protocollo;Gruppo;DataOraIncidente;Localizzazione1;STRADA1;Localizzazione2;STRADA2;Strada02;Chilometrica;DaSpecificare;NaturaIncidente;particolaritastrade;TipoStrada;FondoStradale;Pavimentazione;Segnaletica;CondizioneAtmosferica;Traffico;Visibilita;Illuminazione;NUM_FERITI;NUM_RISERVATA;NUM_MORTI;NUM_ILLESI;Longitudine;Latitudine;Confermato;Progressivo;TipoVeicolo;StatoVeicolo;TipoPersona;Sesso;Tipolesione;Deceduto;DecedutoDopo;CinturaCascoUtilizzato;Airbag;
5424982;2;20/05/2021 12:05:00;Strada Urbana;VIA DEL FORO ITALICO;in prossimit�;;del civico n.;605;;Scontro laterale fra veicoli in marcia;Rettilineo;Una carreggiata a senso unico di marcia;Asciutto;Asfaltata;Verticale ed orizzontale;Sereno;Intenso;Buona;;0;0;0;3;12.499;41.9407;-1;1;Autovettura privata;In marcia / fermata / arresto;Conducente;M;Illeso;0;;Non accertato;Inesploso
5424982;2;20/05/2021 12:05:00;Strada Urbana;VIA DEL FORO ITALICO;in prossimit�;;del civico n.;605;;Scontro laterale fra veicoli in marcia;Rettilineo;Una carreggiata a senso unico di marcia;Asciutto;Asfaltata;Verticale ed orizzontale;Sereno;Intenso;Buona;;0;0;0;3;12.499;41.9407;-1;2;Motociclo a solo;In marcia / fermata / arresto;Conducente;M;Illeso;0;;Non accertato;
5424982;2;20/05/2021 12:05:00;Strada Urbana;VIA DEL FORO ITALICO;in prossimit�;;del civico n.;605;;Scontro laterale fra veicoli in marcia;Rettilineo;Una carreggiata a senso unico di marcia;Asciutto;Asfaltata;Verticale ed orizzontale;Sereno;Intenso;Buona;;0;0;0;3;12.499;41.9407;-1;3;Autovettura privata;In marcia / fermata / arresto;Conducente;F;Illeso;0;;Non accertato;Inesploso
5424987;2;20/05/2021 13:10:00;Strada Urbana;VIA DEL FORO ITALICO;da specificare;;;;di. S.Giovanni pross.civ. 436;Scontro laterale fra veicoli in marcia;Rettilineo;Una carreggiata a senso unico di marcia;Asciutto;Asfaltata;Orizzontale;Sereno;Normale;Buona;;0;0;0;3;12.4813;41.9402;-1;1;Autovettura privata;In marcia / fermata / arresto;Conducente;F;Illeso;0;;Non accertato;Inesploso
5424987;2;20/05/2021 13:10:00;Strada Urbana;VIA DEL FORO ITALICO;da specificare;;;;di. S.Giovanni pross.civ. 436;Scontro laterale fra veicoli in marcia;Rettilineo;Una carreggiata a senso unico di marcia;Asciutto;Asfaltata;Orizzontale;Sereno;Normale;Buona;;0;0;0;3;12.4813;41.9402;-1;1;Autovettura privata;In marcia / fermata / arresto;Passeggero;F;Illeso;0;;Non accertato;Inesploso
5424987;2;20/05/2021 13:10:00;Strada Urbana;VIA DEL FORO ITALICO;da specificare;;;;di. S.Giovanni pross.civ. 436;Scontro laterale fra veicoli in marcia;Rettilineo;Una carreggiata a senso unico di marcia;Asciutto;Asfaltata;Orizzontale;Sereno;Normale;Buona;;0;0;0;3;12.4813;41.9402;-1;2;Autocarro inferiore 35 q.;In marcia / fermata / arresto;Conducente;M;Illeso;0;;Non accertato;Inesploso
5424992;2;20/05/2021 16:45:00;Strada Urbana;VIA GIOVANNI PAISIELLO;in prossimit�;;del civico n.;fr.24;;Veicolo in marcia contro veicoli in sosta;Rettilineo;Una carreggiata a senso unico di marcia;Asciutto;Asfaltata;Verticale ed orizzontale;Sereno;Normale;Buona;;0;0;0;1;12.4932;41.9185;-1;1;Autovettura privata;In marcia / fermata / arresto;Conducente;M;Illeso;0;;Non accertato;Inesploso
5424992;2;20/05/2021 16:45:00;Strada Urbana;VIA GIOVANNI PAISIELLO;in prossimit�;;del civico n.;fr.24;;Veicolo in marcia contro veicoli in sosta;Rettilineo;Una carreggiata a senso unico di marcia;Asciutto;Asfaltata;Verticale ed orizzontale;Sereno;Normale;Buona;;0;0;0;1;12.4932;41.9185;-1;2;Motociclo a solo;Sosta;;;;;;;
5424992;2;20/05/2021 16:45:00;Strada Urbana;VIA GIOVANNI PAISIELLO;in prossimit�;;del civico n.;fr.24;;Veicolo in marcia contro veicoli in sosta;Rettilineo;Una carreggiata a senso unico di marcia;Asciutto;Asfaltata;Verticale ed orizzontale;Sereno;Normale;Buona;;0;0;0;1;12.4932;41.9185;-1;3;Autovettura privata;Sosta;;;;;;;
5425004;1;20/05/2021 19:15:00;Strada Urbana;LUNGOTEVERE IN AUGUSTA;all'intersezione con;PASSEGGIATA DI RIPETTA;PASSEGGIATA DI RIPETTA;;;Tamponamento;Intersezione stradale segnalata;Una carreggiata a senso unico di marcia;Asciutto;Asfaltata;Verticale;Sereno;Intenso;Buona;;0;0;0;2;12.4748;41.9076;-1;1;Motociclo a solo;In marcia / fermata / arresto;Conducente;M;Illeso;0;;Non accertato;
5425004;1;20/05/2021 19:15:00;Strada Urbana;LUNGOTEVERE IN AUGUSTA;all'intersezione con;PASSEGGIATA DI RIPETTA;PASSEGGIATA DI RIPETTA;;;Tamponamento;Intersezione stradale segnalata;Una carreggiata a senso unico di marcia;Asciutto;Asfaltata;Verticale;Sereno;Intenso;Buona;;0;0;0;2;12.4748;41.9076;-1;2;Autovettura di polizia;In marcia / fermata / arresto;Conducente;M;Illeso;0;;;
5425009;18;20/05/2021 22:30:00;Strada Urbana;VIA GREGORIO VII;in prossimit�;;del civico n.;525;;Veicolo in marcia contro veicolo fermo;Rettilineo;Pi� di due carreggiate;Asciutto;Asfaltata;Verticale ed orizzontale;Sereno;Scarso;Buona;;1;0;0;1;12.4341;41.8932;-1;1;Velocipede;In marcia / fermata / arresto;Conducente;M;Rimandato;0;NON DECEDUTO;Esente;
5425009;18;20/05/2021 22:30:00;Strada Urbana;VIA GREGORIO VII;in prossimit�;;del civico n.;525;;Veicolo in marcia contro veicolo fermo;Rettilineo;Pi� di due carreggiate;Asciutto;Asfaltata;Verticale ed orizzontale;Sereno;Scarso;Buona;;1;0;0;1;12.4341;41.8932;-1;2;Autovettura privata;In marcia / fermata / arresto;Conducente;M;Illeso;0;;;
5425013;11;20/05/2021 17:20:00;Strada Urbana;VIA APPIA ANTICA;in prossimit�;;del civico n.;143;;Scontro frontale/laterale DX fra veicoli in marcia;Rettilineo;Una carreggiata a doppio senso;Asciutto;In cubetti di porfido;Verticale;Sereno;Intenso;Buona;;0;0;0;2;12.5174;41.8551;-1;1;Autovettura privata;In marcia / fermata / arresto;Conducente;F;Illeso;0;;;
5425013;11;20/05/2021 17:20:00;Strada Urbana;VIA APPIA ANTICA;in prossimit�;;del civico n.;143;;Scontro frontale/laterale DX fra veicoli in marcia;Rettilineo;Una carreggiata a doppio senso;Asciutto;In cubetti di porfido;Verticale;Sereno;Intenso;Buona;;0;0;0;2;12.5174;41.8551;-1;2;Autovettura privata;In marcia / fermata / arresto;Conducente;M;Illeso;0;;;
5425028;19;20/05/2021 06:30:00;Strada Urbana;VIA MATTIA BATTISTINI;in corrispondenza;;del civico n.;509;;Veicolo in marcia contro ostacolo accidentale;Rettilineo;Una carreggiata a doppio senso;Asciutto;Asfaltata;Verticale ed orizzontale;Sereno;Normale;Buona;;0;0;0;1;12.42;41.9215;-1;1;Autobus di linea;In marcia / fermata / arresto;Conducente;M;Illeso;0;;Non accertato;Inesploso
5425035;11;20/05/2021 22:55:00;Strada Urbana;VIALE CRISTOFORO COLOMBO;in prossimit�;;del palo luce n.;492;;Tamponamento;Rettilineo;Due carreggiate;Asciutto;Asfaltata;Verticale ed orizzontale;Sereno;Scarso;Buona;;0;0;0;3;12.4536;41.8089;-1;1;Autovettura privata;In marcia / fermata / arresto;Conducente;M;Illeso;0;;Non accertato;
5425035;11;20/05/2021 22:55:00;Strada Urbana;VIALE CRISTOFORO COLOMBO;in prossimit�;;del palo luce n.;492;;Tamponamento;Rettilineo;Due carreggiate;Asciutto;Asfaltata;Verticale ed orizzontale;Sereno;Scarso;Buona;;0;0;0;3;12.4536;41.8089;-1;1;Autovettura privata;In marcia / fermata / arresto;Passeggero;F;Illeso;0;;Non accertato;
5425035;11;20/05/2021 22:55:00;Strada Urbana;VIALE CRISTOFORO COLOMBO;in prossimit�;;del palo luce n.;492;;Tamponamento;Rettilineo;Due carreggiate;Asciutto;Asfaltata;Verticale ed orizzontale;Sereno;Scarso;Buona;;0;0;0;3;12.4536;41.8089;-1;2;Autovettura privata;In marcia / fermata / arresto;Conducente;M;Illeso;0;;Non accertato;
5425046;4;20/05/2021 15:05:00;Strada Urbana;VIA RENATO FUCINI;da specificare;;;;fronte civico 91;Veicolo in marcia contro veicolo in sosta;Rettilineo;Due carreggiate;Asciutto;Asfaltata;Verticale;Sereno;Normale;Buona;;0;0;0;3;12.5496;41.9497;-1;1;Autovettura privata;In marcia / fermata / arresto;Conducente;M;Illeso;0;;;
5425046;4;20/05/2021 15:05:00;Strada Urbana;VIA RENATO FUCINI;da specificare;;;;fronte civico 91;Veicolo in marcia contro veicolo in sosta;Rettilineo;Due carreggiate;Asciutto;Asfaltata;Verticale;Sereno;Normale;Buona;;0;0;0;3;12.5496;41.9497;-1;1;Autovettura privata;In marcia / fermata / arresto;Passeggero;M;Illeso;0;;;
5425046;4;20/05/2021 15:05:00;Strada Urbana;VIA RENATO FUCINI;da specificare;;;;fronte civico 91;Veicolo in marcia contro veicolo in sosta;Rettilineo;Due carreggiate;Asciutto;Asfaltata;Verticale;Sereno;Normale;Buona;;0;0;0;3;12.5496;41.9497;-1;1;Autovettura privata;In marcia / fermata / arresto;Passeggero;M;Illeso;0;;;
5425046;4;20/05/2021 15:05:00;Strada Urbana;VIA RENATO FUCINI;da specificare;;;;fronte civico 91;Veicolo in marcia contro veicolo in sosta;Rettilineo;Due carreggiate;Asciutto;Asfaltata;Verticale;Sereno;Normale;Buona;;0;0;0;3;12.5496;41.9497;-1;2;Autovettura privata;Sosta;;;;;;;
5425048;6;21/05/2021 09:15:00;Strada Urbana;PIAZZA DELLA STAZIONE PRENESTINA;in prossimit�;;del civico n.;5;;Scontro laterale fra veicoli in marcia;Rotatoria;Una carreggiata a doppio senso;Asciutto;Asfaltata;Verticale ed orizzontale;Sereno;Scarso;Buona;;1;0;0;2;12.5456;41.8972;-1;1;Motociclo a solo;In marcia / fermata / arresto;Conducente;M;Rifiuta cure immediate;0;NON DECEDUTO;Non accertato;
5425048;6;21/05/2021 09:15:00;Strada Urbana;PIAZZA DELLA STAZIONE PRENESTINA;in prossimit�;;del civico n.;5;;Scontro laterale fra veicoli in marcia;Rotatoria;Una carreggiata a doppio senso;Asciutto;Asfaltata;Verticale ed orizzontale;Sereno;Scarso;Buona;;1;0;0;2;12.5456;41.8972;-1;2;Autovettura privata;In marcia / fermata / arresto;Conducente;M;Illeso;0;;Non accertato;Inesploso
5425048;6;21/05/2021 09:15:00;Strada Urbana;PIAZZA DELLA STAZIONE PRENESTINA;in prossimit�;;del civico n.;5;;Scontro laterale fra veicoli in marcia;Rotatoria;Una carreggiata a doppio senso;Asciutto;Asfaltata;Verticale ed orizzontale;Sereno;Scarso;Buona;;1;0;0;2;12.5456;41.8972;-1;2;Autovettura privata;In marcia / fermata / arresto;Passeggero;M;Illeso;0;;Non accertato;Inesploso
5425067;5;20/05/2021 15:30:00;Strada Urbana;VIA DEI MONTI TIBURTINI;da specificare;;;;fr. via amoretti;Tamponamento Multiplo;Rettilineo;Due carreggiate;Asciutto;Asfaltata;Orizzontale;Sereno;Normale;Buona;;0;0;0;4;12.5414;41.9176;-1;1;Autovettura privata;In marcia / fermata / arresto;Conducente;M;Illeso;0;;Non accertato;
5425067;5;20/05/2021 15:30:00;Strada Urbana;VIA DEI MONTI TIBURTINI;da specificare;;;;fr. via amoretti;Tamponamento Multiplo;Rettilineo;Due carreggiate;Asciutto;Asfaltata;Orizzontale;Sereno;Normale;Buona;;0;0;0;4;12.5414;41.9176;-1;1;Autovettura privata;In marcia / fermata / arresto;Passeggero;M;Illeso;0;;Non accertato;
5425067;5;20/05/2021 15:30:00;Strada Urbana;VIA DEI MONTI TIBURTINI;da specificare;;;;fr. via amoretti;Tamponamento Multiplo;Rettilineo;Due carreggiate;Asciutto;Asfaltata;Orizzontale;Sereno;Normale;Buona;;0;0;0;4;12.5414;41.9176;-1;2;Autovettura privata;In marcia / fermata / arresto;Conducente;M;Illeso;0;;Non accertato;
5425067;5;20/05/2021 15:30:00;Strada Urbana;VIA DEI MONTI TIBURTINI;da specificare;;;;fr. via amoretti;Tamponamento Multiplo;Rettilineo;Due carreggiate;Asciutto;Asfaltata;Orizzontale;Sereno;Normale;Buona;;0;0;0;4;12.5414;41.9176;-1;3;Autovettura privata;In marcia / fermata / arresto;Conducente;F;Illeso;0;;Non accertato;
5425080;16;20/05/2021 18:15:00;Strada Urbana;VIALE DI TRASTEVERE;da specificare;;;;fronte civico 279;Tamponamento;Rettilineo;Pi� di due carreggiate;Asciutto;Asfaltata;Assente;Sereno;Normale;Buona;;1;0;0;1;12.4679;41.8817;-1;1;Autovettura pubblica;Sosta;;;;;;;
5425080;16;20/05/2021 18:15:00;Strada Urbana;VIALE DI TRASTEVERE;da specificare;;;;fronte civico 279;Tamponamento;Rettilineo;Pi� di due carreggiate;Asciutto;Asfaltata;Assente;Sereno;Normale;Buona;;1;0;0;1;12.4679;41.8817;-1;2;Autovettura privata;In marcia / fermata / arresto;Conducente;M;Illeso;0;;Non accertato;Inesploso
5425080;16;20/05/2021 18:15:00;Strada Urbana;VIALE DI TRASTEVERE;da specificare;;;;fronte civico 279;Tamponamento;Rettilineo;Pi� di due carreggiate;Asciutto;Asfaltata;Assente;Sereno;Normale;Buona;;1;0;0;1;12.4679;41.8817;-1;3;Motociclo con passeggero;In marcia / fermata / arresto;Conducente;M;Rimandato;0;NON DECEDUTO;Non accertato;
5425083;5;20/05/2021 15:45:00;Strada Urbana;VIA DI CASAL DEI PAZZI;in prossimit�;;del civico n.;24;;Investimento di pedone;Rettilineo;Una carreggiata a doppio senso;Asciutto;Asfaltata;Verticale ed orizzontale;Sereno;Normale;Buona;;1;0;0;1;12.571;41.9258;-1;;;;Pedone;M;Rimandato;0;NON DECEDUTO;;
5425083;5;20/05/2021 15:45:00;Strada Urbana;VIA DI CASAL DEI PAZZI;in prossimit�;;del civico n.;24;;Investimento di pedone;Rettilineo;Una carreggiata a doppio senso;Asciutto;Asfaltata;Verticale ed orizzontale;Sereno;Normale;Buona;;1;0;0;1;12.571;41.9258;-1;1;Autovettura privata;In marcia / fermata / arresto;Conducente;M;Illeso;0;;Non accertato;
5425086;3;20/05/2021 18:55:00;Strada Urbana;VIA TIBURTINA;in corrispondenza;;del civico n.;70;;Veicolo in marcia contro ostacolo accidentale;Rettilineo;Una carreggiata a doppio senso;Asciutto;Asfaltata;Verticale ed orizzontale;Sereno;Normale;Buona;;2;0;0;2;12.5134;41.8978;-1;1;Autovettura privata;In marcia / fermata / arresto;Conducente;M;Illeso;0;;Non accertato;
5425086;3;20/05/2021 18:55:00;Strada Urbana;VIA TIBURTINA;in corrispondenza;;del civico n.;70;;Veicolo in marcia contro ostacolo accidentale;Rettilineo;Una carreggiata a doppio senso;Asciutto;Asfaltata;Verticale ed orizzontale;Sereno;Normale;Buona;;2;0;0;2;12.5134;41.8978;-1;2;Autovettura privata;In marcia / fermata / arresto;Conducente;M;Illeso;0;;Non accertato;
5425086;3;20/05/2021 18:55:00;Strada Urbana;VIA TIBURTINA;in corrispondenza;;del civico n.;70;;Veicolo in marcia contro ostacolo accidentale;Rettilineo;Una carreggiata a doppio senso;Asciutto;Asfaltata;Verticale ed orizzontale;Sereno;Normale;Buona;;2;0;0;2;12.5134;41.8978;-1;3;Autovettura privata;Sosta;;;;;;;
5425086;3;20/05/2021 18:55:00;Strada Urbana;VIA TIBURTINA;in corrispondenza;;del civico n.;70;;Veicolo in marcia contro ostacolo accidentale;Rettilineo;Una carreggiata a doppio senso;Asciutto;Asfaltata;Verticale ed orizzontale;Sereno;Normale;Buona;;2;0;0;2;12.5134;41.8978;-1;4;Monopattino elettrico;In marcia / fermata / arresto;Conducente;M;Rimandato;0;NON DECEDUTO;Non accertato;
5425086;3;20/05/2021 18:55:00;Strada Urbana;VIA TIBURTINA;in corrispondenza;;del civico n.;70;;Veicolo in marcia contro ostacolo accidentale;Rettilineo;Una carreggiata a doppio senso;Asciutto;Asfaltata;Verticale ed orizzontale;Sereno;Normale;Buona;;2;0;0;2;12.5134;41.8978;-1;5;Velocipede;In marcia / fermata / arresto;Conducente;M;Rimandato;0;NON DECEDUTO;Esente;
5425093;5;20/05/2021 14:50:00;Strada Urbana;VIA TIBURTINA;all'intersezione con;VIA CARLO CANEVA;VIA CARLO CANEVA;;;Scontro frontale/laterale DX fra veicoli in marcia;Intersezione stradale segnalata;Pi� di due carreggiate;Asciutto;Asfaltata;Verticale ed orizzontale;Sereno;Normale;Buona;;1;0;0;2;12.5739;41.9257;-1;1;Autovettura privata;In marcia / fermata / arresto;Conducente;M;Illeso;0;;Non accertato;
5425093;5;20/05/2021 14:50:00;Strada Urbana;VIA TIBURTINA;all'intersezione con;VIA CARLO CANEVA;VIA CARLO CANEVA;;;Scontro frontale/laterale DX fra veicoli in marcia;Intersezione stradale segnalata;Pi� di due carreggiate;Asciutto;Asfaltata;Verticale ed orizzontale;Sereno;Normale;Buona;;1;0;0;2;12.5739;41.9257;-1;2;Autovettura privata;In marcia / fermata / arresto;Conducente;M;Illeso;0;;Non accertato;
5425093;5;20/05/2021 14:50:00;Strada Urbana;VIA TIBURTINA;all'intersezione con;VIA CARLO CANEVA;VIA CARLO CANEVA;;;Scontro frontale/laterale DX fra veicoli in marcia;Intersezione stradale segnalata;Pi� di due carreggiate;Asciutto;Asfaltata;Verticale ed orizzontale;Sereno;Normale;Buona;;1;0;0;2;12.5739;41.9257;-1;2;Autovettura privata;In marcia / fermata / arresto;Passeggero;M;Rimandato;0;NON DECEDUTO;Non accertato;
5425093;5;20/05/2021 14:50:00;Strada Urbana;VIA TIBURTINA;all'intersezione con;VIA CARLO CANEVA;VIA CARLO CANEVA;;;Scontro frontale/laterale DX fra veicoli in marcia;Intersezione stradale segnalata;Pi� di due carreggiate;Asciutto;Asfaltata;Verticale ed orizzontale;Sereno;Normale;Buona;;1;0;0;2;12.5739;41.9257;-1;3;Autocarro inferiore 35 q.;Sosta;;;;;;;
5425093;5;20/05/2021 14:50:00;Strada Urbana;VIA TIBURTINA;all'intersezione con;VIA CARLO CANEVA;VIA CARLO CANEVA;;;Scontro frontale/laterale DX fra veicoli in marcia;Intersezione stradale segnalata;Pi� di due carreggiate;Asciutto;Asfaltata;Verticale ed orizzontale;Sereno;Normale;Buona;;1;0;0;2;12.5739;41.9257;-1;4;Autovettura privata;Sosta;;;;;;;
5425095;19;20/05/2021 07:30:00;Strada Urbana;VIA DELL'ACQUEDOTTO DEL PESCHIERA;da specificare;;;;in prossimit� di Via dell'Acquedotto Paolo;Tamponamento;Rettilineo;Una carreggiata a senso unico di marcia;Asciutto;Asfaltata;Verticale ed orizzontale;Sereno;Normale;Buona;;0;0;0;2;12.4254;41.9365;-1;1;Autovettura privata;In marcia / fermata / arresto;Conducente;M;Illeso;0;;Non accertato;Inesploso
5425095;19;20/05/2021 07:30:00;Strada Urbana;VIA DELL'ACQUEDOTTO DEL PESCHIERA;da specificare;;;;in prossimit� di Via dell'Acquedotto Paolo;Tamponamento;Rettilineo;Una carreggiata a senso unico di marcia;Asciutto;Asfaltata;Verticale ed orizzontale;Sereno;Normale;Buona;;0;0;0;2;12.4254;41.9365;-1;2;Autovettura privata;In marcia / fermata / arresto;Conducente;M;Illeso;0;;Non accertato;Inesploso
5425111;19;20/05/2021 08:00:00;Strada Urbana;VIA COLOGNO MONZESE;in corrispondenza;;del civico n.;176;;Tamponamento;Rettilineo;Una carreggiata a doppio senso;Asciutto;Asfaltata;Assente;Sereno;Scarso;Buona;;0;0;0;5;12.3884;41.9475;-1;1;Autovettura privata;In marcia / fermata / arresto;Conducente;F;Illeso;0;;Non accertato;Inesploso
5425111;19;20/05/2021 08:00:00;Strada Urbana;VIA COLOGNO MONZESE;in corrispondenza;;del civico n.;176;;Tamponamento;Rettilineo;Una carreggiata a doppio senso;Asciutto;Asfaltata;Assente;Sereno;Scarso;Buona;;0;0;0;5;12.3884;41.9475;-1;1;Autovettura privata;In marcia / fermata / arresto;Passeggero;F;Illeso;0;;Non accertato;Inesploso
5425111;19;20/05/2021 08:00:00;Strada Urbana;VIA COLOGNO MONZESE;in corrispondenza;;del civico n.;176;;Tamponamento;Rettilineo;Una carreggiata a doppio senso;Asciutto;Asfaltata;Assente;Sereno;Scarso;Buona;;0;0;0;5;12.3884;41.9475;-1;2;Autovettura privata;In marcia / fermata / arresto;Conducente;M;Illeso;0;;Non accertato;Inesploso
5425111;19;20/05/2021 08:00:00;Strada Urbana;VIA COLOGNO MONZESE;in corrispondenza;;del civico n.;176;;Tamponamento;Rettilineo;Una carreggiata a doppio senso;Asciutto;Asfaltata;Assente;Sereno;Scarso;Buona;;0;0;0;5;12.3884;41.9475;-1;2;Autovettura privata;In marcia / fermata / arresto;Passeggero;M;Illeso;0;;Non accertato;Inesploso
5425132;19;20/05/2021 09:35:00;Strada Urbana;VIA MATTIA BATTISTINI;in prossimit�;;del civico n.;552;;Veicolo in marcia contro ostacolo accidentale;Rettilineo;Una carreggiata a doppio senso;Asciutto;Asfaltata;Verticale ed orizzontale;Sereno;Normale;Buona;;0;0;0;1;12.42;41.9215;-1;1;Autovettura privata;In marcia / fermata / arresto;Conducente;M;Illeso;0;;Non accertato;Inesploso
5425133;16;20/05/2021 20:40:00;Strada Urbana;VIA AURELIA ANTICA;all'intersezione con;VIA GIUSEPPE SPINA;VIA GIUSEPPE SPINA;;;Scontro frontale/laterale DX fra veicoli in marcia;Intersezione stradale segnalata;Una carreggiata a doppio senso;Asciutto;Asfaltata;Verticale ed orizzontale;Sereno;Normale;Sufficiente;;0;0;0;2;12.435;41.8902;-1;1;Velocipede;In marcia / fermata / arresto;Conducente;M;Illeso;0;;Esente;
5425133;16;20/05/2021 20:40:00;Strada Urbana;VIA AURELIA ANTICA;all'intersezione con;VIA GIUSEPPE SPINA;VIA GIUSEPPE SPINA;;;Scontro frontale/laterale DX fra veicoli in marcia;Intersezione stradale segnalata;Una carreggiata a doppio senso;Asciutto;Asfaltata;Verticale ed orizzontale;Sereno;Normale;Sufficiente;;0;0;0;2;12.435;41.8902;-1;2;Autovettura privata;In marcia / fermata / arresto;Conducente;F;Illeso;0;;Non accertato;Inesploso
5425137;7;20/05/2021 14:15:00;Strada Urbana;VIA GALATEA;in prossimit�;;del civico n.;55;;Scontro laterale fra veicoli in marcia;Rettilineo;Una carreggiata a doppio senso;Asciutto;Asfaltata;Assente;Sereno;Normale;Buona;;0;0;0;2;12.6143;41.9147;-1;1;Autovettura privata;In marcia / fermata / arresto;Conducente;M;Illeso;0;;;
5425137;7;20/05/2021 14:15:00;Strada Urbana;VIA GALATEA;in prossimit�;;del civico n.;55;;Scontro laterale fra veicoli in marcia;Rettilineo;Una carreggiata a doppio senso;Asciutto;Asfaltata;Assente;Sereno;Normale;Buona;;0;0;0;2;12.6143;41.9147;-1;2;Autocarro inferiore 35 q.;In marcia / fermata / arresto;Conducente;M;Illeso;0;;;
5425145;5;20/05/2021 17:40:00;Strada Urbana;VIA TIBURTINA;in prossimit�;;del civico n.;757;;Scontro laterale fra veicoli in marcia;Rettilineo;Due carreggiate;Asciutto;Asfaltata;Verticale ed orizzontale;Sereno;Normale;Buona;;0;0;0;2;12.554;41.9134;-1;1;Autovettura privata;In marcia / fermata / arresto;Conducente;M;Illeso;0;;Non accertato;
5425145;5;20/05/2021 17:40:00;Strada Urbana;VIA TIBURTINA;in prossimit�;;del civico n.;757;;Scontro laterale fra veicoli in marcia;Rettilineo;Due carreggiate;Asciutto;Asfaltata;Verticale ed orizzontale;Sereno;Normale;Buona;;0;0;0;2;12.554;41.9134;-1;2;Autovettura privata;In marcia / fermata / arresto;Conducente;M;Illeso;0;;Non accertato;
5425146;19;20/05/2021 10:47:00;Strada Urbana;VIA MATTIA BATTISTINI;in corrispondenza;;del civico n.;552;;Veicolo in marcia contro ostacolo fisso;Rettilineo;Una carreggiata a doppio senso;Asciutto;Asfaltata;Verticale ed orizzontale;Sereno;Normale;Buona;;0;0;0;3;12.42;41.9214;-1;1;Autovettura privata;In marcia / fermata / arresto;Conducente;M;Illeso;0;;Non accertato;Esploso
5425146;19;20/05/2021 10:47:00;Strada Urbana;VIA MATTIA BATTISTINI;in corrispondenza;;del civico n.;552;;Veicolo in marcia contro ostacolo fisso;Rettilineo;Una carreggiata a doppio senso;Asciutto;Asfaltata;Verticale ed orizzontale;Sereno;Normale;Buona;;0;0;0;3;12.42;41.9214;-1;1;Autovettura privata;In marcia / fermata / arresto;Passeggero;F;Illeso;0;;Non accertato;Esploso
5425146;19;20/05/2021 10:47:00;Strada Urbana;VIA MATTIA BATTISTINI;in corrispondenza;;del civico n.;552;;Veicolo in marcia contro ostacolo fisso;Rettilineo;Una carreggiata a doppio senso;Asciutto;Asfaltata;Verticale ed orizzontale;Sereno;Normale;Buona;;0;0;0;3;12.42;41.9214;-1;1;Autovettura privata;In marcia / fermata / arresto;Passeggero;M;Illeso;0;;Non accertato;Inesistente
5425155;5;20/05/2021 18:00:00;Strada Urbana;VIA CAMESENA;in prossimit�;;del civico n.;28;;Veicolo in marcia contro veicoli in sosta;Rettilineo;Una carreggiata a senso unico di marcia;Asciutto;Asfaltata;Assente;Sereno;Normale;Buona;;0;0;0;0;12.5349;41.9089;-1;1;Autovettura privata;Sosta;;;;;;;
5425155;5;20/05/2021 18:00:00;Strada Urbana;VIA CAMESENA;in prossimit�;;del civico n.;28;;Veicolo in marcia contro veicoli in sosta;Rettilineo;Una carreggiata a senso unico di marcia;Asciutto;Asfaltata;Assente;Sereno;Normale;Buona;;0;0;0;0;12.5349;41.9089;-1;2;Autovettura privata;Sosta;;;;;;;
5425155;5;20/05/2021 18:00:00;Strada Urbana;VIA CAMESENA;in prossimit�;;del civico n.;28;;Veicolo in marcia contro veicoli in sosta;Rettilineo;Una carreggiata a senso unico di marcia;Asciutto;Asfaltata;Assente;Sereno;Normale;Buona;;0;0;0;0;12.5349;41.9089;-1;3;Autovettura privata;Sosta;;;;;;;
5425158;19;20/05/2021 11:00:00;Strada Urbana;VIA MATTIA BATTISTINI;in corrispondenza;;del civico n.;552;;Veicolo in marcia contro ostacolo fisso;Rettilineo;Una carreggiata a doppio senso;Asciutto;Asfaltata;Verticale ed orizzontale;Sereno;Normale;Buona;;0;0;0;2;12.42;41.9214;-1;1;Autovettura privata;In marcia / fermata / arresto;Conducente;M;Illeso;0;;Non accertato;
5425158;19;20/05/2021 11:00:00;Strada Urbana;VIA MATTIA BATTISTINI;in corrispondenza;;del civico n.;552;;Veicolo in marcia contro ostacolo fisso;Rettilineo;Una carreggiata a doppio senso;Asciutto;Asfaltata;Verticale ed orizzontale;Sereno;Normale;Buona;;0;0;0;2;12.42;41.9214;-1;1;Autovettura privata;In marcia / fermata / arresto;Passeggero;M;Illeso;0;;Non accertato;
5425177;5;20/05/2021 23:00:00;Strada Urbana;VIA FIUMINATA;all'intersezione con;VIA FABRIANO;VIA FABRIANO;;;Scontro frontale/laterale SX fra veicoli in marcia;Incrocio;Due carreggiate;Asciutto;Asfaltata;Verticale ed orizzontale;Sereno;Normale;Sufficiente;;0;0;0;2;12.5842;41.941;-1;1;Autovettura privata;In marcia / fermata / arresto;Conducente;M;Illeso;0;;Non accertato;Esploso