Protocollo;Gruppo;DataOraIncidente;Localizzazione1;STRADA1;Localizzazione2;STRADA2;Strada02;Chilometrica;DaSpecificare;NaturaIncidente;particolaritastrade;TipoStrada;FondoStradale;Pavimentazione;Segnaletica;CondizioneAtmosferica;Traffico;Visibilita;Illuminazione;NUM_FERITI;NUM_RISERVATA;NUM_MORTI;NUM_ILLESI;Longitudine;Latitudine;Confermato;Progressivo;TipoVeicolo;StatoVeicolo;TipoPersona;Sesso;Tipolesione;Deceduto;DecedutoDopo;CinturaCascoUtilizzato;Airbag;
5426574;13;21/05/2021 17:00:00;Strada Urbana;LUNGOMARE LUTAZIO CATULO;da specificare;;;;pressi civ 6/c;Tamponamento Multiplo;Rettilineo;Due carreggiate;Asciutto;Asfaltata;Verticale ed orizzontale;Sereno;Intenso;Buona;;0;0;0;5;12.3102;41.7169;-1;2;Autovettura privata;In marcia / fermata / arresto;Conducente;M;Illeso;0;;Non accertato;Inesploso
5426574;13;21/05/2021 17:00:00;Strada Urbana;LUNGOMARE LUTAZIO CATULO;da specificare;;;;pressi civ 6/c;Tamponamento Multiplo;Rettilineo;Due carreggiate;Asciutto;Asfaltata;Verticale ed orizzontale;Sereno;Intenso;Buona;;0;0;0;5;12.3102;41.7169;-1;3;Autovettura privata;In marcia / fermata / arresto;Conducente;M;Illeso;0;;Non accertato;Inesploso
5426574;13;21/05/2021 17:00:00;Strada Urbana;LUNGOMARE LUTAZIO CATULO;da specificare;;;;pressi civ 6/c;Tamponamento Multiplo;Rettilineo;Due carreggiate;Asciutto;Asfaltata;Verticale ed orizzontale;Sereno;Intenso;Buona;;0;0;0;5;12.3102;41.7169;-1;3;Autovettura privata;In marcia / fermata / arresto;Passeggero;F;Illeso;0;;Non accertato;Inesploso
5426577;13;21/05/2021 17:20:00;Strada Urbana;VIA DELLE QUINQUEREMI;all'intersezione con;VIA DEL BUCINTORO;VIA DEL BUCINTORO;;;Scontro frontale/laterale SX fra veicoli in marcia;Intersezione stradale segnalata;Una carreggiata a doppio senso;Asciutto;Asfaltata;Verticale ed orizzontale;Sereno;Normale;Buona;;0;0;0;2;12.2969;41.7231;-1;1;Autovettura privata;In marcia / fermata / arresto;Conducente;F;Illeso;0;;Non accertato;Inesploso
5426577;13;21/05/2021 17:20:00;Strada Urbana;VIA DELLE QUINQUEREMI;all'intersezione con;VIA DEL BUCINTORO;VIA DEL BUCINTORO;;;Scontro frontale/laterale SX fra veicoli in marcia;Intersezione stradale segnalata;Una carreggiata a doppio senso;Asciutto;Asfaltata;Verticale ed orizzontale;Sereno;Normale;Buona;;0;0;0;2;12.2969;41.7231;-1;2;Velocipede;In marcia / fermata / arresto;Conducente;M;Illeso;0;;Esente;
5426581;1;21/05/2021 13:00:00;Strada Urbana;LUNGOTEVERE RAFFAELLO SANZIO;in prossimit�;;del civico n.;9;;Scontro laterale fra veicoli in marcia;Curva a visuale libera;Una carreggiata a senso unico di marcia;Asciutto;Asfaltata;Verticale ed orizzontale;Sereno;Normale;Buona;;0;0;0;4;12.4715;41.8911;-1;1;Autovettura privata;In marcia / fermata / arresto;Conducente;M;Illeso;0;;Non accertato;Inesploso
5426581;1;21/05/2021 13:00:00;Strada Urbana;LUNGOTEVERE RAFFAELLO SANZIO;in prossimit�;;del civico n.;9;;Scontro laterale fra veicoli in marcia;Curva a visuale libera;Una carreggiata a senso unico di marcia;Asciutto;Asfaltata;Verticale ed orizzontale;Sereno;Normale;Buona;;0;0;0;4;12.4715;41.8911;-1;2;Autovettura privata;In marcia / fermata / arresto;Conducente;M;Illeso;0;;Non accertato;Inesploso
5426581;1;21/05/2021 13:00:00;Strada Urbana;LUNGOTEVERE RAFFAELLO SANZIO;in prossimit�;;del civico n.;9;;Scontro laterale fra veicoli in marcia;Curva a visuale libera;Una carreggiata a senso unico di marcia;Asciutto;Asfaltata;Verticale ed orizzontale;Sereno;Normale;Buona;;0;0;0;4;12.4715;41.8911;-1;2;Autovettura privata;In marcia / fermata / arresto;Passeggero;M;Illeso;0;;Non accertato;Inesploso
5426581;1;21/05/2021 13:00:00;Strada Urbana;LUNGOTEVERE RAFFAELLO SANZIO;in prossimit�;;del civico n.;9;;Scontro laterale fra veicoli in marcia;Curva a visuale libera;Una carreggiata a senso unico di marcia;Asciutto;Asfaltata;Verticale ed orizzontale;Sereno;Normale;Buona;;0;0;0;4;12.4715;41.8911;-1;2;Autovettura privata;In marcia / fermata / arresto;Passeggero;F;Illeso;0;;Non accertato;Inesploso
5426593;20;21/05/2021 20:10:00;Strada Urbana;VIA PIETRO DAVANZO;all'intersezione con;VIA TIBERINA;VIA TIBERINA;;;Tamponamento;Intersezione stradale segnalata;Una carreggiata a doppio senso;Asciutto;Asfaltata;Verticale ed orizzontale;Sereno;Normale;Sufficiente;;1;0;0;1;12.4959;42.0046;0;1;Autovettura privata;In marcia / fermata / arresto;Conducente;M;Illeso;0;;;
5426593;20;21/05/2021 20:10:00;Strada Urbana;VIA PIETRO DAVANZO;all'intersezione con;VIA TIBERINA;VIA TIBERINA;;;Tamponamento;Intersezione stradale segnalata;Una carreggiata a doppio senso;Asciutto;Asfaltata;Verticale ed orizzontale;Sereno;Normale;Sufficiente;;1;0;0;1;12.4959;42.0046;0;2;Autovettura privata;In marcia / fermata / arresto;Conducente;M;Rimandato;0;NON DECEDUTO;Non accertato;Inesploso
5426595;12;21/05/2021 09:40:00;Regionale;VIA PONTINA;da specificare;;;;ALT. KM 25,900 DIR. POMEZIA;Fuoriuscita dalla sede stradale;Curva a visuale libera;Due carreggiate;Asciutto;Asfaltata;Verticale ed orizzontale;Sereno;Normale;Buona;;0;0;0;1;12.4433;41.7235;-1;1;Autocarro superiore 35 q.;In marcia / fermata / arresto;Conducente;M;Illeso;0;;Utilizzato;Inesploso
5426702;10;22/05/2021 03:40:00;Strada Urbana;VIALE PALMIRO TOGLIATTI;in prossimit�;;del civico n.;801;;Investimento di pedone;Rettilineo;Due carreggiate;Asciutto;Asfaltata;Orizzontale;Sereno;Scarso;Sufficiente;;0;0;1;0;12.573;41.885;-1;;;;Pedone;M;Deceduto durante prime cure;-1;;;
5426702;10;22/05/2021 03:40:00;Strada Urbana;VIALE PALMIRO TOGLIATTI;in prossimit�;;del civico n.;801;;Investimento di pedone;Rettilineo;Due carreggiate;Asciutto;Asfaltata;Orizzontale;Sereno;Scarso;Sufficiente;;0;0;1;0;12.573;41.885;-1;1;Autovettura privata;Allontanatosi;;;;;;;
5426738;6;22/05/2021 10:30:00;Strada Urbana;PIAZZA DEL PIGNETO;in corrispondenza;;del civico n.;8;;Scontro laterale fra veicoli in marcia;Rettilineo;Una carreggiata a doppio senso;Asciutto;Asfaltata;Orizzontale;Sereno;Normale;Buona;;0;0;0;2;12.5235;41.8897;-1;1;Autocarro superiore 35 q.;In marcia / fermata / arresto;Conducente;M;Illeso;0;;Non accertato;Inesploso
5426738;6;22/05/2021 10:30:00;Strada Urbana;PIAZZA DEL PIGNETO;in corrispondenza;;del civico n.;8;;Scontro laterale fra veicoli in marcia;Rettilineo;Una carreggiata a doppio senso;Asciutto;Asfaltata;Orizzontale;Sereno;Normale;Buona;;0;0;0;2;12.5235;41.8897;-1;2;Autovettura privata;In marcia / fermata / arresto;Conducente;M;Illeso;0;;Non accertato;Inesploso
5426827;2;22/05/2021 09:00:00;Strada Urbana;CORSO DI FRANCIA;da specificare;;;;dir. G.R.A. alt. Viale XVII Olimpiade;Infortunio per sola frenata improvvisa;Rettilineo;Due carreggiate;Asciutto;Asfaltata;Verticale ed orizzontale;Sereno;Normale;Buona;;0;1;0;0;12.4717;41.9367;-1;1;Motociclo a solo;In marcia / fermata / arresto;Conducente;F;Prognosi riservata;0;NON DECEDUTO;;
5426830;1;22/05/2021 08:30:00;Strada Urbana;LUNGOTEVERE RAFFAELLO SANZIO;all'intersezione semaforizzata con;PIAZZA GIUSEPPE GIOACHINO BELLI;PIAZZA GIUSEPPE GIOACHINO BELLI;;;Scontro frontale/laterale SX fra veicoli in marcia;Intersezione semaforizzata;Una carreggiata a senso unico di marcia;Asciutto;Asfaltata;Verticale ed orizzontale;Sereno;Scarso;Buona;;1;0;0;1;12.4721;41.8908;-1;1;Autovettura privata;In marcia / fermata / arresto;Conducente;M;Illeso;0;;;
5426830;1;22/05/2021 08:30:00;Strada Urbana;LUNGOTEVERE RAFFAELLO SANZIO;all'intersezione semaforizzata con;PIAZZA GIUSEPPE GIOACHINO BELLI;PIAZZA GIUSEPPE GIOACHINO BELLI;;;Scontro frontale/laterale SX fra veicoli in marcia;Intersezione semaforizzata;Una carreggiata a senso unico di marcia;Asciutto;Asfaltata;Verticale ed orizzontale;Sereno;Scarso;Buona;;1;0;0;1;12.4721;41.8908;-1;2;Motociclo a solo;In marcia / fermata / arresto;Conducente;M;Rifiuta cure immediate;0;NON DECEDUTO;;
5426896;1;22/05/2021 10:40:00;Strada Urbana;LUNGOTEVERE DELLA FARNESINA;all'intersezione semaforizzata con;SALITA DEL BUON PASTORE;SALITA DEL BUON PASTORE;;;Scontro laterale fra veicoli in marcia;Intersezione semaforizzata;Una carreggiata a senso unico di marcia;Asciutto;Asfaltata;Verticale ed orizzontale;Sereno;Normale;Buona;;2;0;0;1;12.4677;41.8939;-1;1;Autovettura privata;In marcia / fermata / arresto;Conducente;M;Illeso;0;;;
5426896;1;22/05/2021 10:40:00;Strada Urbana;LUNGOTEVERE DELLA FARNESINA;all'intersezione semaforizzata con;SALITA DEL BUON PASTORE;SALITA DEL BUON PASTORE;;;Scontro laterale fra veicoli in marcia;Intersezione semaforizzata;Una carreggiata a senso unico di marcia;Asciutto;Asfaltata;Verticale ed orizzontale;Sereno;Normale;Buona;;2;0;0;1;12.4677;41.8939;-1;2;Motociclo con passeggero;In marcia / fermata / arresto;Conducente;M;Rifiuta cure immediate;0;NON DECEDUTO;;
5426896;1;22/05/2021 10:40:00;Strada Urbana;LUNGOTEVERE DELLA FARNESINA;all'intersezione semaforizzata con;SALITA DEL BUON PASTORE;SALITA DEL BUON PASTORE;;;Scontro laterale fra veicoli in marcia;Intersezione semaforizzata;Una carreggiata a senso unico di marcia;Asciutto;Asfaltata;Verticale ed orizzontale;Sereno;Normale;Buona;;2;0;0;1;12.4677;41.8939;-1;2;Motociclo con passeggero;In marcia / fermata / arresto;Passeggero;F;Rifiuta cure immediate;0;NON DECEDUTO;;
5426955;12;22/05/2021 09:40:00;Strada Urbana;VIA GUGLIELMO GUASTA;all'intersezione con;VIA ALESSANDRO PERRONE;VIA ALESSANDRO PERRONE;;;Scontro frontale/laterale DX fra veicoli in marcia;Incrocio;Due carreggiate;Asciutto;Asfaltata;Verticale ed orizzontale;Sereno;Normale;Buona;;0;0;0;2;12.4753;41.764;-1;1;Autovettura privata;In marcia / fermata / arresto;Conducente;F;Illeso;0;;Non accertato;Inesploso
5426955;12;22/05/2021 09:40:00;Strada Urbana;VIA GUGLIELMO GUASTA;all'intersezione con;VIA ALESSANDRO PERRONE;VIA ALESSANDRO PERRONE;;;Scontro frontale/laterale DX fra veicoli in marcia;Incrocio;Due carreggiate;Asciutto;Asfaltata;Verticale ed orizzontale;Sereno;Normale;Buona;;0;0;0;2;12.4753;41.764;-1;2;Autovettura privata;In marcia / fermata / arresto;Conducente;F;Illeso;0;;Non accertato;Inesploso
5426960;12;22/05/2021 10:00:00;Statale entro l'abitato;VIA PONTINA;da specificare;;;;KM 12.700 DIREZIONE ROMA;Tamponamento;Rettilineo;Due carreggiate;Asciutto;Asfaltata;Verticale ed orizzontale;Sereno;Normale;Buona;;0;0;0;3;12.4531;41.7977;-1;1;Autovettura privata;In marcia / fermata / arresto;Conducente;M;Illeso;0;;Non accertato;Inesploso
5426960;12;22/05/2021 10:00:00;Statale entro l'abitato;VIA PONTINA;da specificare;;;;KM 12.700 DIREZIONE ROMA;Tamponamento;Rettilineo;Due carreggiate;Asciutto;Asfaltata;Verticale ed orizzontale;Sereno;Normale;Buona;;0;0;0;3;12.4531;41.7977;-1;1;Autovettura privata;In marcia / fermata / arresto;Passeggero;F;Illeso;0;;Non accertato;Inesploso
5426960;12;22/05/2021 10:00:00;Statale entro l'abitato;VIA PONTINA;da specificare;;;;KM 12.700 DIREZIONE ROMA;Tamponamento;Rettilineo;Due carreggiate;Asciutto;Asfaltata;Verticale ed orizzontale;Sereno;Normale;Buona;;0;0;0;3;12.4531;41.7977;-1;1;Autovettura privata;In marcia / fermata / arresto;Passeggero;F;Illeso;0;;Non accertato;Inesploso
5426960;12;22/05/2021 10:00:00;Statale entro l'abitato;VIA PONTINA;da specificare;;;;KM 12.700 DIREZIONE ROMA;Tamponamento;Rettilineo;Due carreggiate;Asciutto;Asfaltata;Verticale ed orizzontale;Sereno;Normale;Buona;;0;0;0;3;12.4531;41.7977;-1;2;Autovettura privata;In marcia / fermata / arresto;;;;;;;
5426992;18;22/05/2021 12:00:00;Strada Urbana;VIA DI BOCCEA;da specificare;;;; PROSSIMITA' INTERSEZIONE VIA GREGORIO XI;Tamponamento;Rettilineo;Una carreggiata a doppio senso;Asciutto;Asfaltata;Verticale ed orizzontale;Sereno;Normale;Buona;;0;0;0;4;12.4221;41.9031;-1;1;Autocarro inferiore 35 q.;In marcia / fermata / arresto;Conducente;M;Illeso;0;;;
5426992;18;22/05/2021 12:00:00;Strada Urbana;VIA DI BOCCEA;da specificare;;;; PROSSIMITA' INTERSEZIONE VIA GREGORIO XI;Tamponamento;Rettilineo;Una carreggiata a doppio senso;Asciutto;Asfaltata;Verticale ed orizzontale;Sereno;Normale;Buona;;0;0;0;4;12.4221;41.9031;-1;2;Autovettura privata;In marcia / fermata / arresto;Conducente;M;Illeso;0;;;
5426992;18;22/05/2021 12:00:00;Strada Urbana;VIA DI BOCCEA;da specificare;;;; PROSSIMITA' INTERSEZIONE VIA GREGORIO XI;Tamponamento;Rettilineo;Una carreggiata a doppio senso;Asciutto;Asfaltata;Verticale ed orizzontale;Sereno;Normale;Buona;;0;0;0;4;12.4221;41.9031;-1;2;Autovettura privata;In marcia / fermata / arresto;Passeggero;F;Illeso;0;;;
5426992;18;22/05/2021 12:00:00;Strada Urbana;VIA DI BOCCEA;da specificare;;;; PROSSIMITA' INTERSEZIONE VIA GREGORIO XI;Tamponamento;Rettilineo;Una carreggiata a doppio senso;Asciutto;Asfaltata;Verticale ed orizzontale;Sereno;Normale;Buona;;0;0;0;4;12.4221;41.9031;-1;2;Autovettura privata;In marcia / fermata / arresto;Passeggero;M;Illeso;0;;;
5427113;23;21/05/2021 22:36:00;Strada Urbana;VIA GALLIA;in prossimit�;;del civico n.;202;;Scontro frontale/laterale SX fra veicoli in marcia;Rettilineo;Una carreggiata a doppio senso;Asciutto;Asfaltata;Verticale ed orizzontale;Sereno;Scarso;Sufficiente;;0;0;0;2;12.5071;41.8803;-1;1;Autovettura privata;In marcia / fermata / arresto;Conducente;M;Illeso;0;;;Inesploso
5427113;23;21/05/2021 22:36:00;Strada Urbana;VIA GALLIA;in prossimit�;;del civico n.;202;;Scontro frontale/laterale SX fra veicoli in marcia;Rettilineo;Una carreggiata a doppio senso;Asciutto;Asfaltata;Verticale ed orizzontale;Sereno;Scarso;Sufficiente;;0;0;0;2;12.5071;41.8803;-1;2;Autovettura privata;In marcia / fermata / arresto;Conducente;M;Illeso;0;;Non accertato;Inesploso
5427118;23;22/05/2021 01:10:00;Strada Urbana;VIA PESCAGLIA;in corrispondenza;;del civico n.;131;;Veicolo in marcia contro veicolo fermo;Rettilineo;Una carreggiata a doppio senso;Asciutto;Asfaltata;Assente;Sereno;Scarso;Sufficiente;;0;0;0;2;12.4638;41.8467;-1;1;Autopompa;In marcia / fermata / arresto;Conducente;M;Illeso;0;;Non accertato;Inesploso
5427118;23;22/05/2021 01:10:00;Strada Urbana;VIA PESCAGLIA;in corrispondenza;;del civico n.;131;;Veicolo in marcia contro veicolo fermo;Rettilineo;Una carreggiata a doppio senso;Asciutto;Asfaltata;Assente;Sereno;Scarso;Sufficiente;;0;0;0;2;12.4638;41.8467;-1;2;Autovettura di polizia;In marcia / fermata / arresto;Conducente;F;Illeso;0;;;
5427161;2;22/05/2021 14:50:00;Strada Urbana;CIRCONVALLAZIONE SALARIA;da specificare;;;;altezza Via Mascagni direzione San Giovanni;Tamponamento;Rettilineo;Due carreggiate;Asciutto;Asfaltata;Orizzontale;Sereno;Normale;Buona;;0;0;0;3;12.5207;41.9347;-1;1;Autovettura privata;In marcia / fermata / arresto;Conducente;M;Illeso;0;;Non accertato;Inesploso
5427161;2;22/05/2021 14:50:00;Strada Urbana;CIRCONVALLAZIONE SALARIA;da specificare;;;;altezza Via Mascagni direzione San Giovanni;Tamponamento;Rettilineo;Due carreggiate;Asciutto;Asfaltata;Orizzontale;Sereno;Normale;Buona;;0;0;0;3;12.5207;41.9347;-1;1;Autovettura privata;In marcia / fermata / arresto;Passeggero;F;Illeso;0;;Non accertato;Inesploso
5427161;2;22/05/2021 14:50:00;Strada Urbana;CIRCONVALLAZIONE SALARIA;da specificare;;;;altezza Via Mascagni direzione San Giovanni;Tamponamento;Rettilineo;Due carreggiate;Asciutto;Asfaltata;Orizzontale;Sereno;Normale;Buona;;0;0;0;3;12.5207;41.9347;-1;2;Autovettura privata;In marcia / fermata / arresto;Conducente;M;Illeso;0;;Non accertato;Inesploso
5427389;12;22/05/2021 16:45:00;Provinciale entro l'abitato;VIA OSTIENSE;all'intersezione con;VIA DEL MARE;VIA DEL MARE;;;Scontro frontale/laterale DX fra veicoli in marcia;Intersezione semaforizzata;Una carreggiata a doppio senso;Asciutto;Asfaltata;Verticale ed orizzontale;Sereno;Normale;Buona;;2;0;0;1;12.4362;41.8195;-1;1;Autovettura privata;In marcia / fermata / arresto;Conducente;M;Illeso;0;;Non accertato;Inesploso
5427389;12;22/05/2021 16:45:00;Provinciale entro l'abitato;VIA OSTIENSE;all'intersezione con;VIA DEL MARE;VIA DEL MARE;;;Scontro frontale/laterale DX fra veicoli in marcia;Intersezione semaforizzata;Una carreggiata a doppio senso;Asciutto;Asfaltata;Verticale ed orizzontale;Sereno;Normale;Buona;;2;0;0;1;12.4362;41.8195;-1;1;Autovettura privata;In marcia / fermata / arresto;Passeggero;F;Rimandato;0;NON DECEDUTO;Non accertato;Inesploso
5427389;12;22/05/2021 16:45:00;Provinciale entro l'abitato;VIA OSTIENSE;all'intersezione con;VIA DEL MARE;VIA DEL MARE;;;Scontro frontale/laterale DX fra veicoli in marcia;Intersezione semaforizzata;Una carreggiata a doppio senso;Asciutto;Asfaltata;Verticale ed orizzontale;Sereno;Normale;Buona;;2;0;0;1;12.4362;41.8195;-1;2;Autovettura privata;In marcia / fermata / arresto;Conducente;M;Rimandato;0;NON DECEDUTO;Non accertato;Esploso
5427580;1;22/05/2021 16:30:00;Strada Urbana;VIA CAVOUR;in prossimit�;;del civico n.;194;;Scontro frontale/laterale DX fra veicoli in marcia;Rettilineo;Una carreggiata a doppio senso;Asciutto;Asfaltata;Orizzontale;Sereno;Normale;Buona;;0;0;1;1;;;0;1;Autovettura pubblica;In marcia / fermata / arresto;Conducente;M;Illeso;0;;;
5427580;1;22/05/2021 16:30:00;Strada Urbana;VIA CAVOUR;in prossimit�;;del civico n.;194;;Scontro frontale/laterale DX fra veicoli in marcia;Rettilineo;Una carreggiata a doppio senso;Asciutto;Asfaltata;Orizzontale;Sereno;Normale;Buona;;0;0;1;1;;;0;2;Motociclo a solo;In marcia / fermata / arresto;Conducente;M;Deceduto durante prime cure;-1;;;
5427730;8;22/05/2021 01:50:00;Strada Urbana;VIA DEGAS;in corrispondenza;;del civico n.;38;;Veicolo in marcia contro veicoli in sosta;Rettilineo;Due carreggiate;Asciutto;Asfaltata;Verticale ed orizzontale;Sereno;Scarso;Buona;;0;0;0;2;12.6543;41.8599;-1;1;Autovettura privata;In marcia / fermata / arresto;Conducente;M;Illeso;0;;Non accertato;Esploso
5427730;8;22/05/2021 01:50:00;Strada Urbana;VIA DEGAS;in corrispondenza;;del civico n.;38;;Veicolo in marcia contro veicoli in sosta;Rettilineo;Due carreggiate;Asciutto;Asfaltata;Verticale ed orizzontale;Sereno;Scarso;Buona;;0;0;0;2;12.6543;41.8599;-1;1;Autovettura privata;In marcia / fermata / arresto;Passeggero;F;Illeso;0;;Non accertato;Esploso
5427730;8;22/05/2021 01:50:00;Strada Urbana;VIA DEGAS;in corrispondenza;;del civico n.;38;;Veicolo in marcia contro veicoli in sosta;Rettilineo;Due carreggiate;Asciutto;Asfaltata;Verticale ed orizzontale;Sereno;Scarso;Buona;;0;0;0;2;12.6543;41.8599;-1;2;Autovettura privata;Sosta;;;;;;;
5427730;8;22/05/2021 01:50:00;Strada Urbana;VIA DEGAS;in corrispondenza;;del civico n.;38;;Veicolo in marcia contro veicoli in sosta;Rettilineo;Due carreggiate;Asciutto;Asfaltata;Verticale ed orizzontale;Sereno;Scarso;Buona;;0;0;0;2;12.6543;41.8599;-1;3;Autovettura privata;Sosta;;;;;;;
5427730;8;22/05/2021 01:50:00;Strada Urbana;VIA DEGAS;in corrispondenza;;del civico n.;38;;Veicolo in marcia contro veicoli in sosta;Rettilineo;Due carreggiate;Asciutto;Asfaltata;Verticale ed orizzontale;Sereno;Scarso;Buona;;0;0;0;2;12.6543;41.8599;-1;4;Autovettura privata;Sosta;;;;;;;
5427730;8;22/05/2021 01:50:00;Strada Urbana;VIA DEGAS;in corrispondenza;;del civico n.;38;;Veicolo in marcia contro veicoli in sosta;Rettilineo;Due carreggiate;Asciutto;Asfaltata;Verticale ed orizzontale;Sereno;Scarso;Buona;;0;0;0;2;12.6543;41.8599;-1;5;Autovettura privata;Sosta;;;;;;;
5427731;8;22/05/2021 10:15:00;Strada Urbana;VIA DI GIARDINETTI;all'intersezione con;VIA EMILIANO DEGLI ORFINI;VIA EMILIANO DEGLI ORFINI;;;Investimento di pedone;Incrocio;Una carreggiata a senso unico di marcia;Asciutto;Asfaltata;Verticale;Sereno;Normale;Buona;;1;0;0;2;12.6029;41.8596;-1;;;;Pedone;F;Rimandato;0;NON DECEDUTO;;
5427731;8;22/05/2021 10:15:00;Strada Urbana;VIA DI GIARDINETTI;all'intersezione con;VIA EMILIANO DEGLI ORFINI;VIA EMILIANO DEGLI ORFINI;;;Investimento di pedone;Incrocio;Una carreggiata a senso unico di marcia;Asciutto;Asfaltata;Verticale;Sereno;Normale;Buona;;1;0;0;2;12.6029;41.8596;-1;1;Veicolo speciale;In marcia / fermata / arresto;Conducente;F;Illeso;0;;;
5427731;8;22/05/2021 10:15:00;Strada Urbana;VIA DI GIARDINETTI;all'intersezione con;VIA EMILIANO DEGLI ORFINI;VIA EMILIANO DEGLI ORFINI;;;Investimento di pedone;Incrocio;Una carreggiata a senso unico di marcia;Asciutto;Asfaltata;Verticale;Sereno;Normale;Buona;;1;0;0;2;12.6029;41.8596;-1;1;Veicolo speciale;In marcia / fermata / arresto;Passeggero;F;Illeso;0;;;
5427732;8;22/05/2021 14:55:00;Strada Urbana;VIA PRENESTINA;in corrispondenza;;del civico n.;1434;;Tamponamento Multiplo;Rettilineo;Una carreggiata a doppio senso;Asciutto;Asfaltata;Verticale ed orizzontale;Sereno;Intenso;Buona;;0;0;0;5;12.6516;41.8918;-1;1;Autovettura privata;In marcia / fermata / arresto;Conducente;M;Illeso;0;;Non accertato;Inesploso
5427732;8;22/05/2021 14:55:00;Strada Urbana;VIA PRENESTINA;in corrispondenza;;del civico n.;1434;;Tamponamento Multiplo;Rettilineo;Una carreggiata a doppio senso;Asciutto;Asfaltata;Verticale ed orizzontale;Sereno;Intenso;Buona;;0;0;0;5;12.6516;41.8918;-1;2;Autovettura privata;In marcia / fermata / arresto;Conducente;M;Illeso;0;;Non accertato;Inesploso
5427732;8;22/05/2021 14:55:00;Strada Urbana;VIA PRENESTINA;in corrispondenza;;del civico n.;1434;;Tamponamento Multiplo;Rettilineo;Una carreggiata a doppio senso;Asciutto;Asfaltata;Verticale ed orizzontale;Sereno;Intenso;Buona;;0;0;0;5;12.6516;41.8918;-1;3;Autovettura privata;In marcia / fermata / arresto;Conducente;M;Illeso;0;;Non accertato;Inesploso
5427732;8;22/05/2021 14:55:00;Strada Urbana;VIA PRENESTINA;in corrispondenza;;del civico n.;1434;;Tamponamento Multiplo;Rettilineo;Una carreggiata a doppio senso;Asciutto;Asfaltata;Verticale ed orizzontale;Sereno;Intenso;Buona;;0;0;0;5;12.6516;41.8918;-1;3;Autovettura privata;In marcia / fermata / arresto;Passeggero;F;Illeso;0;;Non accertato;Inesploso
5427732;8;22/05/2021 14:55:00;Strada Urbana;VIA PRENESTINA;in corrispondenza;;del civico n.;1434;;Tamponamento Multiplo;Rettilineo;Una carreggiata a doppio senso;Asciutto;Asfaltata;Verticale ed orizzontale;Sereno;Intenso;Buona;;0;0;0;5;12.6516;41.8918;-1;3;Autovettura privata;In marcia / fermata / arresto;Passeggero;F;Illeso;0;;Non accertato;Inesploso
5427739;8;22/05/2021 18:30:00;Strada Urbana;VIA BRONTE;all'intersezione con;VIA DI VERMICINO;VIA DI VERMICINO;;;Scontro frontale/laterale DX fra veicoli in marcia;Intersezione semaforizzata;Una carreggiata a senso unico di marcia;Bagnato (pioggia);Asfaltata;Assente;Nebbia;Intenso;Sufficiente;;3;0;0;4;12.669;41.8554;-1;1;Autovettura privata;In marcia / fermata / arresto;Conducente;F;Rifiuta cure immediate;0;NON DECEDUTO;;
5427739;8;22/05/2021 18:30:00;Strada Urbana;VIA BRONTE;all'intersezione con;VIA DI VERMICINO;VIA DI VERMICINO;;;Scontro frontale/laterale DX fra veicoli in marcia;Intersezione semaforizzata;Una carreggiata a senso unico di marcia;Bagnato (pioggia);Asfaltata;Assente;Nebbia;Intenso;Sufficiente;;3;0;0;4;12.669;41.8554;-1;1;Autovettura privata;In marcia / fermata / arresto;Passeggero;M;Rifiuta cure immediate;0;NON DECEDUTO;;
5427739;8;22/05/2021 18:30:00;Strada Urbana;VIA BRONTE;all'intersezione con;VIA DI VERMICINO;VIA DI VERMICINO;;;Scontro frontale/laterale DX fra veicoli in marcia;Intersezione semaforizzata;Una carreggiata a senso unico di marcia;Bagnato (pioggia);Asfaltata;Assente;Nebbia;Intenso;Sufficiente;;3;0;0;4;12.669;41.8554;-1;2;Autovettura privata;In marcia / fermata / arresto;Conducente;M;Rifiuta cure immediate;0;NON DECEDUTO;;
5427739;8;22/05/2021 18:30:00;Strada Urbana;VIA BRONTE;all'intersezione con;VIA DI VERMICINO;VIA DI VERMICINO;;;Scontro frontale/laterale DX fra veicoli in marcia;Intersezione semaforizzata;Una carreggiata a senso unico di marcia;Bagnato (pioggia);Asfaltata;Assente;Nebbia;Intenso;Sufficiente;;3;0;0;4;12.669;41.8554;-1;2;Autovettura privata;In marcia / fermata / arresto;Passeggero;F;Illeso;0;;Non accertato;
5427739;8;22/05/2021 18:30:00;Strada Urbana;VIA BRONTE;all'intersezione con;VIA DI VERMICINO;VIA DI VERMICINO;;;Scontro frontale/laterale DX fra veicoli in marcia;Intersezione semaforizzata;Una carreggiata a senso unico di marcia;Bagnato (pioggia);Asfaltata;Assente;Nebbia;Intenso;Sufficiente;;3;0;0;4;12.669;41.8554;-1;2;Autovettura privata;In marcia / fermata / arresto;Passeggero;M;Illeso;0;;Non accertato;
5427739;8;22/05/2021 18:30:00;Strada Urbana;VIA BRONTE;all'intersezione con;VIA DI VERMICINO;VIA DI VERMICINO;;;Scontro frontale/laterale DX fra veicoli in marcia;Intersezione semaforizzata;Una carreggiata a senso unico di marcia;Bagnato (pioggia);Asfaltata;Assente;Nebbia;Intenso;Sufficiente;;3;0;0;4;12.669;41.8554;-1;2;Autovettura privata;In marcia / fermata / arresto;Passeggero;F;Illeso;0;;Non accertato;