Protocollo;Gruppo;DataOraIncidente;Localizzazione1;STRADA1;Localizzazione2;STRADA2;Strada02;Chilometrica;DaSpecificare;NaturaIncidente;particolaritastrade;TipoStrada;FondoStradale;Pavimentazione;Segnaletica;CondizioneAtmosferica;Traffico;Visibilita;Illuminazione;NUM_FERITI;NUM_RISERVATA;NUM_MORTI;NUM_ILLESI;Longitudine;Latitudine;Confermato;Progressivo;TipoVeicolo;StatoVeicolo;TipoPersona;Sesso;Tipolesione;Deceduto;DecedutoDopo;CinturaCascoUtilizzato;Airbag;
5431648;18;25/05/2021 12:30:00;Strada Urbana;VIA CARDINALE OREGLIA;all'intersezione con;VIA GIOVANNI DOMENICO PARACCIANI;VIA GIOVANNI DOMENICO PARACCIANI;;;Scontro frontale/laterale SX fra veicoli in marcia;Incrocio;Due carreggiate;Asciutto;Asfaltata;Verticale ed orizzontale;Sereno;Normale;Buona;;0;0;0;2;12.4236;41.9035;-1;1;Autovettura privata;In marcia / fermata / arresto;Conducente;M;Illeso;0;;Non accertato;Inesploso
5431648;18;25/05/2021 12:30:00;Strada Urbana;VIA CARDINALE OREGLIA;all'intersezione con;VIA GIOVANNI DOMENICO PARACCIANI;VIA GIOVANNI DOMENICO PARACCIANI;;;Scontro frontale/laterale SX fra veicoli in marcia;Incrocio;Due carreggiate;Asciutto;Asfaltata;Verticale ed orizzontale;Sereno;Normale;Buona;;0;0;0;2;12.4236;41.9035;-1;2;Autovettura privata;In marcia / fermata / arresto;Conducente;F;Illeso;0;;Non accertato;Inesploso
5431673;6;25/05/2021 13:20:00;Strada Urbana;VIA DI ACQUA BULLICANTE;in corrispondenza;;del civico n.;7;;Tamponamento;Rettilineo;Una carreggiata a doppio senso;Asciutto;Asfaltata;Verticale ed orizzontale;Sereno;Normale;Buona;;0;0;0;4;12.5427;41.8809;-1;1;Autovettura di soccorso;In marcia / fermata / arresto;Conducente;M;Illeso;0;;;
5431673;6;25/05/2021 13:20:00;Strada Urbana;VIA DI ACQUA BULLICANTE;in corrispondenza;;del civico n.;7;;Tamponamento;Rettilineo;Una carreggiata a doppio senso;Asciutto;Asfaltata;Verticale ed orizzontale;Sereno;Normale;Buona;;0;0;0;4;12.5427;41.8809;-1;1;Autovettura di soccorso;In marcia / fermata / arresto;Passeggero;M;Illeso;0;;;
5431673;6;25/05/2021 13:20:00;Strada Urbana;VIA DI ACQUA BULLICANTE;in corrispondenza;;del civico n.;7;;Tamponamento;Rettilineo;Una carreggiata a doppio senso;Asciutto;Asfaltata;Verticale ed orizzontale;Sereno;Normale;Buona;;0;0;0;4;12.5427;41.8809;-1;2;Autocarro inferiore 35 q.;In marcia / fermata / arresto;Conducente;M;Illeso;0;;;
5431709;9;25/05/2021 08:35:00;Strada Urbana;VIA TARANTO;da specificare;;;;fronte Via Conegliano;Scontro frontale/laterale DX fra veicoli in marcia;Rettilineo;Una carreggiata a doppio senso;Asciutto;Asfaltata;Verticale ed orizzontale;Sereno;Normale;Buona;;0;0;0;2;12.5173;41.884;-1;1;Autovettura privata;In marcia / fermata / arresto;Conducente;M;Illeso;0;;Non accertato;Inesploso
5431709;9;25/05/2021 08:35:00;Strada Urbana;VIA TARANTO;da specificare;;;;fronte Via Conegliano;Scontro frontale/laterale DX fra veicoli in marcia;Rettilineo;Una carreggiata a doppio senso;Asciutto;Asfaltata;Verticale ed orizzontale;Sereno;Normale;Buona;;0;0;0;2;12.5173;41.884;-1;2;Motociclo a solo;In marcia / fermata / arresto;Conducente;M;Illeso;0;;Non accertato;
5431783;9;25/05/2021 11:50:00;Strada Urbana;VIA APPIA NUOVA;da specificare;;;;PROX VIA TURNO;Scontro laterale fra veicoli in marcia;Rettilineo;Due carreggiate;Asciutto;Asfaltata;Verticale ed orizzontale;Sereno;Intenso;Buona;;0;0;0;4;12.5259;41.8725;-1;1;Autocarro inferiore 35 q.;In marcia / fermata / arresto;Conducente;M;Illeso;0;;Non accertato;Inesploso
5431783;9;25/05/2021 11:50:00;Strada Urbana;VIA APPIA NUOVA;da specificare;;;;PROX VIA TURNO;Scontro laterale fra veicoli in marcia;Rettilineo;Due carreggiate;Asciutto;Asfaltata;Verticale ed orizzontale;Sereno;Intenso;Buona;;0;0;0;4;12.5259;41.8725;-1;2;Autovettura privata;In marcia / fermata / arresto;Conducente;M;Illeso;0;;Non accertato;Inesploso
5431783;9;25/05/2021 11:50:00;Strada Urbana;VIA APPIA NUOVA;da specificare;;;;PROX VIA TURNO;Scontro laterale fra veicoli in marcia;Rettilineo;Due carreggiate;Asciutto;Asfaltata;Verticale ed orizzontale;Sereno;Intenso;Buona;;0;0;0;4;12.5259;41.8725;-1;2;Autovettura privata;In marcia / fermata / arresto;Passeggero;M;Illeso;0;;Non accertato;Inesploso
5431783;9;25/05/2021 11:50:00;Strada Urbana;VIA APPIA NUOVA;da specificare;;;;PROX VIA TURNO;Scontro laterale fra veicoli in marcia;Rettilineo;Due carreggiate;Asciutto;Asfaltata;Verticale ed orizzontale;Sereno;Intenso;Buona;;0;0;0;4;12.5259;41.8725;-1;2;Autovettura privata;In marcia / fermata / arresto;Passeggero;F;Illeso;0;;Non accertato;Inesploso
5431785;6;25/05/2021 16:30:00;Strada Urbana;VIALE DELLA VENEZIA GIULIA;in corrispondenza;;del civico n.;12;;Investimento di pedone;Rettilineo;Una carreggiata a doppio senso;Asciutto;Asfaltata;Orizzontale;Sereno;Normale;Buona;;1;0;0;1;12.547;41.8956;-1;;;;Pedone;M;Rimandato;0;NON DECEDUTO;;
5431785;6;25/05/2021 16:30:00;Strada Urbana;VIALE DELLA VENEZIA GIULIA;in corrispondenza;;del civico n.;12;;Investimento di pedone;Rettilineo;Una carreggiata a doppio senso;Asciutto;Asfaltata;Orizzontale;Sereno;Normale;Buona;;1;0;0;1;12.547;41.8956;-1;1;Autovettura privata;In marcia / fermata / arresto;Conducente;M;Illeso;0;;Non accertato;Inesploso
5431915;9;25/05/2021 16:20:00;;VIA VETURIA;all'intersezione con;VIA TARQUINIO PRISCO;VIA TARQUINIO PRISCO;;;Scontro frontale/laterale DX fra veicoli in marcia;;;;;;;;;;0;0;0;4;;;0;1;Autovettura privata;In marcia / fermata / arresto;Conducente;M;Illeso;0;;;
5431915;9;25/05/2021 16:20:00;;VIA VETURIA;all'intersezione con;VIA TARQUINIO PRISCO;VIA TARQUINIO PRISCO;;;Scontro frontale/laterale DX fra veicoli in marcia;;;;;;;;;;0;0;0;4;;;0;2;Autovettura privata;In marcia / fermata / arresto;Conducente;M;Illeso;0;;;
5431915;9;25/05/2021 16:20:00;;VIA VETURIA;all'intersezione con;VIA TARQUINIO PRISCO;VIA TARQUINIO PRISCO;;;Scontro frontale/laterale DX fra veicoli in marcia;;;;;;;;;;0;0;0;4;;;0;2;Autovettura privata;In marcia / fermata / arresto;Passeggero;F;Illeso;0;;;
5431915;9;25/05/2021 16:20:00;;VIA VETURIA;all'intersezione con;VIA TARQUINIO PRISCO;VIA TARQUINIO PRISCO;;;Scontro frontale/laterale DX fra veicoli in marcia;;;;;;;;;;0;0;0;4;;;0;2;Autovettura privata;In marcia / fermata / arresto;Passeggero;M;Illeso;0;;Non accertato;Inesploso
5431973;20;25/05/2021 17:25:00;Strada Urbana;VIALE DI TOR DI QUINTO;all'intersezione con;VIA DELLE FORNACI;VIA DELLE FORNACI;;;Tamponamento Multiplo;Intersezione semaforizzata;Una carreggiata a doppio senso;Asciutto;Asfaltata;Verticale ed orizzontale;Sereno;Normale;Buona;;0;0;0;4;12.4786;41.9384;-1;1;Autovettura privata;In marcia / fermata / arresto;Conducente;F;Illeso;0;;Non accertato;Inesploso
5431973;20;25/05/2021 17:25:00;Strada Urbana;VIALE DI TOR DI QUINTO;all'intersezione con;VIA DELLE FORNACI;VIA DELLE FORNACI;;;Tamponamento Multiplo;Intersezione semaforizzata;Una carreggiata a doppio senso;Asciutto;Asfaltata;Verticale ed orizzontale;Sereno;Normale;Buona;;0;0;0;4;12.4786;41.9384;-1;2;Autovettura privata;In marcia / fermata / arresto;Conducente;F;Illeso;0;;Non accertato;Inesploso
5431973;20;25/05/2021 17:25:00;Strada Urbana;VIALE DI TOR DI QUINTO;all'intersezione con;VIA DELLE FORNACI;VIA DELLE FORNACI;;;Tamponamento Multiplo;Intersezione semaforizzata;Una carreggiata a doppio senso;Asciutto;Asfaltata;Verticale ed orizzontale;Sereno;Normale;Buona;;0;0;0;4;12.4786;41.9384;-1;2;Autovettura privata;In marcia / fermata / arresto;Passeggero;M;Illeso;0;;Non accertato;
5431973;20;25/05/2021 17:25:00;Strada Urbana;VIALE DI TOR DI QUINTO;all'intersezione con;VIA DELLE FORNACI;VIA DELLE FORNACI;;;Tamponamento Multiplo;Intersezione semaforizzata;Una carreggiata a doppio senso;Asciutto;Asfaltata;Verticale ed orizzontale;Sereno;Normale;Buona;;0;0;0;4;12.4786;41.9384;-1;3;Autovettura privata;In marcia / fermata / arresto;Conducente;M;Illeso;0;;Non accertato;Inesploso
5431995;17;24/05/2021 13:50:00;Strada Urbana;VIALE GIUSEPPE MAZZINI;all'intersezione con;VIA CARLO GRABAU;VIA CARLO GRABAU;;;Scontro frontale/laterale DX fra veicoli in marcia;Intersezione stradale segnalata;Due carreggiate;Asciutto;Asfaltata;Verticale ed orizzontale;Nuvoloso;Normale;Buona;;0;0;0;3;12.4626;41.9158;-1;1;Autovettura privata;In marcia / fermata / arresto;Conducente;M;Illeso;0;;Non accertato;
5431995;17;24/05/2021 13:50:00;Strada Urbana;VIALE GIUSEPPE MAZZINI;all'intersezione con;VIA CARLO GRABAU;VIA CARLO GRABAU;;;Scontro frontale/laterale DX fra veicoli in marcia;Intersezione stradale segnalata;Due carreggiate;Asciutto;Asfaltata;Verticale ed orizzontale;Nuvoloso;Normale;Buona;;0;0;0;3;12.4626;41.9158;-1;2;Autovettura privata;In marcia / fermata / arresto;Conducente;F;Illeso;0;;Non accertato;
5431995;17;24/05/2021 13:50:00;Strada Urbana;VIALE GIUSEPPE MAZZINI;all'intersezione con;VIA CARLO GRABAU;VIA CARLO GRABAU;;;Scontro frontale/laterale DX fra veicoli in marcia;Intersezione stradale segnalata;Due carreggiate;Asciutto;Asfaltata;Verticale ed orizzontale;Nuvoloso;Normale;Buona;;0;0;0;3;12.4626;41.9158;-1;2;Autovettura privata;In marcia / fermata / arresto;Passeggero;M;Illeso;0;;Non accertato;
5432046;20;25/05/2021 19:20:00;Strada Urbana;VIA CASSIA;in prossimit�;;del civico n.;419;;Fuoriuscita dalla sede stradale;Curva senza visuale libera;Una carreggiata a doppio senso;Asciutto;Asfaltata;Orizzontale;Sereno;Scarso;Buona;;1;0;0;1;12.4575;41.9564;-1;1;Autovettura privata;In marcia / fermata / arresto;Conducente;M;Rimandato;0;NON DECEDUTO;Non accertato;Inesistente
5432046;20;25/05/2021 19:20:00;Strada Urbana;VIA CASSIA;in prossimit�;;del civico n.;419;;Fuoriuscita dalla sede stradale;Curva senza visuale libera;Una carreggiata a doppio senso;Asciutto;Asfaltata;Orizzontale;Sereno;Scarso;Buona;;1;0;0;1;12.4575;41.9564;-1;1;Autovettura privata;In marcia / fermata / arresto;Passeggero;F;Illeso;0;;Non accertato;Inesistente
5432094;7;25/05/2021 19:50:00;Strada Urbana;VIA DEI PLATANI;in corrispondenza;;del civico n.;199;;Investimento di pedone;Rettilineo;Una carreggiata a doppio senso;Asciutto;Asfaltata;Verticale ed orizzontale;Sereno;Normale;Buona;;1;0;0;1;12.5724;41.881;0;;;;Pedone;M;Rimandato;0;NON DECEDUTO;;
5432094;7;25/05/2021 19:50:00;Strada Urbana;VIA DEI PLATANI;in corrispondenza;;del civico n.;199;;Investimento di pedone;Rettilineo;Una carreggiata a doppio senso;Asciutto;Asfaltata;Verticale ed orizzontale;Sereno;Normale;Buona;;1;0;0;1;12.5724;41.881;0;1;Autovettura privata;In marcia / fermata / arresto;Conducente;M;Illeso;0;;Non accertato;Inesploso
5432120;18;25/05/2021 21:05:00;Strada Urbana;VIA DI BOCCEA;in corrispondenza;;del civico n.;146;;Scontro laterale fra veicoli in marcia;Rettilineo;Una carreggiata a doppio senso;Asciutto;Asfaltata;Verticale ed orizzontale;Sereno;Normale;Sufficiente;;0;0;0;4;12.4241;41.9026;-1;1;Autovettura privata;In marcia / fermata / arresto;Conducente;M;Illeso;0;;Non accertato;Inesploso
5432120;18;25/05/2021 21:05:00;Strada Urbana;VIA DI BOCCEA;in corrispondenza;;del civico n.;146;;Scontro laterale fra veicoli in marcia;Rettilineo;Una carreggiata a doppio senso;Asciutto;Asfaltata;Verticale ed orizzontale;Sereno;Normale;Sufficiente;;0;0;0;4;12.4241;41.9026;-1;1;Autovettura privata;In marcia / fermata / arresto;Passeggero;F;Illeso;0;;Non accertato;Inesploso
5432120;18;25/05/2021 21:05:00;Strada Urbana;VIA DI BOCCEA;in corrispondenza;;del civico n.;146;;Scontro laterale fra veicoli in marcia;Rettilineo;Una carreggiata a doppio senso;Asciutto;Asfaltata;Verticale ed orizzontale;Sereno;Normale;Sufficiente;;0;0;0;4;12.4241;41.9026;-1;2;Autovettura privata;In marcia / fermata / arresto;Conducente;M;Illeso;0;;Non accertato;Inesploso
5432120;18;25/05/2021 21:05:00;Strada Urbana;VIA DI BOCCEA;in corrispondenza;;del civico n.;146;;Scontro laterale fra veicoli in marcia;Rettilineo;Una carreggiata a doppio senso;Asciutto;Asfaltata;Verticale ed orizzontale;Sereno;Normale;Sufficiente;;0;0;0;4;12.4241;41.9026;-1;2;Autovettura privata;In marcia / fermata / arresto;Passeggero;M;Illeso;0;;Non accertato;Inesploso
5432225;11;25/05/2021 14:35:00;Strada Urbana;VIA CRISTOFORO COLOMBO;all'intersezione con;VIA GIOVANNI GENOCCHI;VIA GIOVANNI GENOCCHI;;;Tamponamento;Intersezione semaforizzata;Pi� di due carreggiate;Asciutto;Asfaltata;Verticale ed orizzontale;Sereno;Normale;Buona;;1;0;0;1;12.4962;41.8588;-1;1;Autovettura privata;In marcia / fermata / arresto;Conducente;F;Rimandato;0;NON DECEDUTO;Non accertato;
5432225;11;25/05/2021 14:35:00;Strada Urbana;VIA CRISTOFORO COLOMBO;all'intersezione con;VIA GIOVANNI GENOCCHI;VIA GIOVANNI GENOCCHI;;;Tamponamento;Intersezione semaforizzata;Pi� di due carreggiate;Asciutto;Asfaltata;Verticale ed orizzontale;Sereno;Normale;Buona;;1;0;0;1;12.4962;41.8588;-1;2;Autovettura privata;In marcia / fermata / arresto;Conducente;M;Illeso;0;;Non accertato;
5432396;8;25/05/2021 18:00:00;Strada Urbana;VIA DI PASSOLOMBARDO;in prossimit�;;del civico n.;356;;Veicolo in marcia contro veicolo fermo;Rettilineo;Una carreggiata a doppio senso;Asciutto;Asfaltata;Verticale ed orizzontale;Sereno;Normale;Buona;;0;0;0;2;12.6286;41.8478;-1;1;Autocarro inferiore 35 q.;In marcia / fermata / arresto;Conducente;M;Illeso;0;;Non accertato;Inesploso
5432396;8;25/05/2021 18:00:00;Strada Urbana;VIA DI PASSOLOMBARDO;in prossimit�;;del civico n.;356;;Veicolo in marcia contro veicolo fermo;Rettilineo;Una carreggiata a doppio senso;Asciutto;Asfaltata;Verticale ed orizzontale;Sereno;Normale;Buona;;0;0;0;2;12.6286;41.8478;-1;2;Autovettura privata;In marcia / fermata / arresto;Conducente;F;Illeso;0;;;
5432398;20;25/05/2021 08:35:00;Strada Urbana;VIA CASSIA;da specificare;;;;prossimit� Piazza dei Giuochi Delfici;Tamponamento;Rettilineo;Una carreggiata a doppio senso;Asciutto;Asfaltata;Verticale;Sereno;Normale;Buona;;0;0;0;1;12.4137;41.9828;-1;1;Autovettura privata;In marcia / fermata / arresto;Conducente;M;Illeso;0;;Non accertato;
5432398;20;25/05/2021 08:35:00;Strada Urbana;VIA CASSIA;da specificare;;;;prossimit� Piazza dei Giuochi Delfici;Tamponamento;Rettilineo;Una carreggiata a doppio senso;Asciutto;Asfaltata;Verticale;Sereno;Normale;Buona;;0;0;0;1;12.4137;41.9828;-1;2;Autovettura privata;In marcia / fermata / arresto;;;;;;;
5432399;8;25/05/2021 18:05:00;Strada Urbana;VIA MASSA DI SAN GIULIANO;in corrispondenza;;del civico n.;325;;Investimento di pedone;Rettilineo;Una carreggiata a doppio senso;Asciutto;Asfaltata;Orizzontale;Sereno;Intenso;Buona;;1;0;0;1;12.6894;41.9061;-1;;;;Pedone;M;Rimandato;0;NON DECEDUTO;;
5432399;8;25/05/2021 18:05:00;Strada Urbana;VIA MASSA DI SAN GIULIANO;in corrispondenza;;del civico n.;325;;Investimento di pedone;Rettilineo;Una carreggiata a doppio senso;Asciutto;Asfaltata;Orizzontale;Sereno;Intenso;Buona;;1;0;0;1;12.6894;41.9061;-1;1;Autovettura privata;In marcia / fermata / arresto;Conducente;F;Illeso;0;;;
5432400;13;25/05/2021 18:10:00;Strada Urbana;VIA OSTIENSE;da specificare;;;;prossimit� viadotto Zelia Nuttal;Scontro laterale fra veicoli in marcia;Rettilineo;Una carreggiata a doppio senso;Asciutto;Asfaltata;Verticale ed orizzontale;Sereno;Normale;Sufficiente;;0;0;0;4;12.4229;41.8109;-1;1;Autocarro inferiore 35 q.;In marcia / fermata / arresto;Conducente;M;Illeso;0;;;
5432400;13;25/05/2021 18:10:00;Strada Urbana;VIA OSTIENSE;da specificare;;;;prossimit� viadotto Zelia Nuttal;Scontro laterale fra veicoli in marcia;Rettilineo;Una carreggiata a doppio senso;Asciutto;Asfaltata;Verticale ed orizzontale;Sereno;Normale;Sufficiente;;0;0;0;4;12.4229;41.8109;-1;2;Autovettura privata;In marcia / fermata / arresto;Conducente;M;Illeso;0;;;
5432400;13;25/05/2021 18:10:00;Strada Urbana;VIA OSTIENSE;da specificare;;;;prossimit� viadotto Zelia Nuttal;Scontro laterale fra veicoli in marcia;Rettilineo;Una carreggiata a doppio senso;Asciutto;Asfaltata;Verticale ed orizzontale;Sereno;Normale;Sufficiente;;0;0;0;4;12.4229;41.8109;-1;2;Autovettura privata;In marcia / fermata / arresto;Passeggero;F;Illeso;0;;;
5432400;13;25/05/2021 18:10:00;Strada Urbana;VIA OSTIENSE;da specificare;;;;prossimit� viadotto Zelia Nuttal;Scontro laterale fra veicoli in marcia;Rettilineo;Una carreggiata a doppio senso;Asciutto;Asfaltata;Verticale ed orizzontale;Sereno;Normale;Sufficiente;;0;0;0;4;12.4229;41.8109;-1;3;Autovettura privata;In marcia / fermata / arresto;Conducente;M;Illeso;0;;;
5432401;13;15/05/2021 23:25:00;;VIA DELLE EBRIDI;in corrispondenza;;del civico n.;42;;Veicolo in marcia contro ostacolo accidentale;;;;;;;;;;0;0;0;1;;;0;1;Macchina operatrice;In marcia / fermata / arresto;Conducente;F;Illeso;0;;;
5432404;13;25/05/2021 17:15:00;Strada Urbana;VIALE DEI DIADOCHI;all'intersezione con;VIA CLEANTE;VIA CLEANTE;;;Veicolo in marcia contro veicolo fermo;Incrocio;Una carreggiata a doppio senso;Asciutto;Asfaltata;Assente;Sereno;Scarso;Buona;;0;0;0;3;12.3456;41.7403;-1;1;Autovettura privata;In marcia / fermata / arresto;Conducente;M;Illeso;0;;Non accertato;Inesploso
5432404;13;25/05/2021 17:15:00;Strada Urbana;VIALE DEI DIADOCHI;all'intersezione con;VIA CLEANTE;VIA CLEANTE;;;Veicolo in marcia contro veicolo fermo;Incrocio;Una carreggiata a doppio senso;Asciutto;Asfaltata;Assente;Sereno;Scarso;Buona;;0;0;0;3;12.3456;41.7403;-1;1;Autovettura privata;In marcia / fermata / arresto;Passeggero;F;Illeso;0;;Non accertato;Inesploso
5432404;13;25/05/2021 17:15:00;Strada Urbana;VIALE DEI DIADOCHI;all'intersezione con;VIA CLEANTE;VIA CLEANTE;;;Veicolo in marcia contro veicolo fermo;Incrocio;Una carreggiata a doppio senso;Asciutto;Asfaltata;Assente;Sereno;Scarso;Buona;;0;0;0;3;12.3456;41.7403;-1;2;Autocarro inferiore 35 q.;In marcia / fermata / arresto;Conducente;M;Illeso;0;;Non accertato;Inesploso
5432411;12;25/05/2021 16:10:00;Strada Urbana;VIA CRISTOFORO COLOMBO;da specificare;;;;pross. P.le Marconi dir. Ostia;Scontro laterale fra veicoli in marcia;Rettilineo;Pi� di due carreggiate;Asciutto;Asfaltata;Verticale ed orizzontale;Sereno;Intenso;Buona;;0;0;0;2;12.4709;41.834;-1;1;Autovettura privata;In marcia / fermata / arresto;Conducente;F;Illeso;0;;;
5432411;12;25/05/2021 16:10:00;Strada Urbana;VIA CRISTOFORO COLOMBO;da specificare;;;;pross. P.le Marconi dir. Ostia;Scontro laterale fra veicoli in marcia;Rettilineo;Pi� di due carreggiate;Asciutto;Asfaltata;Verticale ed orizzontale;Sereno;Intenso;Buona;;0;0;0;2;12.4709;41.834;-1;2;Autoarticolato;In marcia / fermata / arresto;Conducente;M;Illeso;0;;;
5432412;13;25/05/2021 14:10:00;Comunale extraurbana;VIA OSTIENSE;da specificare;;;;altezza Staz. Casal Bernocchi;Tamponamento Multiplo;Rettilineo;Una carreggiata a doppio senso;Asciutto;Asfaltata;Orizzontale;Sereno;Normale;Buona;;0;0;0;7;12.4229;41.8109;-1;1;Autovettura privata;In marcia / fermata / arresto;Conducente;M;Illeso;0;;;
5432412;13;25/05/2021 14:10:00;Comunale extraurbana;VIA OSTIENSE;da specificare;;;;altezza Staz. Casal Bernocchi;Tamponamento Multiplo;Rettilineo;Una carreggiata a doppio senso;Asciutto;Asfaltata;Orizzontale;Sereno;Normale;Buona;;0;0;0;7;12.4229;41.8109;-1;1;Autovettura privata;In marcia / fermata / arresto;Passeggero;M;Illeso;0;;;
5432412;13;25/05/2021 14:10:00;Comunale extraurbana;VIA OSTIENSE;da specificare;;;;altezza Staz. Casal Bernocchi;Tamponamento Multiplo;Rettilineo;Una carreggiata a doppio senso;Asciutto;Asfaltata;Orizzontale;Sereno;Normale;Buona;;0;0;0;7;12.4229;41.8109;-1;2;Autovettura privata;In marcia / fermata / arresto;Conducente;M;Illeso;0;;;
5432412;13;25/05/2021 14:10:00;Comunale extraurbana;VIA OSTIENSE;da specificare;;;;altezza Staz. Casal Bernocchi;Tamponamento Multiplo;Rettilineo;Una carreggiata a doppio senso;Asciutto;Asfaltata;Orizzontale;Sereno;Normale;Buona;;0;0;0;7;12.4229;41.8109;-1;3;Autovettura privata;In marcia / fermata / arresto;Conducente;F;Illeso;0;;;
5432412;13;25/05/2021 14:10:00;Comunale extraurbana;VIA OSTIENSE;da specificare;;;;altezza Staz. Casal Bernocchi;Tamponamento Multiplo;Rettilineo;Una carreggiata a doppio senso;Asciutto;Asfaltata;Orizzontale;Sereno;Normale;Buona;;0;0;0;7;12.4229;41.8109;-1;3;Autovettura privata;In marcia / fermata / arresto;Passeggero;F;Illeso;0;;Non accertato;Inesistente
5432412;13;25/05/2021 14:10:00;Comunale extraurbana;VIA OSTIENSE;da specificare;;;;altezza Staz. Casal Bernocchi;Tamponamento Multiplo;Rettilineo;Una carreggiata a doppio senso;Asciutto;Asfaltata;Orizzontale;Sereno;Normale;Buona;;0;0;0;7;12.4229;41.8109;-1;3;Autovettura privata;In marcia / fermata / arresto;Passeggero;F;Illeso;0;;Non accertato;Inesploso
5432412;13;25/05/2021 14:10:00;Comunale extraurbana;VIA OSTIENSE;da specificare;;;;altezza Staz. Casal Bernocchi;Tamponamento Multiplo;Rettilineo;Una carreggiata a doppio senso;Asciutto;Asfaltata;Orizzontale;Sereno;Normale;Buona;;0;0;0;7;12.4229;41.8109;-1;3;Autovettura privata;In marcia / fermata / arresto;Passeggero;M;Illeso;0;;;
5432413;8;25/05/2021 13:00:00;Altra strada;VIA ERCOLE MARELLI;da specificare;;;;area di parcheggio in prossit� palo luce 87;Investimento di pedone;Rettilineo;Una carreggiata a senso unico di marcia;Asciutto;Asfaltata;Verticale ed orizzontale;Sereno;Scarso;Buona;;1;0;0;1;12.6451;41.8617;-1;;;;Pedone;M;Rimandato;0;NON DECEDUTO;;
5432413;8;25/05/2021 13:00:00;Altra strada;VIA ERCOLE MARELLI;da specificare;;;;area di parcheggio in prossit� palo luce 87;Investimento di pedone;Rettilineo;Una carreggiata a senso unico di marcia;Asciutto;Asfaltata;Verticale ed orizzontale;Sereno;Scarso;Buona;;1;0;0;1;12.6451;41.8617;-1;1;Autovettura privata;In marcia / fermata / arresto;Conducente;M;Illeso;0;;;
5432419;10;25/05/2021 05:50:00;Provinciale entro l'abitato;VIA APPIA NUOVA;da specificare;;;;alt. Via G. Ciampini dir. RM Centro;Scontro laterale fra veicoli in marcia;Rettilineo;Una carreggiata a senso unico di marcia;Asciutto;Asfaltata;Verticale ed orizzontale;Sereno;Normale;Buona;;1;0;0;1;12.5754;41.8121;-1;1;Autovettura privata;In marcia / fermata / arresto;Conducente;F;Illeso;0;;Non accertato;Inesploso
5432419;10;25/05/2021 05:50:00;Provinciale entro l'abitato;VIA APPIA NUOVA;da specificare;;;;alt. Via G. Ciampini dir. RM Centro;Scontro laterale fra veicoli in marcia;Rettilineo;Una carreggiata a senso unico di marcia;Asciutto;Asfaltata;Verticale ed orizzontale;Sereno;Normale;Buona;;1;0;0;1;12.5754;41.8121;-1;2;Velocipede;In marcia / fermata / arresto;Conducente;M;Rimandato;0;NON DECEDUTO;Esente;
5432426;13;25/05/2021 06:15:00;Strada Urbana;VIA DI ACILIA;all'intersezione con;VIA ANGELO CANEVARI;VIA ANGELO CANEVARI;;;Scontro frontale/laterale SX fra veicoli in marcia;Incrocio;Una carreggiata a doppio senso;Asciutto;Asfaltata;Verticale ed orizzontale;Sereno;Normale;Buona;;0;0;0;2;12.3714;41.7737;-1;1;Autovettura privata;In marcia / fermata / arresto;Conducente;M;Illeso;0;;Non accertato;Inesploso
5432426;13;25/05/2021 06:15:00;Strada Urbana;VIA DI ACILIA;all'intersezione con;VIA ANGELO CANEVARI;VIA ANGELO CANEVARI;;;Scontro frontale/laterale SX fra veicoli in marcia;Incrocio;Una carreggiata a doppio senso;Asciutto;Asfaltata;Verticale ed orizzontale;Sereno;Normale;Buona;;0;0;0;2;12.3714;41.7737;-1;2;Autovettura privata;In marcia / fermata / arresto;Conducente;M;Illeso;0;;;
5432429;1;25/05/2021 20:30:00;Strada Urbana;PIAZZA PAGANICA;in prossimit�;;del civico n.;5;;Infortunio per sola frenata improvvisa;Rettilineo;Una carreggiata a senso unico di marcia;Asciutto;In cubetti di porfido;Verticale ed orizzontale;Sereno;Scarso;Buona;;0;0;0;2;12.4774;41.8943;-1;1;Autovettura privata;In marcia / fermata / arresto;Conducente;M;Illeso;0;;;
5432429;1;25/05/2021 20:30:00;Strada Urbana;PIAZZA PAGANICA;in prossimit�;;del civico n.;5;;Infortunio per sola frenata improvvisa;Rettilineo;Una carreggiata a senso unico di marcia;Asciutto;In cubetti di porfido;Verticale ed orizzontale;Sereno;Scarso;Buona;;0;0;0;2;12.4774;41.8943;-1;1;Autovettura privata;In marcia / fermata / arresto;Passeggero;M;Illeso;0;;;
5432429;1;25/05/2021 20:30:00;Strada Urbana;PIAZZA PAGANICA;in prossimit�;;del civico n.;5;;Infortunio per sola frenata improvvisa;Rettilineo;Una carreggiata a senso unico di marcia;Asciutto;In cubetti di porfido;Verticale ed orizzontale;Sereno;Scarso;Buona;;0;0;0;2;12.4774;41.8943;-1;2;Autovettura privata;Sosta;;;;;;;
5432433;20;25/05/2021 09:20:00;Strada Urbana;VIALE DI TOR DI QUINTO;in corrispondenza;;del civico n.;39D;;Tamponamento Multiplo;Rettilineo;Una carreggiata a doppio senso;Asciutto;Asfaltata;Verticale ed orizzontale;Sereno;Intenso;Buona;;0;0;0;3;12.4737;41.9377;-1;1;Autovettura privata;In marcia / fermata / arresto;Conducente;M;Illeso;0;;;