Protocollo;Gruppo;DataOraIncidente;Localizzazione1;STRADA1;Localizzazione2;STRADA2;Strada02;Chilometrica;DaSpecificare;NaturaIncidente;particolaritastrade;TipoStrada;FondoStradale;Pavimentazione;Segnaletica;CondizioneAtmosferica;Traffico;Visibilita;Illuminazione;NUM_FERITI;NUM_RISERVATA;NUM_MORTI;NUM_ILLESI;Longitudine;Latitudine;Confermato;Progressivo;TipoVeicolo;StatoVeicolo;TipoPersona;Sesso;Tipolesione;Deceduto;DecedutoDopo;CinturaCascoUtilizzato;Airbag;
5434086;7;26/05/2021 22:50:00;Strada Urbana;VIALE PALMIRO TOGLIATTI;da specificare;;;;alt. fermata atac 80218;Investimento di pedone;Rettilineo;Due carreggiate;Asciutto;Asfaltata;Verticale ed orizzontale;Sereno;Normale;Buona;;1;0;0;1;12.5686;41.8708;-1;1;Autovettura privata;In marcia / fermata / arresto;Conducente;M;Illeso;0;;Non accertato;Inesploso
5434243;8;26/05/2021 21:40:00;Altra strada;VIA PRENESTINA;da specificare;;;;rampa accesso GRA dir. L'Aquila;Scontro frontale fra veicoli in marcia;Pendenza;Una carreggiata a senso unico di marcia;Asciutto;Asfaltata;Verticale ed orizzontale;Sereno;Scarso;Buona;;1;0;0;0;12.6155;41.8933;-1;1;Autovettura privata;In marcia / fermata / arresto;;;;;;;
5434243;8;26/05/2021 21:40:00;Altra strada;VIA PRENESTINA;da specificare;;;;rampa accesso GRA dir. L'Aquila;Scontro frontale fra veicoli in marcia;Pendenza;Una carreggiata a senso unico di marcia;Asciutto;Asfaltata;Verticale ed orizzontale;Sereno;Scarso;Buona;;1;0;0;0;12.6155;41.8933;-1;2;Motociclo a solo;In marcia / fermata / arresto;Conducente;M;Ricoverato;0;NON DECEDUTO;Non accertato;
5434247;8;26/05/2021 16:40:00;Strada Urbana;VIA DI ROCCA CENCIA;in corrispondenza;;del civico n.;68;;Scontro frontale/laterale SX fra veicoli in marcia;Rettilineo;Una carreggiata a doppio senso;Asciutto;Asfaltata;Orizzontale;Sereno;Normale;Buona;;1;1;0;1;12.6891;41.8657;-1;1;Autovettura privata;In marcia / fermata / arresto;Conducente;F;Illeso;0;;Non accertato;Inesploso
5434247;8;26/05/2021 16:40:00;Strada Urbana;VIA DI ROCCA CENCIA;in corrispondenza;;del civico n.;68;;Scontro frontale/laterale SX fra veicoli in marcia;Rettilineo;Una carreggiata a doppio senso;Asciutto;Asfaltata;Orizzontale;Sereno;Normale;Buona;;1;1;0;1;12.6891;41.8657;-1;2;Motociclo con passeggero;In marcia / fermata / arresto;Conducente;M;Rifiuta cure immediate;0;NON DECEDUTO;Non accertato;
5434247;8;26/05/2021 16:40:00;Strada Urbana;VIA DI ROCCA CENCIA;in corrispondenza;;del civico n.;68;;Scontro frontale/laterale SX fra veicoli in marcia;Rettilineo;Una carreggiata a doppio senso;Asciutto;Asfaltata;Orizzontale;Sereno;Normale;Buona;;1;1;0;1;12.6891;41.8657;-1;2;Motociclo con passeggero;In marcia / fermata / arresto;Passeggero;F;Prognosi riservata;0;NON DECEDUTO;Non accertato;
5434247;8;26/05/2021 16:40:00;Strada Urbana;VIA DI ROCCA CENCIA;in corrispondenza;;del civico n.;68;;Scontro frontale/laterale SX fra veicoli in marcia;Rettilineo;Una carreggiata a doppio senso;Asciutto;Asfaltata;Orizzontale;Sereno;Normale;Buona;;1;1;0;1;12.6891;41.8657;-1;3;Autovettura privata;Sosta;;;;;;;
5434249;8;26/05/2021 12:50:00;Strada Urbana;VIA DI PASSO LOMBARDO;in prossimit�;;del civico n.;341;;Scontro frontale fra veicoli in marcia;Rettilineo;Una carreggiata a doppio senso;Asciutto;Asfaltata;Verticale ed orizzontale;Sereno;Normale;Buona;;2;1;0;0;12.628;41.8456;-1;1;Autovettura privata;In marcia / fermata / arresto;Conducente;M;Rifiuta cure immediate;0;NON DECEDUTO;;
5434249;8;26/05/2021 12:50:00;Strada Urbana;VIA DI PASSO LOMBARDO;in prossimit�;;del civico n.;341;;Scontro frontale fra veicoli in marcia;Rettilineo;Una carreggiata a doppio senso;Asciutto;Asfaltata;Verticale ed orizzontale;Sereno;Normale;Buona;;2;1;0;0;12.628;41.8456;-1;2;Autocarro inferiore 35 q.;In marcia / fermata / arresto;Conducente;M;Prognosi riservata;0;NON DECEDUTO;;
5434249;8;26/05/2021 12:50:00;Strada Urbana;VIA DI PASSO LOMBARDO;in prossimit�;;del civico n.;341;;Scontro frontale fra veicoli in marcia;Rettilineo;Una carreggiata a doppio senso;Asciutto;Asfaltata;Verticale ed orizzontale;Sereno;Normale;Buona;;2;1;0;0;12.628;41.8456;-1;3;Autovettura privata;In marcia / fermata / arresto;Conducente;M;Rifiuta cure immediate;0;NON DECEDUTO;;
5434267;8;26/05/2021 16:40:00;Strada Urbana;VIA CASILINA;all'intersezione con;VIA BORGHESIANA;VIA BORGHESIANA;;;Scontro frontale/laterale SX fra veicoli in marcia;Incrocio;Una carreggiata a doppio senso;Asciutto;Asfaltata;Verticale ed orizzontale;Sereno;Normale;Buona;;2;0;0;2;12.6734;41.864;-1;1;Autovettura privata;In marcia / fermata / arresto;Conducente;M;Illeso;0;;;
5434267;8;26/05/2021 16:40:00;Strada Urbana;VIA CASILINA;all'intersezione con;VIA BORGHESIANA;VIA BORGHESIANA;;;Scontro frontale/laterale SX fra veicoli in marcia;Incrocio;Una carreggiata a doppio senso;Asciutto;Asfaltata;Verticale ed orizzontale;Sereno;Normale;Buona;;2;0;0;2;12.6734;41.864;-1;1;Autovettura privata;In marcia / fermata / arresto;Passeggero;M;Illeso;0;;;
5434267;8;26/05/2021 16:40:00;Strada Urbana;VIA CASILINA;all'intersezione con;VIA BORGHESIANA;VIA BORGHESIANA;;;Scontro frontale/laterale SX fra veicoli in marcia;Incrocio;Una carreggiata a doppio senso;Asciutto;Asfaltata;Verticale ed orizzontale;Sereno;Normale;Buona;;2;0;0;2;12.6734;41.864;-1;2;Motociclo con passeggero;In marcia / fermata / arresto;Conducente;M;Rimandato;0;NON DECEDUTO;;
5434267;8;26/05/2021 16:40:00;Strada Urbana;VIA CASILINA;all'intersezione con;VIA BORGHESIANA;VIA BORGHESIANA;;;Scontro frontale/laterale SX fra veicoli in marcia;Incrocio;Una carreggiata a doppio senso;Asciutto;Asfaltata;Verticale ed orizzontale;Sereno;Normale;Buona;;2;0;0;2;12.6734;41.864;-1;2;Motociclo con passeggero;In marcia / fermata / arresto;Passeggero;M;Rimandato;0;NON DECEDUTO;;
5434268;4;26/05/2021 09:25:00;Strada Urbana;VIA COMANO;in prossimit�;;del civico n.;2;;Veicolo in marcia contro veicolo in sosta;Rettilineo;Una carreggiata a doppio senso;Asciutto;Asfaltata;Verticale ed orizzontale;Sereno;Normale;Buona;;0;0;0;1;12.5167;41.9568;-1;1;Autovettura privata;Sosta;;;;;;;
5434268;4;26/05/2021 09:25:00;Strada Urbana;VIA COMANO;in prossimit�;;del civico n.;2;;Veicolo in marcia contro veicolo in sosta;Rettilineo;Una carreggiata a doppio senso;Asciutto;Asfaltata;Verticale ed orizzontale;Sereno;Normale;Buona;;0;0;0;1;12.5167;41.9568;-1;2;Autovettura privata;In marcia / fermata / arresto;Conducente;F;Illeso;0;;Non accertato;Inesploso
5434270;9;26/05/2021 13:30:00;Strada Urbana;VIA SATRICO;all'intersezione semaforizzata con;VIA ACAIA;VIA ACAIA;;;Investimento di pedone;Intersezione semaforizzata;Una carreggiata a doppio senso;Asciutto;Asfaltata;Verticale ed orizzontale;Sereno;Intenso;Buona;;1;0;0;1;12.5081;41.8768;-1;;;;Pedone;F;Rimandato;0;NON DECEDUTO;;
5434270;9;26/05/2021 13:30:00;Strada Urbana;VIA SATRICO;all'intersezione semaforizzata con;VIA ACAIA;VIA ACAIA;;;Investimento di pedone;Intersezione semaforizzata;Una carreggiata a doppio senso;Asciutto;Asfaltata;Verticale ed orizzontale;Sereno;Intenso;Buona;;1;0;0;1;12.5081;41.8768;-1;1;Autobus di linea;In marcia / fermata / arresto;Conducente;M;Illeso;0;;Non accertato;Inesploso
5434280;18;26/05/2021 19:45:00;Strada Urbana;VIA NAZARETH;in corrispondenza;;del civico n.;447;;Veicolo in marcia contro veicolo in sosta;Rettilineo;Una carreggiata a doppio senso;Asciutto;Asfaltata;Verticale ed orizzontale;Sereno;Normale;Buona;;0;0;0;1;12.3977;41.9;-1;1;Autovettura privata;Sosta;;;;;;;
5434280;18;26/05/2021 19:45:00;Strada Urbana;VIA NAZARETH;in corrispondenza;;del civico n.;447;;Veicolo in marcia contro veicolo in sosta;Rettilineo;Una carreggiata a doppio senso;Asciutto;Asfaltata;Verticale ed orizzontale;Sereno;Normale;Buona;;0;0;0;1;12.3977;41.9;-1;2;Autovettura privata;In marcia / fermata / arresto;Conducente;F;Illeso;0;;Non accertato;Inesploso
5434282;4;26/05/2021 09:20:00;Strada Urbana;CORSO SEMPIONE;da specificare;;;;fronte civico 11;Tamponamento;Rettilineo;Due carreggiate;Asciutto;Asfaltata;Verticale ed orizzontale;Sereno;Intenso;Buona;;0;0;0;2;12.534;41.9355;-1;1;Motociclo a solo;In marcia / fermata / arresto;Conducente;M;Illeso;0;;;
5434282;4;26/05/2021 09:20:00;Strada Urbana;CORSO SEMPIONE;da specificare;;;;fronte civico 11;Tamponamento;Rettilineo;Due carreggiate;Asciutto;Asfaltata;Verticale ed orizzontale;Sereno;Intenso;Buona;;0;0;0;2;12.534;41.9355;-1;2;Autovettura privata;In marcia / fermata / arresto;Conducente;M;Illeso;0;;;
5434290;9;26/05/2021 17:50:00;Strada Urbana;VIA DELL'ARCO DI TRAVERTINO;da specificare;;;;prossimit� di Via di Grottaferrata;Investimento di pedone;Rettilineo;Due carreggiate;Asciutto;Asfaltata;Verticale ed orizzontale;Sereno;Intenso;Buona;;1;1;0;1;12.5349;41.8656;-1;;;;Pedone;F;Prognosi riservata;0;NON DECEDUTO;;
5434290;9;26/05/2021 17:50:00;Strada Urbana;VIA DELL'ARCO DI TRAVERTINO;da specificare;;;;prossimit� di Via di Grottaferrata;Investimento di pedone;Rettilineo;Due carreggiate;Asciutto;Asfaltata;Verticale ed orizzontale;Sereno;Intenso;Buona;;1;1;0;1;12.5349;41.8656;-1;;;;Pedone;M;Rimandato;0;NON DECEDUTO;;
5434290;9;26/05/2021 17:50:00;Strada Urbana;VIA DELL'ARCO DI TRAVERTINO;da specificare;;;;prossimit� di Via di Grottaferrata;Investimento di pedone;Rettilineo;Due carreggiate;Asciutto;Asfaltata;Verticale ed orizzontale;Sereno;Intenso;Buona;;1;1;0;1;12.5349;41.8656;-1;1;Autovettura privata;In marcia / fermata / arresto;Conducente;F;Illeso;0;;Non accertato;Inesploso
5434293;4;26/05/2021 10:20:00;Strada Urbana;VIA GIOVANNI CONTI;in prossimit�;;del civico n.;40;;Investimento di pedone;Rettilineo;Una carreggiata a senso unico di marcia;Asciutto;Asfaltata;Verticale ed orizzontale;Sereno;Intenso;Buona;;1;0;0;1;12.5294;41.9524;-1;;;;Pedone;F;Rimandato;0;NON DECEDUTO;;
5434293;4;26/05/2021 10:20:00;Strada Urbana;VIA GIOVANNI CONTI;in prossimit�;;del civico n.;40;;Investimento di pedone;Rettilineo;Una carreggiata a senso unico di marcia;Asciutto;Asfaltata;Verticale ed orizzontale;Sereno;Intenso;Buona;;1;0;0;1;12.5294;41.9524;-1;1;Ciclomotore;In marcia / fermata / arresto;Conducente;M;Illeso;0;;;
5434296;8;26/05/2021 11:00:00;Strada Urbana;VIALE DELL'ARCHIGINNASIO;da specificare;;;;ENTRATA PUNTO VACCINAZIONE COVID;Tamponamento Multiplo;Curva senza visuale libera;Due carreggiate;Asciutto;Asfaltata;Orizzontale;Sereno;Intenso;Buona;;2;0;0;1;12.6414;41.8443;-1;1;Autovettura privata;In marcia / fermata / arresto;Conducente;M;Illeso;0;;Non accertato;Inesploso
5434296;8;26/05/2021 11:00:00;Strada Urbana;VIALE DELL'ARCHIGINNASIO;da specificare;;;;ENTRATA PUNTO VACCINAZIONE COVID;Tamponamento Multiplo;Curva senza visuale libera;Due carreggiate;Asciutto;Asfaltata;Orizzontale;Sereno;Intenso;Buona;;2;0;0;1;12.6414;41.8443;-1;2;Autovettura privata;In marcia / fermata / arresto;Conducente;M;Rimandato;0;NON DECEDUTO;Non accertato;Inesploso
5434296;8;26/05/2021 11:00:00;Strada Urbana;VIALE DELL'ARCHIGINNASIO;da specificare;;;;ENTRATA PUNTO VACCINAZIONE COVID;Tamponamento Multiplo;Curva senza visuale libera;Due carreggiate;Asciutto;Asfaltata;Orizzontale;Sereno;Intenso;Buona;;2;0;0;1;12.6414;41.8443;-1;2;Autovettura privata;In marcia / fermata / arresto;Passeggero;F;Rimandato;0;NON DECEDUTO;Non accertato;Inesploso
5434296;8;26/05/2021 11:00:00;Strada Urbana;VIALE DELL'ARCHIGINNASIO;da specificare;;;;ENTRATA PUNTO VACCINAZIONE COVID;Tamponamento Multiplo;Curva senza visuale libera;Due carreggiate;Asciutto;Asfaltata;Orizzontale;Sereno;Intenso;Buona;;2;0;0;1;12.6414;41.8443;-1;3;Autovettura privata;Allontanatosi;;;;;;;
5434302;11;26/05/2021 07:10:00;Strada Urbana;VIALE ERMINIO SPALLA;all'intersezione semaforizzata con;VIA VALENTINO MAZZOLA;VIA VALENTINO MAZZOLA;;;Scontro frontale/laterale DX fra veicoli in marcia;Intersezione semaforizzata;Due carreggiate;Asciutto;Asfaltata;Verticale ed orizzontale;Sereno;Normale;Buona;;1;0;0;1;12.5106;41.8324;-1;1;Autovettura privata;In marcia / fermata / arresto;Conducente;M;Illeso;0;;;
5434302;11;26/05/2021 07:10:00;Strada Urbana;VIALE ERMINIO SPALLA;all'intersezione semaforizzata con;VIA VALENTINO MAZZOLA;VIA VALENTINO MAZZOLA;;;Scontro frontale/laterale DX fra veicoli in marcia;Intersezione semaforizzata;Due carreggiate;Asciutto;Asfaltata;Verticale ed orizzontale;Sereno;Normale;Buona;;1;0;0;1;12.5106;41.8324;-1;2;Autovettura privata;In marcia / fermata / arresto;Conducente;F;Rimandato;0;NON DECEDUTO;;
5434305;8;26/05/2021 08:15:00;Strada Urbana;VIALE OXFORD;da specificare;;;;inversione di marcia per area parcheggio PTV;Scontro laterale fra veicoli in marcia;Rettilineo;Una carreggiata a senso unico di marcia;Asciutto;Asfaltata;Verticale ed orizzontale;Sereno;Normale;Buona;;1;0;0;2;12.6276;41.8611;-1;1;Autovettura privata;In marcia / fermata / arresto;Conducente;M;Rimandato;0;NON DECEDUTO;Non accertato;Inesploso
5434305;8;26/05/2021 08:15:00;Strada Urbana;VIALE OXFORD;da specificare;;;;inversione di marcia per area parcheggio PTV;Scontro laterale fra veicoli in marcia;Rettilineo;Una carreggiata a senso unico di marcia;Asciutto;Asfaltata;Verticale ed orizzontale;Sereno;Normale;Buona;;1;0;0;2;12.6276;41.8611;-1;1;Autovettura privata;In marcia / fermata / arresto;Passeggero;F;Illeso;0;;Non accertato;Inesploso
5434305;8;26/05/2021 08:15:00;Strada Urbana;VIALE OXFORD;da specificare;;;;inversione di marcia per area parcheggio PTV;Scontro laterale fra veicoli in marcia;Rettilineo;Una carreggiata a senso unico di marcia;Asciutto;Asfaltata;Verticale ed orizzontale;Sereno;Normale;Buona;;1;0;0;2;12.6276;41.8611;-1;2;Autobus di linea;In marcia / fermata / arresto;Conducente;M;Illeso;0;;Non accertato;Inesploso
5434309;13;26/05/2021 10:45:00;Strada Urbana;VIA ERMANNO WOLF FERRARI;in prossimit�;;del civico n.;246;;Scontro frontale/laterale SX fra veicoli in marcia;Rettilineo;Una carreggiata a doppio senso;Asciutto;Asfaltata;Assente;Sereno;Normale;Buona;;0;0;0;2;12.3735;41.7522;-1;1;Autovettura privata;In marcia / fermata / arresto;Conducente;M;Illeso;0;;Non accertato;Inesploso
5434309;13;26/05/2021 10:45:00;Strada Urbana;VIA ERMANNO WOLF FERRARI;in prossimit�;;del civico n.;246;;Scontro frontale/laterale SX fra veicoli in marcia;Rettilineo;Una carreggiata a doppio senso;Asciutto;Asfaltata;Assente;Sereno;Normale;Buona;;0;0;0;2;12.3735;41.7522;-1;2;Motociclo a solo;In marcia / fermata / arresto;Conducente;M;Illeso;0;;Non utilizzato;
5434311;9;26/05/2021 20:50:00;Strada Urbana;VIA APPIA NUOVA;all'intersezione con;VIA CASALMONFERRATO;VIA CASALMONFERRATO;;;Veicolo in marcia contro veicolo arresto;Incrocio;Due carreggiate;Asciutto;Asfaltata;Verticale ed orizzontale;Sereno;Intenso;Buona;;0;0;0;3;12.5167;41.88;-1;1;Autovettura privata;In marcia / fermata / arresto;Conducente;M;Illeso;0;;Non accertato;Inesploso
5434311;9;26/05/2021 20:50:00;Strada Urbana;VIA APPIA NUOVA;all'intersezione con;VIA CASALMONFERRATO;VIA CASALMONFERRATO;;;Veicolo in marcia contro veicolo arresto;Incrocio;Due carreggiate;Asciutto;Asfaltata;Verticale ed orizzontale;Sereno;Intenso;Buona;;0;0;0;3;12.5167;41.88;-1;1;Autovettura privata;In marcia / fermata / arresto;Passeggero;F;Illeso;0;;Non accertato;Inesploso
5434311;9;26/05/2021 20:50:00;Strada Urbana;VIA APPIA NUOVA;all'intersezione con;VIA CASALMONFERRATO;VIA CASALMONFERRATO;;;Veicolo in marcia contro veicolo arresto;Incrocio;Due carreggiate;Asciutto;Asfaltata;Verticale ed orizzontale;Sereno;Intenso;Buona;;0;0;0;3;12.5167;41.88;-1;2;Autocaravan;In marcia / fermata / arresto;Conducente;M;Illeso;0;;Non accertato;Inesploso
5434312;8;26/05/2021 14:35:00;Strada Urbana;VIA BOVALINO;all'intersezione con;VIA DI ROCCA CENCIA;VIA DI ROCCA CENCIA;;;Scontro laterale fra veicoli in marcia;Incrocio;Una carreggiata a doppio senso;Asciutto;Asfaltata;Verticale ed orizzontale;Sereno;Scarso;Buona;;0;0;0;3;12.6899;41.8694;-1;1;Autovettura privata;In marcia / fermata / arresto;Conducente;M;Illeso;0;;;
5434312;8;26/05/2021 14:35:00;Strada Urbana;VIA BOVALINO;all'intersezione con;VIA DI ROCCA CENCIA;VIA DI ROCCA CENCIA;;;Scontro laterale fra veicoli in marcia;Incrocio;Una carreggiata a doppio senso;Asciutto;Asfaltata;Verticale ed orizzontale;Sereno;Scarso;Buona;;0;0;0;3;12.6899;41.8694;-1;2;Autocarro inferiore 35 q.;In marcia / fermata / arresto;Conducente;M;Illeso;0;;;
5434312;8;26/05/2021 14:35:00;Strada Urbana;VIA BOVALINO;all'intersezione con;VIA DI ROCCA CENCIA;VIA DI ROCCA CENCIA;;;Scontro laterale fra veicoli in marcia;Incrocio;Una carreggiata a doppio senso;Asciutto;Asfaltata;Verticale ed orizzontale;Sereno;Scarso;Buona;;0;0;0;3;12.6899;41.8694;-1;2;Autocarro inferiore 35 q.;In marcia / fermata / arresto;Passeggero;M;Illeso;0;;;
5434313;4;26/05/2021 17:00:00;Strada Urbana;VIA ADOLFO ALBERTAZZI;all'intersezione con;VIA FRANCO SACCHETTI;VIA FRANCO SACCHETTI;;;Investimento di pedone;Intersezione non regolata/non segnalata;Una carreggiata a senso unico di marcia;Asciutto;Asfaltata;Assente;Sereno;Normale;Buona;;1;0;0;1;12.5435;41.9496;-1;;;;Pedone;F;Rimandato;0;NON DECEDUTO;;
5434313;4;26/05/2021 17:00:00;Strada Urbana;VIA ADOLFO ALBERTAZZI;all'intersezione con;VIA FRANCO SACCHETTI;VIA FRANCO SACCHETTI;;;Investimento di pedone;Intersezione non regolata/non segnalata;Una carreggiata a senso unico di marcia;Asciutto;Asfaltata;Assente;Sereno;Normale;Buona;;1;0;0;1;12.5435;41.9496;-1;1;Autovettura privata;In marcia / fermata / arresto;Conducente;M;Illeso;0;;;
5434313;4;26/05/2021 17:00:00;Strada Urbana;VIA ADOLFO ALBERTAZZI;all'intersezione con;VIA FRANCO SACCHETTI;VIA FRANCO SACCHETTI;;;Investimento di pedone;Intersezione non regolata/non segnalata;Una carreggiata a senso unico di marcia;Asciutto;Asfaltata;Assente;Sereno;Normale;Buona;;1;0;0;1;12.5435;41.9496;-1;2;Autovettura privata;Sosta;;;;;;;
5434317;20;26/05/2021 15:00:00;Regionale entro l'abitato;VIA CASSIA;da specificare;;;;PROSSIMITA' VIA RICCARDO MORETTI;Tamponamento;Rettilineo;Una carreggiata a doppio senso;Asciutto;Asfaltata;Verticale ed orizzontale;Sereno;Normale;Sufficiente;;0;0;0;2;12.4137;41.9828;-1;1;Autovettura privata;In marcia / fermata / arresto;Conducente;M;Illeso;0;;;
5434317;20;26/05/2021 15:00:00;Regionale entro l'abitato;VIA CASSIA;da specificare;;;;PROSSIMITA' VIA RICCARDO MORETTI;Tamponamento;Rettilineo;Una carreggiata a doppio senso;Asciutto;Asfaltata;Verticale ed orizzontale;Sereno;Normale;Sufficiente;;0;0;0;2;12.4137;41.9828;-1;2;Autovettura privata;In marcia / fermata / arresto;Conducente;F;Illeso;0;;Non accertato;
5434323;8;26/05/2021 16:00:00;Strada Urbana;VIA SPINETOLI;in corrispondenza;;del civico n.;98;;Veicolo in marcia contro ostacolo accidentale;Rettilineo;Una carreggiata a senso unico di marcia;Asciutto;Asfaltata;Verticale ed orizzontale;Sereno;Normale;Buona;;0;0;0;2;12.7274;41.9135;-1;1;Autovettura privata;In marcia / fermata / arresto;Conducente;M;Illeso;0;;;
5434323;8;26/05/2021 16:00:00;Strada Urbana;VIA SPINETOLI;in corrispondenza;;del civico n.;98;;Veicolo in marcia contro ostacolo accidentale;Rettilineo;Una carreggiata a senso unico di marcia;Asciutto;Asfaltata;Verticale ed orizzontale;Sereno;Normale;Buona;;0;0;0;2;12.7274;41.9135;-1;1;Autovettura privata;In marcia / fermata / arresto;Passeggero;F;Illeso;0;;Non accertato;Inesistente
5434329;8;26/05/2021 16:00:00;Strada Urbana;VIA RAOUL CHIODELLI;in prossimit�;;del palo luce n.;4;;Veicolo in marcia che urta buche nella carreggiata;Rettilineo;Due carreggiate;Asciutto;Asfaltata;Assente;Sereno;Normale;Buona;;0;0;0;3;12.6622;41.9064;-1;1;Autovettura privata;In marcia / fermata / arresto;Conducente;F;Illeso;0;;Non accertato;Inesploso
5434329;8;26/05/2021 16:00:00;Strada Urbana;VIA RAOUL CHIODELLI;in prossimit�;;del palo luce n.;4;;Veicolo in marcia che urta buche nella carreggiata;Rettilineo;Due carreggiate;Asciutto;Asfaltata;Assente;Sereno;Normale;Buona;;0;0;0;3;12.6622;41.9064;-1;1;Autovettura privata;In marcia / fermata / arresto;Passeggero;M;Illeso;0;;Utilizzato;
5434329;8;26/05/2021 16:00:00;Strada Urbana;VIA RAOUL CHIODELLI;in prossimit�;;del palo luce n.;4;;Veicolo in marcia che urta buche nella carreggiata;Rettilineo;Due carreggiate;Asciutto;Asfaltata;Assente;Sereno;Normale;Buona;;0;0;0;3;12.6622;41.9064;-1;1;Autovettura privata;In marcia / fermata / arresto;Passeggero;F;Illeso;0;;Utilizzato;
5434332;8;26/05/2021 08:00:00;Strada Urbana;VIA CASILINA;all'intersezione semaforizzata con;VIA WALTER TOBAGI;VIA WALTER TOBAGI;;;Scontro laterale fra veicoli in marcia;Intersezione semaforizzata;Una carreggiata a doppio senso;Asciutto;Asfaltata;Verticale ed orizzontale;Sereno;Intenso;Buona;;0;0;0;2;12.5969;41.8664;-1;1;Autovettura privata;In marcia / fermata / arresto;Conducente;M;Illeso;0;;Non accertato;Inesploso
5434332;8;26/05/2021 08:00:00;Strada Urbana;VIA CASILINA;all'intersezione semaforizzata con;VIA WALTER TOBAGI;VIA WALTER TOBAGI;;;Scontro laterale fra veicoli in marcia;Intersezione semaforizzata;Una carreggiata a doppio senso;Asciutto;Asfaltata;Verticale ed orizzontale;Sereno;Intenso;Buona;;0;0;0;2;12.5969;41.8664;-1;2;Autovettura privata;In marcia / fermata / arresto;Conducente;F;Illeso;0;;Non accertato;Inesploso
5434337;13;26/05/2021 19:00:00;Strada Urbana;VIALE DI CASTEL PORZIANO;in corrispondenza;;del civico n.;391;;Scontro frontale/laterale DX fra veicoli in marcia;Rettilineo;Una carreggiata a doppio senso;Asciutto;Asfaltata;Orizzontale;Sereno;Normale;Buona;;0;0;0;2;12.3619;41.7349;-1;1;Autocarro inferiore 35 q.;In marcia / fermata / arresto;Conducente;M;Illeso;0;;Non accertato;Inesploso
5434337;13;26/05/2021 19:00:00;Strada Urbana;VIALE DI CASTEL PORZIANO;in corrispondenza;;del civico n.;391;;Scontro frontale/laterale DX fra veicoli in marcia;Rettilineo;Una carreggiata a doppio senso;Asciutto;Asfaltata;Orizzontale;Sereno;Normale;Buona;;0;0;0;2;12.3619;41.7349;-1;2;Autovettura privata;In marcia / fermata / arresto;Conducente;M;Illeso;0;;Non accertato;Inesploso
5434340;11;26/05/2021 07:45:00;Strada Urbana;VIALE ERMINIO SPALLA;all'intersezione con;VIA DI GROTTA PERFETTA;VIA DI GROTTA PERFETTA;;;Tamponamento;Incrocio;Una carreggiata a senso unico di marcia;Asciutto;Asfaltata;Verticale ed orizzontale;Sereno;Intenso;Buona;;0;0;0;2;12.5079;41.8324;-1;1;Autovettura privata;In marcia / fermata / arresto;Conducente;F;Illeso;0;;Non accertato;
5434340;11;26/05/2021 07:45:00;Strada Urbana;VIALE ERMINIO SPALLA;all'intersezione con;VIA DI GROTTA PERFETTA;VIA DI GROTTA PERFETTA;;;Tamponamento;Incrocio;Una carreggiata a senso unico di marcia;Asciutto;Asfaltata;Verticale ed orizzontale;Sereno;Intenso;Buona;;0;0;0;2;12.5079;41.8324;-1;2;Autovettura privata;In marcia / fermata / arresto;Conducente;M;Illeso;0;;;
5434343;15;26/05/2021 13:20:00;Strada Urbana;VIA PORTUENSE;da specificare;;;;prossimit� civico 240;Tamponamento;Rettilineo;Due carreggiate;Asciutto;Asfaltata;Orizzontale;Sereno;Normale;Buona;;1;0;0;1;12.414;41.8469;-1;1;Autovettura privata;In marcia / fermata / arresto;Conducente;F;Illeso;0;;Non accertato;Inesploso
5434343;15;26/05/2021 13:20:00;Strada Urbana;VIA PORTUENSE;da specificare;;;;prossimit� civico 240;Tamponamento;Rettilineo;Due carreggiate;Asciutto;Asfaltata;Orizzontale;Sereno;Normale;Buona;;1;0;0;1;12.414;41.8469;-1;2;Motociclo a solo;In marcia / fermata / arresto;Conducente;M;Rimandato;0;NON DECEDUTO;Non accertato;
5434344;8;26/05/2021 10:00:00;Strada Urbana;VIA TADDEO CRIVELLI;all'intersezione con;VIA ENEA VICO;VIA ENEA VICO;;;Scontro laterale fra veicoli in marcia;Incrocio;Una carreggiata a doppio senso;Asciutto;Asfaltata;Verticale;Sereno;Scarso;Buona;;0;0;0;3;12.6007;41.8603;-1;1;Autovettura privata;In marcia / fermata / arresto;Conducente;M;Illeso;0;;Non accertato;Inesploso
5434344;8;26/05/2021 10:00:00;Strada Urbana;VIA TADDEO CRIVELLI;all'intersezione con;VIA ENEA VICO;VIA ENEA VICO;;;Scontro laterale fra veicoli in marcia;Incrocio;Una carreggiata a doppio senso;Asciutto;Asfaltata;Verticale;Sereno;Scarso;Buona;;0;0;0;3;12.6007;41.8603;-1;2;Autovettura privata;In marcia / fermata / arresto;Conducente;M;Illeso;0;;Non accertato;Inesploso
5434344;8;26/05/2021 10:00:00;Strada Urbana;VIA TADDEO CRIVELLI;all'intersezione con;VIA ENEA VICO;VIA ENEA VICO;;;Scontro laterale fra veicoli in marcia;Incrocio;Una carreggiata a doppio senso;Asciutto;Asfaltata;Verticale;Sereno;Scarso;Buona;;0;0;0;3;12.6007;41.8603;-1;2;Autovettura privata;In marcia / fermata / arresto;Passeggero;F;Illeso;0;;Non accertato;Inesploso
5434359;1;26/05/2021 19:10:00;Strada Urbana;VIA DEL MONTE DELLA FARINA;da specificare;;;;fronte civico 32;Veicolo in marcia contro veicoli in sosta;Rettilineo;Una carreggiata a senso unico di marcia;Asciutto;In cubetti di porfido;Verticale ed orizzontale;Sereno;Normale;Buona;;0;0;0;1;12.4751;41.8953;-1;1;Quadriciclo leggero;In marcia / fermata / arresto;Conducente;M;Illeso;0;;;