Protocollo;Gruppo;DataOraIncidente;Localizzazione1;STRADA1;Localizzazione2;STRADA2;Strada02;Chilometrica;DaSpecificare;NaturaIncidente;particolaritastrade;TipoStrada;FondoStradale;Pavimentazione;Segnaletica;CondizioneAtmosferica;Traffico;Visibilita;Illuminazione;NUM_FERITI;NUM_RISERVATA;NUM_MORTI;NUM_ILLESI;Longitudine;Latitudine;Confermato;Progressivo;TipoVeicolo;StatoVeicolo;TipoPersona;Sesso;Tipolesione;Deceduto;DecedutoDopo;CinturaCascoUtilizzato;Airbag;
5439177;11;29/05/2021 13:40:00;Strada Urbana;VIA FRANCESCO GIANGIACOMO;in prossimit�;;del civico n.;5;;Veicolo in marcia contro veicolo fermo;Rettilineo;Una carreggiata a senso unico di marcia;Asciutto;Asfaltata;Verticale ed orizzontale;Sereno;Scarso;Buona;;0;0;0;3;12.5012;41.8543;-1;1;Autovettura privata;In marcia / fermata / arresto;Conducente;M;Illeso;0;;Non accertato;
5439177;11;29/05/2021 13:40:00;Strada Urbana;VIA FRANCESCO GIANGIACOMO;in prossimit�;;del civico n.;5;;Veicolo in marcia contro veicolo fermo;Rettilineo;Una carreggiata a senso unico di marcia;Asciutto;Asfaltata;Verticale ed orizzontale;Sereno;Scarso;Buona;;0;0;0;3;12.5012;41.8543;-1;1;Autovettura privata;In marcia / fermata / arresto;Passeggero;F;Illeso;0;;Non accertato;
5439177;11;29/05/2021 13:40:00;Strada Urbana;VIA FRANCESCO GIANGIACOMO;in prossimit�;;del civico n.;5;;Veicolo in marcia contro veicolo fermo;Rettilineo;Una carreggiata a senso unico di marcia;Asciutto;Asfaltata;Verticale ed orizzontale;Sereno;Scarso;Buona;;0;0;0;3;12.5012;41.8543;-1;2;Autovettura privata;In marcia / fermata / arresto;Conducente;M;Illeso;0;;Non accertato;
5439179;11;29/05/2021 13:50:00;Strada Urbana;VIA CRISTOFORO COLOMBO;all'intersezione semaforizzata con;VIA FLAVIO DOMIZIANO;VIA FLAVIO DOMIZIANO;;;Tamponamento;Intersezione semaforizzata;Pi� di due carreggiate;Asciutto;Asfaltata;Verticale ed orizzontale;Sereno;Normale;Buona;;1;0;0;1;12.4536;41.8089;-1;1;Motociclo a solo;In marcia / fermata / arresto;Conducente;M;Rimandato;0;NON DECEDUTO;;
5439179;11;29/05/2021 13:50:00;Strada Urbana;VIA CRISTOFORO COLOMBO;all'intersezione semaforizzata con;VIA FLAVIO DOMIZIANO;VIA FLAVIO DOMIZIANO;;;Tamponamento;Intersezione semaforizzata;Pi� di due carreggiate;Asciutto;Asfaltata;Verticale ed orizzontale;Sereno;Normale;Buona;;1;0;0;1;12.4536;41.8089;-1;2;Autovettura privata;In marcia / fermata / arresto;Conducente;M;Illeso;0;;;
5439183;2;28/05/2021 11:30:00;Strada Urbana;PIAZZA REGINA MARGHERITA;da specificare;;;;fronte civico 28;Tamponamento;Rettilineo;Una carreggiata a doppio senso;Asciutto;Asfaltata;Verticale ed orizzontale;Sereno;Normale;Buona;;0;0;0;2;12.5055;41.9136;-1;1;Autovettura privata;In marcia / fermata / arresto;Conducente;M;Illeso;0;;Non accertato;Inesploso
5439183;2;28/05/2021 11:30:00;Strada Urbana;PIAZZA REGINA MARGHERITA;da specificare;;;;fronte civico 28;Tamponamento;Rettilineo;Una carreggiata a doppio senso;Asciutto;Asfaltata;Verticale ed orizzontale;Sereno;Normale;Buona;;0;0;0;2;12.5055;41.9136;-1;2;Autocarro inferiore 35 q.;In marcia / fermata / arresto;Conducente;M;Illeso;0;;Non accertato;Inesploso
5439184;11;29/05/2021 15:00:00;Strada Urbana;VIA LAURENTINA;in corrispondenza;;del civico n.;195;;Scontro laterale fra veicoli in marcia;Rettilineo;Due carreggiate;Asciutto;Asfaltata;Orizzontale;Sereno;Normale;Buona;;0;0;0;8;12.4807;41.8434;-1;1;Autovettura privata;In marcia / fermata / arresto;Conducente;F;Illeso;0;;;
5439184;11;29/05/2021 15:00:00;Strada Urbana;VIA LAURENTINA;in corrispondenza;;del civico n.;195;;Scontro laterale fra veicoli in marcia;Rettilineo;Due carreggiate;Asciutto;Asfaltata;Orizzontale;Sereno;Normale;Buona;;0;0;0;8;12.4807;41.8434;-1;1;Autovettura privata;In marcia / fermata / arresto;Passeggero;M;Illeso;0;;;
5439184;11;29/05/2021 15:00:00;Strada Urbana;VIA LAURENTINA;in corrispondenza;;del civico n.;195;;Scontro laterale fra veicoli in marcia;Rettilineo;Due carreggiate;Asciutto;Asfaltata;Orizzontale;Sereno;Normale;Buona;;0;0;0;8;12.4807;41.8434;-1;1;Autovettura privata;In marcia / fermata / arresto;Passeggero;M;Illeso;0;;;
5439184;11;29/05/2021 15:00:00;Strada Urbana;VIA LAURENTINA;in corrispondenza;;del civico n.;195;;Scontro laterale fra veicoli in marcia;Rettilineo;Due carreggiate;Asciutto;Asfaltata;Orizzontale;Sereno;Normale;Buona;;0;0;0;8;12.4807;41.8434;-1;1;Autovettura privata;In marcia / fermata / arresto;Passeggero;M;Illeso;0;;;
5439184;11;29/05/2021 15:00:00;Strada Urbana;VIA LAURENTINA;in corrispondenza;;del civico n.;195;;Scontro laterale fra veicoli in marcia;Rettilineo;Due carreggiate;Asciutto;Asfaltata;Orizzontale;Sereno;Normale;Buona;;0;0;0;8;12.4807;41.8434;-1;1;Autovettura privata;In marcia / fermata / arresto;Passeggero;F;Illeso;0;;;
5439184;11;29/05/2021 15:00:00;Strada Urbana;VIA LAURENTINA;in corrispondenza;;del civico n.;195;;Scontro laterale fra veicoli in marcia;Rettilineo;Due carreggiate;Asciutto;Asfaltata;Orizzontale;Sereno;Normale;Buona;;0;0;0;8;12.4807;41.8434;-1;2;Motociclo con passeggero;In marcia / fermata / arresto;Conducente;M;Illeso;0;;;
5439184;11;29/05/2021 15:00:00;Strada Urbana;VIA LAURENTINA;in corrispondenza;;del civico n.;195;;Scontro laterale fra veicoli in marcia;Rettilineo;Due carreggiate;Asciutto;Asfaltata;Orizzontale;Sereno;Normale;Buona;;0;0;0;8;12.4807;41.8434;-1;2;Motociclo con passeggero;In marcia / fermata / arresto;Passeggero;F;Illeso;0;;;
5439184;11;29/05/2021 15:00:00;Strada Urbana;VIA LAURENTINA;in corrispondenza;;del civico n.;195;;Scontro laterale fra veicoli in marcia;Rettilineo;Due carreggiate;Asciutto;Asfaltata;Orizzontale;Sereno;Normale;Buona;;0;0;0;8;12.4807;41.8434;-1;3;Autovettura privata;In marcia / fermata / arresto;Conducente;M;Illeso;0;;;
5439185;2;28/05/2021 21:20:00;Strada Urbana;VIA SALARIA;all'intersezione con;VIA ARCHIANO;VIA ARCHIANO;;;Tamponamento;Incrocio;Una carreggiata a doppio senso;Asciutto;Asfaltata;Verticale ed orizzontale;Sereno;Scarso;Buona;;1;0;0;1;12.5052;41.926;-1;1;Motociclo a solo;In marcia / fermata / arresto;Conducente;M;Ricoverato;0;NON DECEDUTO;;
5439185;2;28/05/2021 21:20:00;Strada Urbana;VIA SALARIA;all'intersezione con;VIA ARCHIANO;VIA ARCHIANO;;;Tamponamento;Incrocio;Una carreggiata a doppio senso;Asciutto;Asfaltata;Verticale ed orizzontale;Sereno;Scarso;Buona;;1;0;0;1;12.5052;41.926;-1;2;Autovettura privata;In marcia / fermata / arresto;Conducente;F;Illeso;0;;;
5439198;11;29/05/2021 22:00:00;Strada Urbana;VIALE GUGLIELMO MARCONI;in prossimit�;;del palo luce n.;96;;Scontro frontale/laterale SX fra veicoli in marcia;Rettilineo;Due carreggiate;Asciutto;Asfaltata;Verticale ed orizzontale;Sereno;Normale;Buona;;1;0;0;1;12.4713;41.8573;-1;1;Autovettura privata;In marcia / fermata / arresto;Conducente;M;Illeso;0;;;
5439198;11;29/05/2021 22:00:00;Strada Urbana;VIALE GUGLIELMO MARCONI;in prossimit�;;del palo luce n.;96;;Scontro frontale/laterale SX fra veicoli in marcia;Rettilineo;Due carreggiate;Asciutto;Asfaltata;Verticale ed orizzontale;Sereno;Normale;Buona;;1;0;0;1;12.4713;41.8573;-1;2;Autovettura privata;In marcia / fermata / arresto;Conducente;M;Rifiuta cure immediate;0;NON DECEDUTO;;
5439204;2;28/05/2021 18:30:00;Strada Urbana;LUNGOTEVERE ARNALDO DA BRESCIA;da specificare;;;;rampa uscita Ponte Nenni ;Tamponamento;Rettilineo;Una carreggiata a senso unico di marcia;Asciutto;Asfaltata;Verticale ed orizzontale;Sereno;Scarso;Buona;;1;0;0;2;12.4726;41.9123;-1;1;Motociclo a solo;In marcia / fermata / arresto;Conducente;M;Rimandato;0;NON DECEDUTO;Non accertato;
5439204;2;28/05/2021 18:30:00;Strada Urbana;LUNGOTEVERE ARNALDO DA BRESCIA;da specificare;;;;rampa uscita Ponte Nenni ;Tamponamento;Rettilineo;Una carreggiata a senso unico di marcia;Asciutto;Asfaltata;Verticale ed orizzontale;Sereno;Scarso;Buona;;1;0;0;2;12.4726;41.9123;-1;2;Autovettura privata;In marcia / fermata / arresto;Conducente;M;Illeso;0;;;
5439204;2;28/05/2021 18:30:00;Strada Urbana;LUNGOTEVERE ARNALDO DA BRESCIA;da specificare;;;;rampa uscita Ponte Nenni ;Tamponamento;Rettilineo;Una carreggiata a senso unico di marcia;Asciutto;Asfaltata;Verticale ed orizzontale;Sereno;Scarso;Buona;;1;0;0;2;12.4726;41.9123;-1;2;Autovettura privata;In marcia / fermata / arresto;Passeggero;F;Illeso;0;;Non accertato;Inesploso
5439207;2;28/05/2021 08:00:00;Strada Urbana;VIA SALARIA;all'intersezione con;VIA ARBIA;VIA ARBIA;;;Scontro laterale fra veicoli in marcia;Intersezione non regolata/non segnalata;Una carreggiata a doppio senso;Asciutto;Asfaltata;Verticale ed orizzontale;Sereno;Normale;Buona;;0;0;0;3;12.5115;41.9873;-1;1;Autovettura privata;In marcia / fermata / arresto;Conducente;F;Illeso;0;;Non accertato;Inesploso
5439207;2;28/05/2021 08:00:00;Strada Urbana;VIA SALARIA;all'intersezione con;VIA ARBIA;VIA ARBIA;;;Scontro laterale fra veicoli in marcia;Intersezione non regolata/non segnalata;Una carreggiata a doppio senso;Asciutto;Asfaltata;Verticale ed orizzontale;Sereno;Normale;Buona;;0;0;0;3;12.5115;41.9873;-1;1;Autovettura privata;In marcia / fermata / arresto;Passeggero;F;Illeso;0;;Non accertato;Inesploso
5439207;2;28/05/2021 08:00:00;Strada Urbana;VIA SALARIA;all'intersezione con;VIA ARBIA;VIA ARBIA;;;Scontro laterale fra veicoli in marcia;Intersezione non regolata/non segnalata;Una carreggiata a doppio senso;Asciutto;Asfaltata;Verticale ed orizzontale;Sereno;Normale;Buona;;0;0;0;3;12.5115;41.9873;-1;2;Motociclo a solo;In marcia / fermata / arresto;Conducente;F;Illeso;0;;;
5439208;2;28/05/2021 17:30:00;Strada Urbana;VIA DEL FORO ITALICO;in prossimit�;;del civico n.;605;;Scontro laterale fra veicoli in marcia;Rettilineo;Pi� di due carreggiate;Asciutto;Asfaltata;Orizzontale;Sereno;Normale;Buona;;0;0;0;1;12.499;41.9407;-1;1;Motociclo a solo;In marcia / fermata / arresto;Conducente;M;Illeso;0;;;
5439208;2;28/05/2021 17:30:00;Strada Urbana;VIA DEL FORO ITALICO;in prossimit�;;del civico n.;605;;Scontro laterale fra veicoli in marcia;Rettilineo;Pi� di due carreggiate;Asciutto;Asfaltata;Orizzontale;Sereno;Normale;Buona;;0;0;0;1;12.499;41.9407;-1;2;Autovettura privata;In marcia / fermata / arresto;;;;;;;
5439211;12;28/05/2021 15:30:00;Strada Urbana;VIA LISZT;in corrispondenza;;del palo luce n.;7;;Veicolo in marcia contro veicolo in sosta;Rettilineo;Una carreggiata a senso unico di marcia;Asciutto;Asfaltata;Verticale ed orizzontale;Sereno;Scarso;Buona;;0;0;0;1;12.4683;41.8338;-1;1;Quadriciclo leggero;In marcia / fermata / arresto;Conducente;M;Illeso;0;;Utilizzato;Inesploso
5439211;12;28/05/2021 15:30:00;Strada Urbana;VIA LISZT;in corrispondenza;;del palo luce n.;7;;Veicolo in marcia contro veicolo in sosta;Rettilineo;Una carreggiata a senso unico di marcia;Asciutto;Asfaltata;Verticale ed orizzontale;Sereno;Scarso;Buona;;0;0;0;1;12.4683;41.8338;-1;2;Autovettura privata;Sosta;;;;;;;
5439220;2;28/05/2021 12:45:00;Strada Urbana;SOTTOVIA IGNAZIO GUIDI;da specificare;;;;direz. P.le Flaminio alt. ingr. Croce Rossa ;Veicolo in marcia contro ostacolo fisso;Sottopasso illuminato;Una carreggiata a senso unico di marcia;Asciutto;Asfaltata;Verticale ed orizzontale;Sereno;;Buona;;1;0;0;0;12.5038;41.9083;-1;1;Motociclo a solo;In marcia / fermata / arresto;Conducente;M;Rimandato;0;NON DECEDUTO;Non accertato;
5439229;13;30/05/2021 07:40:00;Strada Urbana;VIALE DI CASTEL PORZIANO;in prossimit�;;del civico n.;302E;;Tamponamento;Rettilineo;Una carreggiata a doppio senso;Asciutto;Asfaltata;Orizzontale;Nuvoloso;Normale;Buona;;1;0;0;1;12.3458;41.7297;0;1;Autovettura privata;In marcia / fermata / arresto;Conducente;M;Illeso;0;;Non accertato;Inesploso
5439229;13;30/05/2021 07:40:00;Strada Urbana;VIALE DI CASTEL PORZIANO;in prossimit�;;del civico n.;302E;;Tamponamento;Rettilineo;Una carreggiata a doppio senso;Asciutto;Asfaltata;Orizzontale;Nuvoloso;Normale;Buona;;1;0;0;1;12.3458;41.7297;0;2;Autovettura privata;In marcia / fermata / arresto;Conducente;F;Rimandato;0;NON DECEDUTO;Non accertato;Inesploso
5439231;12;28/05/2021 23:30:00;Strada Urbana;VIA CRISTOFORO COLOMBO;da specificare;;;; corsia centrale dir. GRA alt. palo acea 346;Scontro laterale fra veicoli in marcia;Rettilineo;Due carreggiate;Asciutto;Asfaltata;Verticale ed orizzontale;Sereno;Scarso;Buona;;2;0;0;3;12.4536;41.8089;-1;1;Autovettura privata;In marcia / fermata / arresto;Conducente;M;Rimandato;0;NON DECEDUTO;Non accertato;Esploso
5439231;12;28/05/2021 23:30:00;Strada Urbana;VIA CRISTOFORO COLOMBO;da specificare;;;; corsia centrale dir. GRA alt. palo acea 346;Scontro laterale fra veicoli in marcia;Rettilineo;Due carreggiate;Asciutto;Asfaltata;Verticale ed orizzontale;Sereno;Scarso;Buona;;2;0;0;3;12.4536;41.8089;-1;1;Autovettura privata;In marcia / fermata / arresto;Passeggero;F;Illeso;0;;;
5439231;12;28/05/2021 23:30:00;Strada Urbana;VIA CRISTOFORO COLOMBO;da specificare;;;; corsia centrale dir. GRA alt. palo acea 346;Scontro laterale fra veicoli in marcia;Rettilineo;Due carreggiate;Asciutto;Asfaltata;Verticale ed orizzontale;Sereno;Scarso;Buona;;2;0;0;3;12.4536;41.8089;-1;2;Autovettura privata;In marcia / fermata / arresto;Conducente;M;Illeso;0;;;
5439231;12;28/05/2021 23:30:00;Strada Urbana;VIA CRISTOFORO COLOMBO;da specificare;;;; corsia centrale dir. GRA alt. palo acea 346;Scontro laterale fra veicoli in marcia;Rettilineo;Due carreggiate;Asciutto;Asfaltata;Verticale ed orizzontale;Sereno;Scarso;Buona;;2;0;0;3;12.4536;41.8089;-1;2;Autovettura privata;In marcia / fermata / arresto;Passeggero;M;Illeso;0;;;
5439231;12;28/05/2021 23:30:00;Strada Urbana;VIA CRISTOFORO COLOMBO;da specificare;;;; corsia centrale dir. GRA alt. palo acea 346;Scontro laterale fra veicoli in marcia;Rettilineo;Due carreggiate;Asciutto;Asfaltata;Verticale ed orizzontale;Sereno;Scarso;Buona;;2;0;0;3;12.4536;41.8089;-1;3;Autovettura privata;In marcia / fermata / arresto;Conducente;M;Rimandato;0;NON DECEDUTO;;
5439241;12;29/05/2021 17:30:00;Strada Urbana;VIA CRISTOFORO COLOMBO;da specificare;;;;sottovia VIALE G. MARCONI dir. Roma;Tamponamento;Curva a visuale libera;Una carreggiata a senso unico di marcia;Asciutto;Asfaltata;Verticale ed orizzontale;Sereno;Normale;Buona;;0;0;0;2;12.4774;41.8444;-1;1;Autovettura privata;In marcia / fermata / arresto;Conducente;F;Illeso;0;;;
5439241;12;29/05/2021 17:30:00;Strada Urbana;VIA CRISTOFORO COLOMBO;da specificare;;;;sottovia VIALE G. MARCONI dir. Roma;Tamponamento;Curva a visuale libera;Una carreggiata a senso unico di marcia;Asciutto;Asfaltata;Verticale ed orizzontale;Sereno;Normale;Buona;;0;0;0;2;12.4774;41.8444;-1;2;Autovettura privata;In marcia / fermata / arresto;Conducente;M;Illeso;0;;;
5439250;10;30/05/2021 09:45:00;Statale entro l'abitato;VIA APPIA NUOVA;all'intersezione con;VIA ANNIA REGILLA;VIA ANNIA REGILLA;;;Scontro frontale/laterale SX fra veicoli in marcia;Incrocio;Due carreggiate;Bagnato (pioggia);Asfaltata;Verticale ed orizzontale;Nuvoloso;Normale;Buona;;0;0;0;4;12.5605;41.8257;-1;1;Autovettura privata;In marcia / fermata / arresto;Conducente;F;Illeso;0;;Non accertato;Inesploso
5439250;10;30/05/2021 09:45:00;Statale entro l'abitato;VIA APPIA NUOVA;all'intersezione con;VIA ANNIA REGILLA;VIA ANNIA REGILLA;;;Scontro frontale/laterale SX fra veicoli in marcia;Incrocio;Due carreggiate;Bagnato (pioggia);Asfaltata;Verticale ed orizzontale;Nuvoloso;Normale;Buona;;0;0;0;4;12.5605;41.8257;-1;1;Autovettura privata;In marcia / fermata / arresto;Passeggero;F;Illeso;0;;Non accertato;Inesploso
5439250;10;30/05/2021 09:45:00;Statale entro l'abitato;VIA APPIA NUOVA;all'intersezione con;VIA ANNIA REGILLA;VIA ANNIA REGILLA;;;Scontro frontale/laterale SX fra veicoli in marcia;Incrocio;Due carreggiate;Bagnato (pioggia);Asfaltata;Verticale ed orizzontale;Nuvoloso;Normale;Buona;;0;0;0;4;12.5605;41.8257;-1;2;Autovettura privata;In marcia / fermata / arresto;Conducente;F;Illeso;0;;Non accertato;Inesploso
5439250;10;30/05/2021 09:45:00;Statale entro l'abitato;VIA APPIA NUOVA;all'intersezione con;VIA ANNIA REGILLA;VIA ANNIA REGILLA;;;Scontro frontale/laterale SX fra veicoli in marcia;Incrocio;Due carreggiate;Bagnato (pioggia);Asfaltata;Verticale ed orizzontale;Nuvoloso;Normale;Buona;;0;0;0;4;12.5605;41.8257;-1;2;Autovettura privata;In marcia / fermata / arresto;Passeggero;F;Illeso;0;;Non accertato;Inesploso
5439287;12;29/05/2021 20:40:00;Strada Urbana;VIA CARLO ALBIZZATI;all'intersezione con;VIA GIANDOMENICO BERTOLI;VIA GIANDOMENICO BERTOLI;;;Scontro frontale/laterale DX fra veicoli in marcia;Incrocio;Una carreggiata a senso unico di marcia;Asciutto;Asfaltata;Verticale;Sereno;Normale;Buona;;0;0;0;4;12.331;41.7816;-1;1;Autovettura pubblica;In marcia / fermata / arresto;Conducente;M;Illeso;0;;Utilizzato;Inesploso
5439287;12;29/05/2021 20:40:00;Strada Urbana;VIA CARLO ALBIZZATI;all'intersezione con;VIA GIANDOMENICO BERTOLI;VIA GIANDOMENICO BERTOLI;;;Scontro frontale/laterale DX fra veicoli in marcia;Incrocio;Una carreggiata a senso unico di marcia;Asciutto;Asfaltata;Verticale;Sereno;Normale;Buona;;0;0;0;4;12.331;41.7816;-1;1;Autovettura pubblica;In marcia / fermata / arresto;Passeggero;F;Illeso;0;;Utilizzato;Inesploso
5439287;12;29/05/2021 20:40:00;Strada Urbana;VIA CARLO ALBIZZATI;all'intersezione con;VIA GIANDOMENICO BERTOLI;VIA GIANDOMENICO BERTOLI;;;Scontro frontale/laterale DX fra veicoli in marcia;Incrocio;Una carreggiata a senso unico di marcia;Asciutto;Asfaltata;Verticale;Sereno;Normale;Buona;;0;0;0;4;12.331;41.7816;-1;2;Autovettura privata;In marcia / fermata / arresto;Conducente;M;Illeso;0;;Utilizzato;Inesploso
5439287;12;29/05/2021 20:40:00;Strada Urbana;VIA CARLO ALBIZZATI;all'intersezione con;VIA GIANDOMENICO BERTOLI;VIA GIANDOMENICO BERTOLI;;;Scontro frontale/laterale DX fra veicoli in marcia;Incrocio;Una carreggiata a senso unico di marcia;Asciutto;Asfaltata;Verticale;Sereno;Normale;Buona;;0;0;0;4;12.331;41.7816;-1;2;Autovettura privata;In marcia / fermata / arresto;Passeggero;F;Illeso;0;;Utilizzato;Inesploso
5439360;8;29/05/2021 21:20:00;Strada Urbana;VIA DI TOR CERVARA;in prossimit�;;del palo luce n.;13;;Veicolo in marcia contro ostacolo fisso;Cavalcavia;Una carreggiata a doppio senso;Asciutto;Asfaltata;Orizzontale;Sereno;Normale;Sufficiente;;0;0;0;0;12.5895;41.9183;0;1;Autovettura privata;In marcia / fermata / arresto;;;;;;;
5439368;13;29/05/2021 20:25:00;Strada Urbana;VIA FRANCESCO SAMBIASI;all'intersezione con;VIA FRANCESCO DONATI;VIA FRANCESCO DONATI;;;Scontro frontale/laterale SX fra veicoli in marcia;Incrocio;Una carreggiata a senso unico di marcia;Asciutto;Asfaltata;Verticale;Sereno;Scarso;Buona;;0;0;0;2;12.3395;41.7834;-1;1;Autovettura privata;In marcia / fermata / arresto;Conducente;M;Illeso;0;;Non accertato;Inesploso
5439368;13;29/05/2021 20:25:00;Strada Urbana;VIA FRANCESCO SAMBIASI;all'intersezione con;VIA FRANCESCO DONATI;VIA FRANCESCO DONATI;;;Scontro frontale/laterale SX fra veicoli in marcia;Incrocio;Una carreggiata a senso unico di marcia;Asciutto;Asfaltata;Verticale;Sereno;Scarso;Buona;;0;0;0;2;12.3395;41.7834;-1;2;Autovettura privata;In marcia / fermata / arresto;Conducente;F;Illeso;0;;Non accertato;Inesploso
5439368;13;29/05/2021 20:25:00;Strada Urbana;VIA FRANCESCO SAMBIASI;all'intersezione con;VIA FRANCESCO DONATI;VIA FRANCESCO DONATI;;;Scontro frontale/laterale SX fra veicoli in marcia;Incrocio;Una carreggiata a senso unico di marcia;Asciutto;Asfaltata;Verticale;Sereno;Scarso;Buona;;0;0;0;2;12.3395;41.7834;-1;3;Autovettura privata;Sosta;;;;;;;
5439368;13;29/05/2021 20:25:00;Strada Urbana;VIA FRANCESCO SAMBIASI;all'intersezione con;VIA FRANCESCO DONATI;VIA FRANCESCO DONATI;;;Scontro frontale/laterale SX fra veicoli in marcia;Incrocio;Una carreggiata a senso unico di marcia;Asciutto;Asfaltata;Verticale;Sereno;Scarso;Buona;;0;0;0;2;12.3395;41.7834;-1;4;Autovettura privata;Sosta;;;;;;;
5439467;9;29/05/2021 20:00:00;Strada Urbana;VIA CESARE BARONIO;all'intersezione con;VIA LUIGI CIBRARIO;VIA LUIGI CIBRARIO;;;Scontro frontale/laterale SX fra veicoli in marcia;Intersezione stradale segnalata;Due carreggiate;Asciutto;Asfaltata;Verticale ed orizzontale;Sereno;Scarso;Buona;;1;0;0;2;12.5196;41.8723;-1;1;Autovettura privata;In marcia / fermata / arresto;Conducente;F;Illeso;0;;Non accertato;Inesploso
5439467;9;29/05/2021 20:00:00;Strada Urbana;VIA CESARE BARONIO;all'intersezione con;VIA LUIGI CIBRARIO;VIA LUIGI CIBRARIO;;;Scontro frontale/laterale SX fra veicoli in marcia;Intersezione stradale segnalata;Due carreggiate;Asciutto;Asfaltata;Verticale ed orizzontale;Sereno;Scarso;Buona;;1;0;0;2;12.5196;41.8723;-1;2;Motociclo con passeggero;In marcia / fermata / arresto;Conducente;M;Rimandato;0;NON DECEDUTO;Non accertato;
5439467;9;29/05/2021 20:00:00;Strada Urbana;VIA CESARE BARONIO;all'intersezione con;VIA LUIGI CIBRARIO;VIA LUIGI CIBRARIO;;;Scontro frontale/laterale SX fra veicoli in marcia;Intersezione stradale segnalata;Due carreggiate;Asciutto;Asfaltata;Verticale ed orizzontale;Sereno;Scarso;Buona;;1;0;0;2;12.5196;41.8723;-1;2;Motociclo con passeggero;In marcia / fermata / arresto;Passeggero;F;Illeso;0;;Non accertato;
5439468;9;28/05/2021 13:30:00;Strada Urbana;VIA TOMMASO FORTIFIOCCA;all'intersezione con;VIA CARLO DENINA;VIA CARLO DENINA;;;Scontro frontale fra veicoli in marcia;Intersezione stradale segnalata;Una carreggiata a doppio senso;Asciutto;Asfaltata;Verticale ed orizzontale;Sereno;Normale;Buona;;1;0;0;2;12.5234;41.87;-1;1;Autobus urbano;In marcia / fermata / arresto;Conducente;M;Illeso;0;;Non accertato;Inesploso
5439468;9;28/05/2021 13:30:00;Strada Urbana;VIA TOMMASO FORTIFIOCCA;all'intersezione con;VIA CARLO DENINA;VIA CARLO DENINA;;;Scontro frontale fra veicoli in marcia;Intersezione stradale segnalata;Una carreggiata a doppio senso;Asciutto;Asfaltata;Verticale ed orizzontale;Sereno;Normale;Buona;;1;0;0;2;12.5234;41.87;-1;2;Autocarro inferiore 35 q.;In marcia / fermata / arresto;Conducente;M;Rimandato;0;NON DECEDUTO;Non accertato;Inesploso
5439468;9;28/05/2021 13:30:00;Strada Urbana;VIA TOMMASO FORTIFIOCCA;all'intersezione con;VIA CARLO DENINA;VIA CARLO DENINA;;;Scontro frontale fra veicoli in marcia;Intersezione stradale segnalata;Una carreggiata a doppio senso;Asciutto;Asfaltata;Verticale ed orizzontale;Sereno;Normale;Buona;;1;0;0;2;12.5234;41.87;-1;3;Autovettura privata;In marcia / fermata / arresto;Conducente;M;Illeso;0;;Non accertato;Inesploso
5439477;9;29/05/2021 22:45:00;;PIAZZA ZAMA;da specificare;;;;prossimit� fronte civico 8;Veicolo in marcia contro veicolo in sosta;;;;;;;;;;0;0;0;3;;;0;1;Autovettura privata;In marcia / fermata / arresto;Conducente;F;Illeso;0;;;
5439477;9;29/05/2021 22:45:00;;PIAZZA ZAMA;da specificare;;;;prossimit� fronte civico 8;Veicolo in marcia contro veicolo in sosta;;;;;;;;;;0;0;0;3;;;0;1;Autovettura privata;In marcia / fermata / arresto;Passeggero;M;Illeso;0;;;
5439477;9;29/05/2021 22:45:00;;PIAZZA ZAMA;da specificare;;;;prossimit� fronte civico 8;Veicolo in marcia contro veicolo in sosta;;;;;;;;;;0;0;0;3;;;0;2;Autocaravan;Sosta;Passeggero;M;Illeso;0;;;
5439478;9;28/05/2021 16:45:00;Strada Urbana;VIA CALTAGIRONE;in prossimit�;;del civico n.;15;;Veicolo in marcia contro veicolo arresto;Rettilineo;Una carreggiata a senso unico di marcia;Asciutto;Asfaltata;Verticale ed orizzontale;Sereno;Normale;Buona;;0;0;0;3;12.5192;41.8876;-1;1;Autovettura privata;In marcia / fermata / arresto;Conducente;M;Illeso;0;;Non accertato;Inesploso
5439478;9;28/05/2021 16:45:00;Strada Urbana;VIA CALTAGIRONE;in prossimit�;;del civico n.;15;;Veicolo in marcia contro veicolo arresto;Rettilineo;Una carreggiata a senso unico di marcia;Asciutto;Asfaltata;Verticale ed orizzontale;Sereno;Normale;Buona;;0;0;0;3;12.5192;41.8876;-1;1;Autovettura privata;In marcia / fermata / arresto;Passeggero;F;Illeso;0;;Non accertato;Inesploso
5439478;9;28/05/2021 16:45:00;Strada Urbana;VIA CALTAGIRONE;in prossimit�;;del civico n.;15;;Veicolo in marcia contro veicolo arresto;Rettilineo;Una carreggiata a senso unico di marcia;Asciutto;Asfaltata;Verticale ed orizzontale;Sereno;Normale;Buona;;0;0;0;3;12.5192;41.8876;-1;2;Autovettura privata;In marcia / fermata / arresto;Conducente;F;Illeso;0;;Non accertato;Inesploso
5439481;9;20/05/2021 17:35:00;Strada Urbana;VIA APPIA NUOVA;da specificare;;;;prossimit�  Via Cessati Spiriti;Scontro laterale fra veicoli in marcia;Rettilineo;Due carreggiate;Asciutto;Asfaltata;Verticale ed orizzontale;Sereno;Intenso;Sufficiente;;0;0;0;3;12.5295;41.869;-1;1;Autovettura privata;In marcia / fermata / arresto;Conducente;M;Illeso;0;;Non accertato;Inesploso