Protocollo;Gruppo;DataOraIncidente;Localizzazione1;STRADA1;Localizzazione2;STRADA2;Strada02;Chilometrica;DaSpecificare;NaturaIncidente;particolaritastrade;TipoStrada;FondoStradale;Pavimentazione;Segnaletica;CondizioneAtmosferica;Traffico;Visibilita;Illuminazione;NUM_FERITI;NUM_RISERVATA;NUM_MORTI;NUM_ILLESI;Longitudine;Latitudine;Confermato;Progressivo;TipoVeicolo;StatoVeicolo;TipoPersona;Sesso;Tipolesione;Deceduto;DecedutoDopo;CinturaCascoUtilizzato;Airbag;
5440151;4;30/05/2021 22:45:00;Strada Urbana;VIA UGO OJETTI;da specificare;;;;altezza civico 406;Scontro laterale fra veicoli in marcia;Rettilineo;Due carreggiate;Bagnato (pioggia);Asfaltata;Verticale ed orizzontale;Sereno;Normale;Sufficiente;;0;0;0;5;12.5546;41.947;-1;2;Autovettura privata;In marcia / fermata / arresto;Passeggero;M;Illeso;0;;Non accertato;
5440165;12;31/05/2021 06:50:00;Strada Urbana;VIALE DELL'UMANESIMO;in prossimit�;;del civico n.;53;;Veicolo in marcia contro veicolo in sosta;Rettilineo;Una carreggiata a doppio senso;Asciutto;Asfaltata;Verticale ed orizzontale;Sereno;Normale;Buona;;0;0;0;1;12.4731;41.8223;-1;1;Autovettura privata;In marcia / fermata / arresto;Conducente;M;Illeso;0;;;
5440165;12;31/05/2021 06:50:00;Strada Urbana;VIALE DELL'UMANESIMO;in prossimit�;;del civico n.;53;;Veicolo in marcia contro veicolo in sosta;Rettilineo;Una carreggiata a doppio senso;Asciutto;Asfaltata;Verticale ed orizzontale;Sereno;Normale;Buona;;0;0;0;1;12.4731;41.8223;-1;2;Autovettura privata;Sosta;;;;;;;
5440165;12;31/05/2021 06:50:00;Strada Urbana;VIALE DELL'UMANESIMO;in prossimit�;;del civico n.;53;;Veicolo in marcia contro veicolo in sosta;Rettilineo;Una carreggiata a doppio senso;Asciutto;Asfaltata;Verticale ed orizzontale;Sereno;Normale;Buona;;0;0;0;1;12.4731;41.8223;-1;3;Autovettura privata;Sosta;;;;;;;
5440181;7;29/05/2021 12:00:00;Strada Urbana;VIA DAMETA;in corrispondenza;;del civico n.;7;;Scontro frontale/laterale SX fra veicoli in marcia;Rettilineo;Una carreggiata a senso unico di marcia;Asciutto;Asfaltata;Verticale ed orizzontale;Sereno;Normale;Buona;;0;0;0;2;12.6095;41.9143;-1;1;Autovettura privata;In marcia / fermata / arresto;Conducente;M;Illeso;0;;Non accertato;Inesploso
5440181;7;29/05/2021 12:00:00;Strada Urbana;VIA DAMETA;in corrispondenza;;del civico n.;7;;Scontro frontale/laterale SX fra veicoli in marcia;Rettilineo;Una carreggiata a senso unico di marcia;Asciutto;Asfaltata;Verticale ed orizzontale;Sereno;Normale;Buona;;0;0;0;2;12.6095;41.9143;-1;2;Autovettura privata;In marcia / fermata / arresto;Conducente;F;Illeso;0;;Non accertato;Inesploso
5440182;12;30/05/2021 16:45:00;Strada Urbana;VIA LAURENTINA;da specificare;;;;altezza VIA CELINE;Tamponamento;Rettilineo;Una carreggiata a senso unico di marcia;Asciutto;Asfaltata;Verticale ed orizzontale;Sereno;Normale;Buona;;0;0;0;2;12.4847;41.8089;-1;1;Autovettura privata;In marcia / fermata / arresto;Conducente;F;Illeso;0;;;
5440182;12;30/05/2021 16:45:00;Strada Urbana;VIA LAURENTINA;da specificare;;;;altezza VIA CELINE;Tamponamento;Rettilineo;Una carreggiata a senso unico di marcia;Asciutto;Asfaltata;Verticale ed orizzontale;Sereno;Normale;Buona;;0;0;0;2;12.4847;41.8089;-1;2;Autovettura privata;In marcia / fermata / arresto;Conducente;M;Illeso;0;;;
5440192;1;29/05/2021 19:05:00;Strada Urbana;CORSO VITTORIO EMANUELE II;all'intersezione semaforizzata con;VIA DEI BAULLARI;VIA DEI BAULLARI;;;Scontro laterale fra veicoli in marcia;Intersezione semaforizzata;Una carreggiata a doppio senso;Asciutto;Asfaltata;Verticale ed orizzontale;Sereno;Normale;Buona;;0;0;0;3;12.4712;41.8972;-1;1;Autovettura privata;In marcia / fermata / arresto;Conducente;M;Illeso;0;;;
5440192;1;29/05/2021 19:05:00;Strada Urbana;CORSO VITTORIO EMANUELE II;all'intersezione semaforizzata con;VIA DEI BAULLARI;VIA DEI BAULLARI;;;Scontro laterale fra veicoli in marcia;Intersezione semaforizzata;Una carreggiata a doppio senso;Asciutto;Asfaltata;Verticale ed orizzontale;Sereno;Normale;Buona;;0;0;0;3;12.4712;41.8972;-1;1;Autovettura privata;In marcia / fermata / arresto;Passeggero;F;Illeso;0;;;
5440192;1;29/05/2021 19:05:00;Strada Urbana;CORSO VITTORIO EMANUELE II;all'intersezione semaforizzata con;VIA DEI BAULLARI;VIA DEI BAULLARI;;;Scontro laterale fra veicoli in marcia;Intersezione semaforizzata;Una carreggiata a doppio senso;Asciutto;Asfaltata;Verticale ed orizzontale;Sereno;Normale;Buona;;0;0;0;3;12.4712;41.8972;-1;2;Motociclo a solo;In marcia / fermata / arresto;Conducente;M;Illeso;0;;;
5440193;5;28/05/2021 22:30:00;Strada Urbana;CIRCONVALLAZIONE TIBURTINA;all'intersezione con;VIA TIBURTINA;VIA TIBURTINA;;;Tamponamento Multiplo;Incrocio;Una carreggiata a senso unico di marcia;Asciutto;Asfaltata;Verticale;Sereno;Scarso;Insufficiente;;0;0;0;5;12.5255;41.9016;-1;1;Autovettura privata;In marcia / fermata / arresto;Conducente;M;Illeso;0;;;
5440193;5;28/05/2021 22:30:00;Strada Urbana;CIRCONVALLAZIONE TIBURTINA;all'intersezione con;VIA TIBURTINA;VIA TIBURTINA;;;Tamponamento Multiplo;Incrocio;Una carreggiata a senso unico di marcia;Asciutto;Asfaltata;Verticale;Sereno;Scarso;Insufficiente;;0;0;0;5;12.5255;41.9016;-1;2;Autovettura privata;In marcia / fermata / arresto;Conducente;M;Illeso;0;;;
5440193;5;28/05/2021 22:30:00;Strada Urbana;CIRCONVALLAZIONE TIBURTINA;all'intersezione con;VIA TIBURTINA;VIA TIBURTINA;;;Tamponamento Multiplo;Incrocio;Una carreggiata a senso unico di marcia;Asciutto;Asfaltata;Verticale;Sereno;Scarso;Insufficiente;;0;0;0;5;12.5255;41.9016;-1;2;Autovettura privata;In marcia / fermata / arresto;Passeggero;F;Illeso;0;;;
5440193;5;28/05/2021 22:30:00;Strada Urbana;CIRCONVALLAZIONE TIBURTINA;all'intersezione con;VIA TIBURTINA;VIA TIBURTINA;;;Tamponamento Multiplo;Incrocio;Una carreggiata a senso unico di marcia;Asciutto;Asfaltata;Verticale;Sereno;Scarso;Insufficiente;;0;0;0;5;12.5255;41.9016;-1;3;Autovettura privata;In marcia / fermata / arresto;Conducente;M;Illeso;0;;;
5440193;5;28/05/2021 22:30:00;Strada Urbana;CIRCONVALLAZIONE TIBURTINA;all'intersezione con;VIA TIBURTINA;VIA TIBURTINA;;;Tamponamento Multiplo;Incrocio;Una carreggiata a senso unico di marcia;Asciutto;Asfaltata;Verticale;Sereno;Scarso;Insufficiente;;0;0;0;5;12.5255;41.9016;-1;3;Autovettura privata;In marcia / fermata / arresto;Passeggero;F;Illeso;0;;Non accertato;Inesploso
5440208;18;29/05/2021 01:00:00;Strada Urbana;VIA GREGORIO VII;in corrispondenza;;del civico n.;402;;Veicolo in marcia contro veicolo in sosta;Rettilineo;Due carreggiate;Asciutto;Asfaltata;Verticale ed orizzontale;Sereno;Scarso;Sufficiente;;0;0;0;1;12.4346;41.8936;-1;1;Autovettura privata;In marcia / fermata / arresto;Conducente;M;Illeso;0;;;
5440208;18;29/05/2021 01:00:00;Strada Urbana;VIA GREGORIO VII;in corrispondenza;;del civico n.;402;;Veicolo in marcia contro veicolo in sosta;Rettilineo;Due carreggiate;Asciutto;Asfaltata;Verticale ed orizzontale;Sereno;Scarso;Sufficiente;;0;0;0;1;12.4346;41.8936;-1;2;Autovettura privata;Sosta;;;;;;;
5440214;7;29/05/2021 13:40:00;Strada Urbana;VIA DELLE SUSINE;all'intersezione con;VIA DEI MELI;VIA DEI MELI;;;Scontro frontale/laterale SX fra veicoli in marcia;Incrocio;Una carreggiata a senso unico di marcia;Asciutto;Asfaltata;Verticale;Sereno;Scarso;Buona;;0;0;0;2;12.5808;41.8815;-1;1;Autovettura privata;In marcia / fermata / arresto;Conducente;M;Illeso;0;;Non accertato;Inesploso
5440214;7;29/05/2021 13:40:00;Strada Urbana;VIA DELLE SUSINE;all'intersezione con;VIA DEI MELI;VIA DEI MELI;;;Scontro frontale/laterale SX fra veicoli in marcia;Incrocio;Una carreggiata a senso unico di marcia;Asciutto;Asfaltata;Verticale;Sereno;Scarso;Buona;;0;0;0;2;12.5808;41.8815;-1;2;Velocipede;In marcia / fermata / arresto;Conducente;M;Illeso;0;;Esente;
5440217;3;28/05/2021 12:45:00;Strada Urbana;CIRCONVALLAZIONE TIBURTINA;da specificare;;;;alt. svincolo A24, direzione Salaria;Scontro laterale fra veicoli in marcia;Rettilineo;Pi� di due carreggiate;Asciutto;Asfaltata;Verticale ed orizzontale;Sereno;Normale;Buona;;1;0;0;2;12.528;41.8994;-1;1;Motociclo a solo;In marcia / fermata / arresto;Conducente;M;Ricoverato;0;NON DECEDUTO;;
5440217;3;28/05/2021 12:45:00;Strada Urbana;CIRCONVALLAZIONE TIBURTINA;da specificare;;;;alt. svincolo A24, direzione Salaria;Scontro laterale fra veicoli in marcia;Rettilineo;Pi� di due carreggiate;Asciutto;Asfaltata;Verticale ed orizzontale;Sereno;Normale;Buona;;1;0;0;2;12.528;41.8994;-1;2;Autovettura privata;In marcia / fermata / arresto;Conducente;M;Illeso;0;;;
5440217;3;28/05/2021 12:45:00;Strada Urbana;CIRCONVALLAZIONE TIBURTINA;da specificare;;;;alt. svincolo A24, direzione Salaria;Scontro laterale fra veicoli in marcia;Rettilineo;Pi� di due carreggiate;Asciutto;Asfaltata;Verticale ed orizzontale;Sereno;Normale;Buona;;1;0;0;2;12.528;41.8994;-1;2;Autovettura privata;In marcia / fermata / arresto;Passeggero;F;Illeso;0;;;
5440218;5;29/05/2021 14:40:00;Strada Urbana;VIA DEI DURANTINI;in prossimit�;;del civico n.;254;;Tamponamento;Rettilineo;Una carreggiata a doppio senso;Asciutto;Asfaltata;Verticale ed orizzontale;Sereno;Normale;Buona;;0;0;0;3;12.5444;41.9178;-1;1;Motociclo con passeggero;In marcia / fermata / arresto;Conducente;M;Illeso;0;;;
5440218;5;29/05/2021 14:40:00;Strada Urbana;VIA DEI DURANTINI;in prossimit�;;del civico n.;254;;Tamponamento;Rettilineo;Una carreggiata a doppio senso;Asciutto;Asfaltata;Verticale ed orizzontale;Sereno;Normale;Buona;;0;0;0;3;12.5444;41.9178;-1;1;Motociclo con passeggero;In marcia / fermata / arresto;Passeggero;M;Illeso;0;;;
5440218;5;29/05/2021 14:40:00;Strada Urbana;VIA DEI DURANTINI;in prossimit�;;del civico n.;254;;Tamponamento;Rettilineo;Una carreggiata a doppio senso;Asciutto;Asfaltata;Verticale ed orizzontale;Sereno;Normale;Buona;;0;0;0;3;12.5444;41.9178;-1;2;Autovettura privata;In marcia / fermata / arresto;Conducente;M;Illeso;0;;;
5440220;17;28/05/2021 13:15:00;Strada Urbana;PIAZZA ADRIANA;in prossimit�;;del civico n.;1;;Scontro laterale fra veicoli in marcia;Rettilineo;Una carreggiata a doppio senso;Asciutto;Asfaltata;Verticale ed orizzontale;Sereno;Scarso;Buona;;1;0;0;1;12.4685;41.9038;-1;1;Autovettura privata;In marcia / fermata / arresto;Conducente;M;Illeso;0;;;
5440220;17;28/05/2021 13:15:00;Strada Urbana;PIAZZA ADRIANA;in prossimit�;;del civico n.;1;;Scontro laterale fra veicoli in marcia;Rettilineo;Una carreggiata a doppio senso;Asciutto;Asfaltata;Verticale ed orizzontale;Sereno;Scarso;Buona;;1;0;0;1;12.4685;41.9038;-1;2;Ciclomotore;In marcia / fermata / arresto;Conducente;M;Rimandato;0;NON DECEDUTO;;
5440227;2;29/05/2021 19:50:00;Strada Urbana;VIALE MARESCIALLO PILSUDSKI;da specificare;;;;altezza rampa di corso Francia;Scontro frontale/laterale SX fra veicoli in marcia;Rettilineo;Due carreggiate;Asciutto;Asfaltata;Verticale ed orizzontale;Grandine in atto;Intenso;Sufficiente;;2;0;0;1;12.4751;41.9276;-1;1;Autovettura privata;In marcia / fermata / arresto;Conducente;M;Illeso;0;;;
5440227;2;29/05/2021 19:50:00;Strada Urbana;VIALE MARESCIALLO PILSUDSKI;da specificare;;;;altezza rampa di corso Francia;Scontro frontale/laterale SX fra veicoli in marcia;Rettilineo;Due carreggiate;Asciutto;Asfaltata;Verticale ed orizzontale;Grandine in atto;Intenso;Sufficiente;;2;0;0;1;12.4751;41.9276;-1;2;Motociclo con passeggero;In marcia / fermata / arresto;Conducente;M;Ricoverato;0;NON DECEDUTO;;
5440227;2;29/05/2021 19:50:00;Strada Urbana;VIALE MARESCIALLO PILSUDSKI;da specificare;;;;altezza rampa di corso Francia;Scontro frontale/laterale SX fra veicoli in marcia;Rettilineo;Due carreggiate;Asciutto;Asfaltata;Verticale ed orizzontale;Grandine in atto;Intenso;Sufficiente;;2;0;0;1;12.4751;41.9276;-1;2;Motociclo con passeggero;In marcia / fermata / arresto;Passeggero;M;Ricoverato;0;NON DECEDUTO;;
5440231;17;29/05/2021 13:00:00;Strada Urbana;LARGO GIOVANNI XXIII;all'intersezione semaforizzata con;VIA DELLA CONCILIAZIONE;VIA DELLA CONCILIAZIONE;;;Scontro laterale fra veicoli in marcia;Intersezione semaforizzata;Una carreggiata a senso unico di marcia;Asciutto;In cubetti di porfido;Verticale ed orizzontale;Sereno;Intenso;Buona;;0;0;0;2;12.4644;41.9022;-1;1;Autovettura privata;In marcia / fermata / arresto;Conducente;F;Illeso;0;;;
5440231;17;29/05/2021 13:00:00;Strada Urbana;LARGO GIOVANNI XXIII;all'intersezione semaforizzata con;VIA DELLA CONCILIAZIONE;VIA DELLA CONCILIAZIONE;;;Scontro laterale fra veicoli in marcia;Intersezione semaforizzata;Una carreggiata a senso unico di marcia;Asciutto;In cubetti di porfido;Verticale ed orizzontale;Sereno;Intenso;Buona;;0;0;0;2;12.4644;41.9022;-1;2;Motociclo a solo;In marcia / fermata / arresto;Conducente;M;Illeso;0;;;
5440238;3;28/05/2021 10:20:00;Strada Urbana;VIA RAVENNA;in prossimit�;;del civico n.;30;;Investimento di pedone;Rettilineo;Una carreggiata a doppio senso;Asciutto;Asfaltata;Verticale ed orizzontale;Sereno;Normale;Buona;;1;0;0;1;12.5189;41.9128;-1;;;;Pedone;M;Rimandato;0;NON DECEDUTO;;
5440238;3;28/05/2021 10:20:00;Strada Urbana;VIA RAVENNA;in prossimit�;;del civico n.;30;;Investimento di pedone;Rettilineo;Una carreggiata a doppio senso;Asciutto;Asfaltata;Verticale ed orizzontale;Sereno;Normale;Buona;;1;0;0;1;12.5189;41.9128;-1;1;Autovettura privata;In marcia / fermata / arresto;Conducente;M;Illeso;0;;;
5440245;2;29/05/2021 08:15:00;Strada Urbana;LUNGOTEVERE DELLE NAVI;da specificare;;;; pross. P.zzale delle Belle Arti;Scontro laterale fra veicoli in marcia;Rettilineo;Una carreggiata a senso unico di marcia;Asciutto;Asfaltata;Verticale ed orizzontale;Sereno;Normale;Buona;;0;0;0;3;12.4716;41.9168;-1;1;Autovettura privata;In marcia / fermata / arresto;Conducente;M;Illeso;0;;Non accertato;Inesploso
5440245;2;29/05/2021 08:15:00;Strada Urbana;LUNGOTEVERE DELLE NAVI;da specificare;;;; pross. P.zzale delle Belle Arti;Scontro laterale fra veicoli in marcia;Rettilineo;Una carreggiata a senso unico di marcia;Asciutto;Asfaltata;Verticale ed orizzontale;Sereno;Normale;Buona;;0;0;0;3;12.4716;41.9168;-1;1;Autovettura privata;In marcia / fermata / arresto;Passeggero;F;Illeso;0;;Non accertato;Inesploso
5440245;2;29/05/2021 08:15:00;Strada Urbana;LUNGOTEVERE DELLE NAVI;da specificare;;;; pross. P.zzale delle Belle Arti;Scontro laterale fra veicoli in marcia;Rettilineo;Una carreggiata a senso unico di marcia;Asciutto;Asfaltata;Verticale ed orizzontale;Sereno;Normale;Buona;;0;0;0;3;12.4716;41.9168;-1;2;Autovettura privata;In marcia / fermata / arresto;Conducente;M;Illeso;0;;Non accertato;Inesploso
5440249;2;30/05/2021 22:30:00;Strada Urbana;VIALE DELLE BELLE ARTI;da specificare;;;;altezza Galleria Nazionale di Arte Moderna.;Scontro laterale fra veicoli in marcia;Rettilineo;Una carreggiata a doppio senso;Asciutto;Asfaltata;Verticale ed orizzontale;Sereno;Scarso;Sufficiente;;0;0;0;2;12.4791;41.9183;-1;1;Autovettura privata;In marcia / fermata / arresto;Conducente;M;Illeso;0;;Non accertato;Inesploso
5440249;2;30/05/2021 22:30:00;Strada Urbana;VIALE DELLE BELLE ARTI;da specificare;;;;altezza Galleria Nazionale di Arte Moderna.;Scontro laterale fra veicoli in marcia;Rettilineo;Una carreggiata a doppio senso;Asciutto;Asfaltata;Verticale ed orizzontale;Sereno;Scarso;Sufficiente;;0;0;0;2;12.4791;41.9183;-1;2;Motociclo a solo;In marcia / fermata / arresto;Conducente;M;Illeso;0;;Non accertato;
5440250;1;28/05/2021 14:40:00;Strada Urbana;VIA ABRUZZI;da specificare;;;;FRONTE CIVICO 10;Veicolo in marcia contro veicoli in sosta;Rettilineo;Una carreggiata a senso unico di marcia;Asciutto;Asfaltata;Verticale ed orizzontale;Sereno;Scarso;Buona;;0;0;0;1;12.4924;41.9092;-1;1;Autovettura privata;Sosta;;;;;;;
5440250;1;28/05/2021 14:40:00;Strada Urbana;VIA ABRUZZI;da specificare;;;;FRONTE CIVICO 10;Veicolo in marcia contro veicoli in sosta;Rettilineo;Una carreggiata a senso unico di marcia;Asciutto;Asfaltata;Verticale ed orizzontale;Sereno;Scarso;Buona;;0;0;0;1;12.4924;41.9092;-1;2;Ciclomotore;Sosta;;;;;;;
5440250;1;28/05/2021 14:40:00;Strada Urbana;VIA ABRUZZI;da specificare;;;;FRONTE CIVICO 10;Veicolo in marcia contro veicoli in sosta;Rettilineo;Una carreggiata a senso unico di marcia;Asciutto;Asfaltata;Verticale ed orizzontale;Sereno;Scarso;Buona;;0;0;0;1;12.4924;41.9092;-1;3;Autovettura privata;In marcia / fermata / arresto;Conducente;M;Illeso;0;;;
5440253;2;30/05/2021 17:25:00;Strada Urbana;LARGO GIULIO ONESTI;da specificare;;;;Campi Sportivi direz. V.le Parioli.;Scontro frontale/laterale DX fra veicoli in marcia;Rettilineo;Una carreggiata a doppio senso;Asciutto;Asfaltata;Verticale ed orizzontale;Sereno;Normale;Buona;;0;0;0;3;12.4938;41.9375;-1;1;Autovettura privata;In marcia / fermata / arresto;Conducente;M;Illeso;0;;Non accertato;Inesploso
5440253;2;30/05/2021 17:25:00;Strada Urbana;LARGO GIULIO ONESTI;da specificare;;;;Campi Sportivi direz. V.le Parioli.;Scontro frontale/laterale DX fra veicoli in marcia;Rettilineo;Una carreggiata a doppio senso;Asciutto;Asfaltata;Verticale ed orizzontale;Sereno;Normale;Buona;;0;0;0;3;12.4938;41.9375;-1;2;Autovettura privata;In marcia / fermata / arresto;Conducente;M;Illeso;0;;Non accertato;Inesploso
5440253;2;30/05/2021 17:25:00;Strada Urbana;LARGO GIULIO ONESTI;da specificare;;;;Campi Sportivi direz. V.le Parioli.;Scontro frontale/laterale DX fra veicoli in marcia;Rettilineo;Una carreggiata a doppio senso;Asciutto;Asfaltata;Verticale ed orizzontale;Sereno;Normale;Buona;;0;0;0;3;12.4938;41.9375;-1;2;Autovettura privata;In marcia / fermata / arresto;Passeggero;F;Illeso;0;;Non accertato;Inesploso
5440254;1;30/05/2021 17:50:00;Strada Urbana;LUNGOTEVERE DEI VALLATI;da specificare;;;;15 METRI DOPO VIA ARENULA;Scontro frontale/laterale DX fra veicoli in marcia;Rettilineo;Una carreggiata a senso unico di marcia;Asciutto;Asfaltata;Verticale ed orizzontale;Sereno;Normale;Buona;;0;0;0;3;12.4727;41.8919;-1;1;Autovettura privata;In marcia / fermata / arresto;Conducente;M;Illeso;0;;;
5440254;1;30/05/2021 17:50:00;Strada Urbana;LUNGOTEVERE DEI VALLATI;da specificare;;;;15 METRI DOPO VIA ARENULA;Scontro frontale/laterale DX fra veicoli in marcia;Rettilineo;Una carreggiata a senso unico di marcia;Asciutto;Asfaltata;Verticale ed orizzontale;Sereno;Normale;Buona;;0;0;0;3;12.4727;41.8919;-1;2;Autovettura privata;In marcia / fermata / arresto;Conducente;M;Illeso;0;;;
5440254;1;30/05/2021 17:50:00;Strada Urbana;LUNGOTEVERE DEI VALLATI;da specificare;;;;15 METRI DOPO VIA ARENULA;Scontro frontale/laterale DX fra veicoli in marcia;Rettilineo;Una carreggiata a senso unico di marcia;Asciutto;Asfaltata;Verticale ed orizzontale;Sereno;Normale;Buona;;0;0;0;3;12.4727;41.8919;-1;2;Autovettura privata;In marcia / fermata / arresto;Passeggero;M;Illeso;0;;;
5440274;12;30/05/2021 17:35:00;Statale;VIA PONTINA;da specificare;;;;alt. rampa uscita CASTEL ROMANO dir. Latina;Veicolo in marcia contro ostacolo fisso;Rettilineo;Due carreggiate;Asciutto;Con buche;Verticale ed orizzontale;Sereno;Normale;Buona;;0;0;0;3;12.4519;41.7167;-1;1;Autovettura privata;In marcia / fermata / arresto;Conducente;M;Illeso;0;;;
5440274;12;30/05/2021 17:35:00;Statale;VIA PONTINA;da specificare;;;;alt. rampa uscita CASTEL ROMANO dir. Latina;Veicolo in marcia contro ostacolo fisso;Rettilineo;Due carreggiate;Asciutto;Con buche;Verticale ed orizzontale;Sereno;Normale;Buona;;0;0;0;3;12.4519;41.7167;-1;1;Autovettura privata;In marcia / fermata / arresto;Passeggero;F;Illeso;0;;;
5440274;12;30/05/2021 17:35:00;Statale;VIA PONTINA;da specificare;;;;alt. rampa uscita CASTEL ROMANO dir. Latina;Veicolo in marcia contro ostacolo fisso;Rettilineo;Due carreggiate;Asciutto;Con buche;Verticale ed orizzontale;Sereno;Normale;Buona;;0;0;0;3;12.4519;41.7167;-1;1;Autovettura privata;In marcia / fermata / arresto;Passeggero;M;Illeso;0;;Utilizzato;
5440279;1;31/05/2021 08:00:00;Strada Urbana;VIA DELL'AMBA ARADAM;in corrispondenza;;del civico n.;8;;Scontro frontale/laterale DX fra veicoli in marcia;Rettilineo;Una carreggiata a doppio senso;Asciutto;Asfaltata;Verticale ed orizzontale;Sereno;Normale;Buona;;1;0;0;1;12.4994;41.8832;-1;1;Autovettura privata;In marcia / fermata / arresto;Conducente;M;Illeso;0;;Non accertato;Inesploso
5440279;1;31/05/2021 08:00:00;Strada Urbana;VIA DELL'AMBA ARADAM;in corrispondenza;;del civico n.;8;;Scontro frontale/laterale DX fra veicoli in marcia;Rettilineo;Una carreggiata a doppio senso;Asciutto;Asfaltata;Verticale ed orizzontale;Sereno;Normale;Buona;;1;0;0;1;12.4994;41.8832;-1;2;Motociclo a solo;In marcia / fermata / arresto;Conducente;M;Rimandato;0;NON DECEDUTO;Non accertato;
5440280;1;30/05/2021 23:00:00;Strada Urbana;LUNGOTEVERE DE' CENCI;in corrispondenza;;del civico n.;5;;Veicolo in marcia contro veicoli in sosta;Rettilineo;Una carreggiata a senso unico di marcia;Asciutto;Asfaltata;Verticale ed orizzontale;Sereno;Scarso;Sufficiente;;2;0;0;1;12.4759;41.8919;-1;1;Autovettura privata;In marcia / fermata / arresto;Conducente;M;Rimandato;0;NON DECEDUTO;;
5440280;1;30/05/2021 23:00:00;Strada Urbana;LUNGOTEVERE DE' CENCI;in corrispondenza;;del civico n.;5;;Veicolo in marcia contro veicoli in sosta;Rettilineo;Una carreggiata a senso unico di marcia;Asciutto;Asfaltata;Verticale ed orizzontale;Sereno;Scarso;Sufficiente;;2;0;0;1;12.4759;41.8919;-1;1;Autovettura privata;In marcia / fermata / arresto;Passeggero;F;Rimandato;0;NON DECEDUTO;;
5440280;1;30/05/2021 23:00:00;Strada Urbana;LUNGOTEVERE DE' CENCI;in corrispondenza;;del civico n.;5;;Veicolo in marcia contro veicoli in sosta;Rettilineo;Una carreggiata a senso unico di marcia;Asciutto;Asfaltata;Verticale ed orizzontale;Sereno;Scarso;Sufficiente;;2;0;0;1;12.4759;41.8919;-1;2;Autovettura privata;In marcia / fermata / arresto;Conducente;M;Illeso;0;;;
5440280;1;30/05/2021 23:00:00;Strada Urbana;LUNGOTEVERE DE' CENCI;in corrispondenza;;del civico n.;5;;Veicolo in marcia contro veicoli in sosta;Rettilineo;Una carreggiata a senso unico di marcia;Asciutto;Asfaltata;Verticale ed orizzontale;Sereno;Scarso;Sufficiente;;2;0;0;1;12.4759;41.8919;-1;3;Autovettura privata;Sosta;;;;;;;
5440280;1;30/05/2021 23:00:00;Strada Urbana;LUNGOTEVERE DE' CENCI;in corrispondenza;;del civico n.;5;;Veicolo in marcia contro veicoli in sosta;Rettilineo;Una carreggiata a senso unico di marcia;Asciutto;Asfaltata;Verticale ed orizzontale;Sereno;Scarso;Sufficiente;;2;0;0;1;12.4759;41.8919;-1;4;Autovettura privata;Sosta;;;;;;;
5440280;1;30/05/2021 23:00:00;Strada Urbana;LUNGOTEVERE DE' CENCI;in corrispondenza;;del civico n.;5;;Veicolo in marcia contro veicoli in sosta;Rettilineo;Una carreggiata a senso unico di marcia;Asciutto;Asfaltata;Verticale ed orizzontale;Sereno;Scarso;Sufficiente;;2;0;0;1;12.4759;41.8919;-1;5;Autovettura privata;Sosta;;;;;;;
5440294;5;29/05/2021 14:10:00;Strada Urbana;VIA DEL CASALE DI S. BASILIO;all'intersezione semaforizzata con;VIA POLLENZA;VIA POLLENZA;;;Scontro frontale/laterale SX fra veicoli in marcia;Intersezione semaforizzata;Una carreggiata a doppio senso;Asciutto;Asfaltata;Verticale ed orizzontale;Sereno;Normale;Buona;;2;0;0;1;12.5749;41.9408;-1;1;Autovettura privata;In marcia / fermata / arresto;Conducente;M;Illeso;0;;;
5440294;5;29/05/2021 14:10:00;Strada Urbana;VIA DEL CASALE DI S. BASILIO;all'intersezione semaforizzata con;VIA POLLENZA;VIA POLLENZA;;;Scontro frontale/laterale SX fra veicoli in marcia;Intersezione semaforizzata;Una carreggiata a doppio senso;Asciutto;Asfaltata;Verticale ed orizzontale;Sereno;Normale;Buona;;2;0;0;1;12.5749;41.9408;-1;2;Motociclo con passeggero;In marcia / fermata / arresto;Conducente;M;Rimandato;0;NON DECEDUTO;;
5440294;5;29/05/2021 14:10:00;Strada Urbana;VIA DEL CASALE DI S. BASILIO;all'intersezione semaforizzata con;VIA POLLENZA;VIA POLLENZA;;;Scontro frontale/laterale SX fra veicoli in marcia;Intersezione semaforizzata;Una carreggiata a doppio senso;Asciutto;Asfaltata;Verticale ed orizzontale;Sereno;Normale;Buona;;2;0;0;1;12.5749;41.9408;-1;2;Motociclo con passeggero;In marcia / fermata / arresto;Passeggero;M;Rimandato;0;NON DECEDUTO;;
5440304;7;29/05/2021 07:30:00;Strada Urbana;VIA RAFFAELE COSTI;in corrispondenza;;del civico n.;116;;Tamponamento;Rettilineo;Una carreggiata a doppio senso;Asciutto;Asfaltata;Verticale ed orizzontale;Sereno;Normale;Buona;;0;0;0;2;12.5971;41.9117;-1;1;Autovettura privata;In marcia / fermata / arresto;Conducente;M;Illeso;0;;Non accertato;Inesploso
5440304;7;29/05/2021 07:30:00;Strada Urbana;VIA RAFFAELE COSTI;in corrispondenza;;del civico n.;116;;Tamponamento;Rettilineo;Una carreggiata a doppio senso;Asciutto;Asfaltata;Verticale ed orizzontale;Sereno;Normale;Buona;;0;0;0;2;12.5971;41.9117;-1;2;Autocarro inferiore 35 q.;In marcia / fermata / arresto;Conducente;M;Illeso;0;;Non accertato;Inesploso