Protocollo;Gruppo;DataOraIncidente;Localizzazione1;STRADA1;Localizzazione2;STRADA2;Strada02;Chilometrica;DaSpecificare;NaturaIncidente;particolaritastrade;TipoStrada;FondoStradale;Pavimentazione;Segnaletica;CondizioneAtmosferica;Traffico;Visibilita;Illuminazione;NUM_FERITI;NUM_RISERVATA;NUM_MORTI;NUM_ILLESI;Longitudine;Latitudine;Confermato;Progressivo;TipoVeicolo;StatoVeicolo;TipoPersona;Sesso;Tipolesione;Deceduto;DecedutoDopo;CinturaCascoUtilizzato;Airbag;
5442173;3;31/05/2021 09:30:00;Strada Urbana;CIRCONVALLAZIONE TIBURTINA;da specificare;;;;dir. s.giovanni altezza fronte easy box;Tamponamento;Rettilineo;Due carreggiate;Asciutto;Asfaltata;Verticale ed orizzontale;Sereno;Normale;Buona;;2;0;0;2;12.5281;41.8995;-1;2;Autovettura privata;In marcia / fermata / arresto;Conducente;F;Rimandato;0;NON DECEDUTO;Non accertato;Inesploso
5442173;3;31/05/2021 09:30:00;Strada Urbana;CIRCONVALLAZIONE TIBURTINA;da specificare;;;;dir. s.giovanni altezza fronte easy box;Tamponamento;Rettilineo;Due carreggiate;Asciutto;Asfaltata;Verticale ed orizzontale;Sereno;Normale;Buona;;2;0;0;2;12.5281;41.8995;-1;2;Autovettura privata;In marcia / fermata / arresto;Passeggero;M;Rimandato;0;NON DECEDUTO;Non accertato;Inesploso
5442180;12;31/05/2021 17:54:00;Strada Urbana;VIALE DEI CADUTI PER LA RESISTENZA;all'intersezione con;VIA VITALIANO ROTELLINI;VIA VITALIANO ROTELLINI;;;Investimento di pedone;Intersezione stradale segnalata;Una carreggiata a senso unico di marcia;Asciutto;Asfaltata;Verticale ed orizzontale;Sereno;Scarso;Buona;;2;0;0;0;12.4414;41.7828;-1;;;;Pedone;M;Ricoverato;0;NON DECEDUTO;;
5442180;12;31/05/2021 17:54:00;Strada Urbana;VIALE DEI CADUTI PER LA RESISTENZA;all'intersezione con;VIA VITALIANO ROTELLINI;VIA VITALIANO ROTELLINI;;;Investimento di pedone;Intersezione stradale segnalata;Una carreggiata a senso unico di marcia;Asciutto;Asfaltata;Verticale ed orizzontale;Sereno;Scarso;Buona;;2;0;0;0;12.4414;41.7828;-1;1;Autovettura privata;In marcia / fermata / arresto;Conducente;M;Rimandato;0;NON DECEDUTO;Non accertato;Inesploso
5442393;16;31/05/2021 11:45:00;Strada Urbana;VIA BERNARDINO RAMAZZINI;in prossimit�;;del civico n.;F.C. 93;;Veicolo in marcia contro veicoli in sosta;Rettilineo;Una carreggiata a doppio senso;Asciutto;Asfaltata;Verticale ed orizzontale;Sereno;Normale;Buona;;0;0;0;1;12.4498;41.8632;-1;1;Autovettura privata;Sosta;;;;;;;
5442393;16;31/05/2021 11:45:00;Strada Urbana;VIA BERNARDINO RAMAZZINI;in prossimit�;;del civico n.;F.C. 93;;Veicolo in marcia contro veicoli in sosta;Rettilineo;Una carreggiata a doppio senso;Asciutto;Asfaltata;Verticale ed orizzontale;Sereno;Normale;Buona;;0;0;0;1;12.4498;41.8632;-1;2;Autovettura privata;In marcia / fermata / arresto;Conducente;F;Illeso;0;;Non accertato;Inesploso
5442410;16;31/05/2021 14:15:00;Strada Urbana;VIA FRANCESCO MARIA GALLUZZI;all'intersezione con;VIA LUDOVICA ALBERTONI;VIA LUDOVICA ALBERTONI;;;Scontro frontale/laterale SX fra veicoli in marcia;Intersezione stradale segnalata;Una carreggiata a senso unico di marcia;Asciutto;Asfaltata;Verticale ed orizzontale;Sereno;Normale;Buona;;0;0;0;2;12.4435;41.8784;-1;1;Autovettura privata;In marcia / fermata / arresto;Conducente;M;Illeso;0;;Non accertato;Inesploso
5442410;16;31/05/2021 14:15:00;Strada Urbana;VIA FRANCESCO MARIA GALLUZZI;all'intersezione con;VIA LUDOVICA ALBERTONI;VIA LUDOVICA ALBERTONI;;;Scontro frontale/laterale SX fra veicoli in marcia;Intersezione stradale segnalata;Una carreggiata a senso unico di marcia;Asciutto;Asfaltata;Verticale ed orizzontale;Sereno;Normale;Buona;;0;0;0;2;12.4435;41.8784;-1;2;Autovettura privata;In marcia / fermata / arresto;Conducente;F;Illeso;0;;Non accertato;Inesploso
5442449;17;28/05/2021 23:55:00;Strada Urbana;CIRCONVALLAZIONE TRIONFALE;in prossimit�;;del civico n.;85;;Infortunio per caduta del veicolo;Rettilineo;Due carreggiate;Asciutto;Asfaltata;Verticale ed orizzontale;Sereno;Scarso;Sufficiente;;0;1;0;0;12.4504;41.9132;-1;1;Motociclo a solo;In marcia / fermata / arresto;Conducente;M;Prognosi riservata;0;NON DECEDUTO;;
5442449;17;28/05/2021 23:55:00;Strada Urbana;CIRCONVALLAZIONE TRIONFALE;in prossimit�;;del civico n.;85;;Infortunio per caduta del veicolo;Rettilineo;Due carreggiate;Asciutto;Asfaltata;Verticale ed orizzontale;Sereno;Scarso;Sufficiente;;0;1;0;0;12.4504;41.9132;-1;2;Autocarro inferiore 35 q.;Sosta;;;;;;;
5442475;1;30/05/2021 00:15:00;Strada Urbana;VIA EMANUELE FILIBERTO;all'intersezione semaforizzata con;VIA STATILIA;VIA STATILIA;;;Infortunio per caduta del veicolo;Incrocio;Una carreggiata a doppio senso;Asciutto;Asfaltata;Verticale ed orizzontale;Sereno;Scarso;Buona;;1;0;0;1;12.507;41.8899;-1;1;Motociclo a solo;In marcia / fermata / arresto;Conducente;M;Rimandato;0;NON DECEDUTO;;
5442475;1;30/05/2021 00:15:00;Strada Urbana;VIA EMANUELE FILIBERTO;all'intersezione semaforizzata con;VIA STATILIA;VIA STATILIA;;;Infortunio per caduta del veicolo;Incrocio;Una carreggiata a doppio senso;Asciutto;Asfaltata;Verticale ed orizzontale;Sereno;Scarso;Buona;;1;0;0;1;12.507;41.8899;-1;2;Autovettura privata;In marcia / fermata / arresto;Conducente;M;Illeso;0;;;
5442569;1;31/05/2021 22:10:00;Strada Urbana;PASSEGGIATA DEL GIANICOLO;da specificare;;;;in corrispondenza dell'albero n.197;Veicolo in marcia contro veicolo in sosta;Rettilineo;Una carreggiata a doppio senso;Asciutto;Asfaltata;Verticale ed orizzontale;Sereno;Intenso;Buona;;0;0;0;0;12.4606;41.8936;0;1;Autovettura privata;Sosta;;;;;;;
5442569;1;31/05/2021 22:10:00;Strada Urbana;PASSEGGIATA DEL GIANICOLO;da specificare;;;;in corrispondenza dell'albero n.197;Veicolo in marcia contro veicolo in sosta;Rettilineo;Una carreggiata a doppio senso;Asciutto;Asfaltata;Verticale ed orizzontale;Sereno;Intenso;Buona;;0;0;0;0;12.4606;41.8936;0;2;Altro;Allontanatosi;;;;;;;
5442657;17;31/05/2021 16:00:00;Strada Urbana;CIRCONVALLAZIONE TRIONFALE;in corrispondenza;;del civico n.;2;;Scontro laterale fra veicoli in marcia;Rettilineo;Una carreggiata a doppio senso;Asciutto;Asfaltata;Verticale ed orizzontale;Sereno;Normale;Buona;;0;0;0;2;12.4492;41.9095;-1;1;Autocarro superiore 35 q.;In marcia / fermata / arresto;Conducente;M;Illeso;0;;;
5442657;17;31/05/2021 16:00:00;Strada Urbana;CIRCONVALLAZIONE TRIONFALE;in corrispondenza;;del civico n.;2;;Scontro laterale fra veicoli in marcia;Rettilineo;Una carreggiata a doppio senso;Asciutto;Asfaltata;Verticale ed orizzontale;Sereno;Normale;Buona;;0;0;0;2;12.4492;41.9095;-1;2;Autovettura privata;In marcia / fermata / arresto;Conducente;M;Illeso;0;;;
5442657;17;31/05/2021 16:00:00;Strada Urbana;CIRCONVALLAZIONE TRIONFALE;in corrispondenza;;del civico n.;2;;Scontro laterale fra veicoli in marcia;Rettilineo;Una carreggiata a doppio senso;Asciutto;Asfaltata;Verticale ed orizzontale;Sereno;Normale;Buona;;0;0;0;2;12.4492;41.9095;-1;3;Autovettura privata;Sosta;;;;;;;
5442657;17;31/05/2021 16:00:00;Strada Urbana;CIRCONVALLAZIONE TRIONFALE;in corrispondenza;;del civico n.;2;;Scontro laterale fra veicoli in marcia;Rettilineo;Una carreggiata a doppio senso;Asciutto;Asfaltata;Verticale ed orizzontale;Sereno;Normale;Buona;;0;0;0;2;12.4492;41.9095;-1;4;Autovettura privata;Sosta;;;;;;;
5442697;12;31/05/2021 16:33:00;Regionale;VIA PONTINA;in prossimit�;;della chilometrica;14;;Scontro laterale fra veicoli in marcia;Rettilineo;Pi� di due carreggiate;Asciutto;Asfaltata;Verticale ed orizzontale;Sereno;Normale;Buona;;0;0;0;5;12.4386;41.7628;-1;1;Autovettura privata;In marcia / fermata / arresto;Conducente;M;Illeso;0;;Non accertato;Inesploso
5442697;12;31/05/2021 16:33:00;Regionale;VIA PONTINA;in prossimit�;;della chilometrica;14;;Scontro laterale fra veicoli in marcia;Rettilineo;Pi� di due carreggiate;Asciutto;Asfaltata;Verticale ed orizzontale;Sereno;Normale;Buona;;0;0;0;5;12.4386;41.7628;-1;1;Autovettura privata;In marcia / fermata / arresto;Passeggero;F;Illeso;0;;Non accertato;Inesploso
5442697;12;31/05/2021 16:33:00;Regionale;VIA PONTINA;in prossimit�;;della chilometrica;14;;Scontro laterale fra veicoli in marcia;Rettilineo;Pi� di due carreggiate;Asciutto;Asfaltata;Verticale ed orizzontale;Sereno;Normale;Buona;;0;0;0;5;12.4386;41.7628;-1;1;Autovettura privata;In marcia / fermata / arresto;Passeggero;F;Illeso;0;;Non accertato;Inesistente
5442697;12;31/05/2021 16:33:00;Regionale;VIA PONTINA;in prossimit�;;della chilometrica;14;;Scontro laterale fra veicoli in marcia;Rettilineo;Pi� di due carreggiate;Asciutto;Asfaltata;Verticale ed orizzontale;Sereno;Normale;Buona;;0;0;0;5;12.4386;41.7628;-1;1;Autovettura privata;In marcia / fermata / arresto;Passeggero;M;Illeso;0;;Non accertato;Inesploso
5442697;12;31/05/2021 16:33:00;Regionale;VIA PONTINA;in prossimit�;;della chilometrica;14;;Scontro laterale fra veicoli in marcia;Rettilineo;Pi� di due carreggiate;Asciutto;Asfaltata;Verticale ed orizzontale;Sereno;Normale;Buona;;0;0;0;5;12.4386;41.7628;-1;1;Autovettura privata;In marcia / fermata / arresto;Passeggero;F;Illeso;0;;Non accertato;Inesploso
5442697;12;31/05/2021 16:33:00;Regionale;VIA PONTINA;in prossimit�;;della chilometrica;14;;Scontro laterale fra veicoli in marcia;Rettilineo;Pi� di due carreggiate;Asciutto;Asfaltata;Verticale ed orizzontale;Sereno;Normale;Buona;;0;0;0;5;12.4386;41.7628;-1;2;Autocarro superiore 35 q.;In marcia / fermata / arresto;;;;;;;
5442697;12;31/05/2021 16:33:00;Regionale;VIA PONTINA;in prossimit�;;della chilometrica;14;;Scontro laterale fra veicoli in marcia;Rettilineo;Pi� di due carreggiate;Asciutto;Asfaltata;Verticale ed orizzontale;Sereno;Normale;Buona;;0;0;0;5;12.4386;41.7628;-1;3;Rimorchio;In marcia / fermata / arresto;;;;;;;
5442717;16;31/05/2021 16:15:00;Strada Urbana;VIA IPPOLITO NIEVO;da specificare;;;;prox L.go Toya direzione Ettore Rolli;Veicolo in marcia contro veicolo in sosta;Rettilineo;Due carreggiate;Asciutto;Asfaltata;Verticale ed orizzontale;Sereno;Normale;Buona;;0;0;0;1;12.4674;41.8785;-1;1;Autovettura privata;In marcia / fermata / arresto;Conducente;F;Illeso;0;;Non accertato;Inesploso
5442717;16;31/05/2021 16:15:00;Strada Urbana;VIA IPPOLITO NIEVO;da specificare;;;;prox L.go Toya direzione Ettore Rolli;Veicolo in marcia contro veicolo in sosta;Rettilineo;Due carreggiate;Asciutto;Asfaltata;Verticale ed orizzontale;Sereno;Normale;Buona;;0;0;0;1;12.4674;41.8785;-1;2;Autocarro inferiore 35 q.;Sosta;;;;;;;
5442765;12;31/05/2021 22:40:00;Strada Urbana;VIALE LUCA GAURICO;all'intersezione con;VIA CARLO ARMELLINI;VIA CARLO ARMELLINI;;;Scontro laterale fra veicoli in marcia;Intersezione stradale segnalata;Una carreggiata a doppio senso;Asciutto;Asfaltata;Verticale ed orizzontale;Sereno;Intenso;Buona;;0;0;0;3;12.4927;41.8218;-1;1;Autovettura privata;In marcia / fermata / arresto;Conducente;M;Illeso;0;;Utilizzato;Esploso
5442765;12;31/05/2021 22:40:00;Strada Urbana;VIALE LUCA GAURICO;all'intersezione con;VIA CARLO ARMELLINI;VIA CARLO ARMELLINI;;;Scontro laterale fra veicoli in marcia;Intersezione stradale segnalata;Una carreggiata a doppio senso;Asciutto;Asfaltata;Verticale ed orizzontale;Sereno;Intenso;Buona;;0;0;0;3;12.4927;41.8218;-1;2;Autovettura privata;In marcia / fermata / arresto;Conducente;M;Illeso;0;;Utilizzato;Esploso
5442765;12;31/05/2021 22:40:00;Strada Urbana;VIALE LUCA GAURICO;all'intersezione con;VIA CARLO ARMELLINI;VIA CARLO ARMELLINI;;;Scontro laterale fra veicoli in marcia;Intersezione stradale segnalata;Una carreggiata a doppio senso;Asciutto;Asfaltata;Verticale ed orizzontale;Sereno;Intenso;Buona;;0;0;0;3;12.4927;41.8218;-1;2;Autovettura privata;In marcia / fermata / arresto;Passeggero;M;Illeso;0;;Utilizzato;Esploso
5442841;12;31/05/2021 22:00:00;Strada Urbana;VIA CRISTOFORO COLOMBO;da specificare;;;;VIALE DELLA CIVILTA' DEL LAVORO dir. Pomezia;Veicolo in marcia contro veicolo arresto;Rettilineo;Due carreggiate;Asciutto;Asfaltata;Verticale ed orizzontale;Sereno;Normale;Buona;;0;0;0;3;12.4536;41.8089;-1;1;Autovettura privata;In marcia / fermata / arresto;Conducente;M;Illeso;0;;Utilizzato;Inesploso
5442841;12;31/05/2021 22:00:00;Strada Urbana;VIA CRISTOFORO COLOMBO;da specificare;;;;VIALE DELLA CIVILTA' DEL LAVORO dir. Pomezia;Veicolo in marcia contro veicolo arresto;Rettilineo;Due carreggiate;Asciutto;Asfaltata;Verticale ed orizzontale;Sereno;Normale;Buona;;0;0;0;3;12.4536;41.8089;-1;2;Autovettura privata;In marcia / fermata / arresto;Conducente;M;Illeso;0;;Utilizzato;Inesploso
5442841;12;31/05/2021 22:00:00;Strada Urbana;VIA CRISTOFORO COLOMBO;da specificare;;;;VIALE DELLA CIVILTA' DEL LAVORO dir. Pomezia;Veicolo in marcia contro veicolo arresto;Rettilineo;Due carreggiate;Asciutto;Asfaltata;Verticale ed orizzontale;Sereno;Normale;Buona;;0;0;0;3;12.4536;41.8089;-1;2;Autovettura privata;In marcia / fermata / arresto;Passeggero;F;Illeso;0;;Utilizzato;Inesploso
5442843;16;31/05/2021 18:00:00;Strada Urbana;PIAZZALE ENRICO DUNANT;in prossimit�;;del civico n.;28;;Infortunio per sola frenata improvvisa;Rettilineo;Una carreggiata a doppio senso;Asciutto;Asfaltata;Verticale ed orizzontale;Sereno;Normale;Buona;;0;0;0;2;12.4576;41.873;-1;1;Motociclo a solo;In marcia / fermata / arresto;Conducente;F;Illeso;0;;Non accertato;
5442843;16;31/05/2021 18:00:00;Strada Urbana;PIAZZALE ENRICO DUNANT;in prossimit�;;del civico n.;28;;Infortunio per sola frenata improvvisa;Rettilineo;Una carreggiata a doppio senso;Asciutto;Asfaltata;Verticale ed orizzontale;Sereno;Normale;Buona;;0;0;0;2;12.4576;41.873;-1;2;Autovettura privata;In marcia / fermata / arresto;Conducente;M;Illeso;0;;Non accertato;Inesploso
5442865;16;31/05/2021 22:15:00;Strada Urbana;VIA DI BRAVETTA;da specificare;;;;alt. Via dei Malatesta;Scontro frontale/laterale DX fra veicoli in marcia;Rettilineo;Una carreggiata a doppio senso;Asciutto;Asfaltata;Verticale ed orizzontale;Sereno;Scarso;Buona;;1;0;0;1;12.4257;41.8762;-1;1;Motociclo a solo;In marcia / fermata / arresto;Conducente;M;Illeso;0;;Non accertato;
5442865;16;31/05/2021 22:15:00;Strada Urbana;VIA DI BRAVETTA;da specificare;;;;alt. Via dei Malatesta;Scontro frontale/laterale DX fra veicoli in marcia;Rettilineo;Una carreggiata a doppio senso;Asciutto;Asfaltata;Verticale ed orizzontale;Sereno;Scarso;Buona;;1;0;0;1;12.4257;41.8762;-1;2;Velocipede;In marcia / fermata / arresto;Conducente;M;Rimandato;0;NON DECEDUTO;Esente;
5442865;16;31/05/2021 22:15:00;Strada Urbana;VIA DI BRAVETTA;da specificare;;;;alt. Via dei Malatesta;Scontro frontale/laterale DX fra veicoli in marcia;Rettilineo;Una carreggiata a doppio senso;Asciutto;Asfaltata;Verticale ed orizzontale;Sereno;Scarso;Buona;;1;0;0;1;12.4257;41.8762;-1;3;Autovettura privata;Sosta;;;;;;;
5446775;1;26/05/2021 21:20:00;Strada Urbana;VIA MERULANA;in corrispondenza;;del civico n.;273;;Veicolo in marcia contro veicolo in sosta;Rettilineo;Una carreggiata a doppio senso;Asciutto;Asfaltata;Verticale ed orizzontale;Sereno;Normale;Sufficiente;;0;0;0;0;12.4994;41.8961;-1;1;Autovettura privata;Sosta;;;;;;;
5446775;1;26/05/2021 21:20:00;Strada Urbana;VIA MERULANA;in corrispondenza;;del civico n.;273;;Veicolo in marcia contro veicolo in sosta;Rettilineo;Una carreggiata a doppio senso;Asciutto;Asfaltata;Verticale ed orizzontale;Sereno;Normale;Sufficiente;;0;0;0;0;12.4994;41.8961;-1;2;Autovettura privata;Allontanatosi;;;;;;;
5447376;3;31/05/2021 17:00:00;Strada Urbana;PIAZZA MARIANO ARMELLINI;all'intersezione con;VIA ORESTE TOMMASINI;VIA ORESTE TOMMASINI;;;Scontro frontale/laterale SX fra veicoli in marcia;Intersezione stradale segnalata;Una carreggiata a senso unico di marcia;Asciutto;In cubetti di porfido;Verticale ed orizzontale;Sereno;Normale;Buona;;1;0;0;4;12.5226;41.9185;-1;1;Autovettura privata;In marcia / fermata / arresto;Conducente;M;Ricoverato;0;NON DECEDUTO;;
5447376;3;31/05/2021 17:00:00;Strada Urbana;PIAZZA MARIANO ARMELLINI;all'intersezione con;VIA ORESTE TOMMASINI;VIA ORESTE TOMMASINI;;;Scontro frontale/laterale SX fra veicoli in marcia;Intersezione stradale segnalata;Una carreggiata a senso unico di marcia;Asciutto;In cubetti di porfido;Verticale ed orizzontale;Sereno;Normale;Buona;;1;0;0;4;12.5226;41.9185;-1;1;Autovettura privata;In marcia / fermata / arresto;Passeggero;F;Illeso;0;;;
5447376;3;31/05/2021 17:00:00;Strada Urbana;PIAZZA MARIANO ARMELLINI;all'intersezione con;VIA ORESTE TOMMASINI;VIA ORESTE TOMMASINI;;;Scontro frontale/laterale SX fra veicoli in marcia;Intersezione stradale segnalata;Una carreggiata a senso unico di marcia;Asciutto;In cubetti di porfido;Verticale ed orizzontale;Sereno;Normale;Buona;;1;0;0;4;12.5226;41.9185;-1;1;Autovettura privata;In marcia / fermata / arresto;Passeggero;M;Illeso;0;;;
5447376;3;31/05/2021 17:00:00;Strada Urbana;PIAZZA MARIANO ARMELLINI;all'intersezione con;VIA ORESTE TOMMASINI;VIA ORESTE TOMMASINI;;;Scontro frontale/laterale SX fra veicoli in marcia;Intersezione stradale segnalata;Una carreggiata a senso unico di marcia;Asciutto;In cubetti di porfido;Verticale ed orizzontale;Sereno;Normale;Buona;;1;0;0;4;12.5226;41.9185;-1;1;Autovettura privata;In marcia / fermata / arresto;Passeggero;M;Illeso;0;;;
5447376;3;31/05/2021 17:00:00;Strada Urbana;PIAZZA MARIANO ARMELLINI;all'intersezione con;VIA ORESTE TOMMASINI;VIA ORESTE TOMMASINI;;;Scontro frontale/laterale SX fra veicoli in marcia;Intersezione stradale segnalata;Una carreggiata a senso unico di marcia;Asciutto;In cubetti di porfido;Verticale ed orizzontale;Sereno;Normale;Buona;;1;0;0;4;12.5226;41.9185;-1;2;Autovettura privata;In marcia / fermata / arresto;Conducente;M;Illeso;0;;;
5447615;6;31/05/2021;Strada Urbana;VIALE PARTENOPE;da specificare;;;;ALT. CIVICO 16/18;Veicolo in marcia contro veicolo in sosta;Rettilineo;Due carreggiate;Asciutto;Asfaltata;Orizzontale;Sereno;Normale;Buona;;0;0;0;0;12.5509;41.8926;-1;2;Autovettura privata;Sosta;;;;;;;
5447880;6;28/05/2021 17:24:00;Strada Urbana;VIA CASILINA;da specificare;;;;altezza PIAZZA DEL PIGNETO;Scontro laterale fra veicoli in marcia;Rettilineo;Due carreggiate;Asciutto;Asfaltata;Verticale ed orizzontale;Sereno;Intenso;Buona;;0;0;0;1;12.527;41.8869;-1;1;Motociclo a solo;In marcia / fermata / arresto;;;;;;;
5447880;6;28/05/2021 17:24:00;Strada Urbana;VIA CASILINA;da specificare;;;;altezza PIAZZA DEL PIGNETO;Scontro laterale fra veicoli in marcia;Rettilineo;Due carreggiate;Asciutto;Asfaltata;Verticale ed orizzontale;Sereno;Intenso;Buona;;0;0;0;1;12.527;41.8869;-1;2;Autovettura privata;In marcia / fermata / arresto;Conducente;M;Illeso;0;;;
5451211;1;20/05/2021 11:00:00;;PIAZZALE NUMA POMPILIO;all'intersezione con;VIA DRUSO;VIA DRUSO;;;Infortunio per sola frenata improvvisa;;;;;;;;;;1;0;0;1;12.4958;41.8797;0;1;Motociclo con passeggero;In marcia / fermata / arresto;Conducente;M;Illeso;0;;;
5451211;1;20/05/2021 11:00:00;;PIAZZALE NUMA POMPILIO;all'intersezione con;VIA DRUSO;VIA DRUSO;;;Infortunio per sola frenata improvvisa;;;;;;;;;;1;0;0;1;12.4958;41.8797;0;1;Motociclo con passeggero;In marcia / fermata / arresto;Passeggero;F;Rimandato;0;NON DECEDUTO;;
5453704;1;21/05/2021 10:15:00;Strada Urbana;VIA NICOLA SALVI;da specificare;;;;attarversamento pedonale;Investimento di pedone;Curva a visuale libera;Una carreggiata a doppio senso;Asciutto;Asfaltata;Assente;Sereno;Normale;Buona;;1;0;0;0;12.4929;41.8913;-1;;;;Pedone;F;Rimandato;0;NON DECEDUTO;;
5453704;1;21/05/2021 10:15:00;Strada Urbana;VIA NICOLA SALVI;da specificare;;;;attarversamento pedonale;Investimento di pedone;Curva a visuale libera;Una carreggiata a doppio senso;Asciutto;Asfaltata;Assente;Sereno;Normale;Buona;;1;0;0;0;12.4929;41.8913;-1;1;Autovettura pubblica;Allontanatosi;;;;;;;
5469744;9;19/05/2021 11:00:00;Strada Urbana;VIA LA SPEZIA;da specificare;;;;altezza VIA SAN SEVERO;Tamponamento;Rettilineo;Due carreggiate;Asciutto;Asfaltata;Verticale ed orizzontale;Sereno;Normale;Buona;;2;0;0;0;12.5153;41.8863;-1;2;Autovettura privata;In marcia / fermata / arresto;Conducente;M;Rimandato;0;NON DECEDUTO;Non accertato;Inesploso
5469744;9;19/05/2021 11:00:00;Strada Urbana;VIA LA SPEZIA;da specificare;;;;altezza VIA SAN SEVERO;Tamponamento;Rettilineo;Due carreggiate;Asciutto;Asfaltata;Verticale ed orizzontale;Sereno;Normale;Buona;;2;0;0;0;12.5153;41.8863;-1;2;Autovettura privata;In marcia / fermata / arresto;Passeggero;M;Rimandato;0;NON DECEDUTO;Non accertato;Inesploso
5470741;1;27/05/2021 15:02:00;Strada Urbana;VIA GREGORIANA;in prossimit�;;del civico n.;32;;Veicolo in marcia contro veicoli in sosta;Rettilineo;Una carreggiata a senso unico di marcia;Asciutto;Asfaltata;Assente;Nebbia;Intenso;Buona;;0;0;0;1;12.4843;41.9052;-1;1;Autovettura privata;In marcia / fermata / arresto;Conducente;F;Illeso;0;;;
5490060;1;27/05/2021 21:40:00;Strada Urbana;PIAZZA DI PORTA METRONIA;all'intersezione con;VIA DELLA FERRATELLA IN LATERANO;VIA DELLA FERRATELLA IN LATERANO;;;Scontro laterale fra veicoli in marcia;Incrocio;Due carreggiate;Asciutto;Asfaltata;Verticale ed orizzontale;Sereno;Scarso;Buona;;1;0;0;0;12.4981;41.8822;0;1;Autovettura privata;In marcia / fermata / arresto;Conducente;F;Rifiuta cure immediate;0;NON DECEDUTO;;
5490060;1;27/05/2021 21:40:00;Strada Urbana;PIAZZA DI PORTA METRONIA;all'intersezione con;VIA DELLA FERRATELLA IN LATERANO;VIA DELLA FERRATELLA IN LATERANO;;;Scontro laterale fra veicoli in marcia;Incrocio;Due carreggiate;Asciutto;Asfaltata;Verticale ed orizzontale;Sereno;Scarso;Buona;;1;0;0;0;12.4981;41.8822;0;2;Autovettura privata;Allontanatosi;;;;;;;
5511189;16;28/05/2021 13:15:00;Strada Urbana;VIA ROMANO GUERRA;da specificare;;;;snc;Scontro laterale fra veicoli in marcia;Rettilineo;Una carreggiata a doppio senso;Asciutto;Asfaltata;Verticale ed orizzontale;Sereno;Normale;Buona;;0;0;0;5;12.3497;41.8813;-1;1;Autovettura di polizia;In marcia / fermata / arresto;Conducente;M;Illeso;0;;Non accertato;Inesploso
5511189;16;28/05/2021 13:15:00;Strada Urbana;VIA ROMANO GUERRA;da specificare;;;;snc;Scontro laterale fra veicoli in marcia;Rettilineo;Una carreggiata a doppio senso;Asciutto;Asfaltata;Verticale ed orizzontale;Sereno;Normale;Buona;;0;0;0;5;12.3497;41.8813;-1;1;Autovettura di polizia;In marcia / fermata / arresto;Passeggero;M;Illeso;0;;Non accertato;Inesploso
5511189;16;28/05/2021 13:15:00;Strada Urbana;VIA ROMANO GUERRA;da specificare;;;;snc;Scontro laterale fra veicoli in marcia;Rettilineo;Una carreggiata a doppio senso;Asciutto;Asfaltata;Verticale ed orizzontale;Sereno;Normale;Buona;;0;0;0;5;12.3497;41.8813;-1;1;Autovettura di polizia;In marcia / fermata / arresto;Passeggero;M;Illeso;0;;Non accertato;Inesploso
5511189;16;28/05/2021 13:15:00;Strada Urbana;VIA ROMANO GUERRA;da specificare;;;;snc;Scontro laterale fra veicoli in marcia;Rettilineo;Una carreggiata a doppio senso;Asciutto;Asfaltata;Verticale ed orizzontale;Sereno;Normale;Buona;;0;0;0;5;12.3497;41.8813;-1;2;Autovettura privata;In marcia / fermata / arresto;Conducente;F;Illeso;0;;Non accertato;Inesploso
5511189;16;28/05/2021 13:15:00;Strada Urbana;VIA ROMANO GUERRA;da specificare;;;;snc;Scontro laterale fra veicoli in marcia;Rettilineo;Una carreggiata a doppio senso;Asciutto;Asfaltata;Verticale ed orizzontale;Sereno;Normale;Buona;;0;0;0;5;12.3497;41.8813;-1;3;Autovettura privata;In marcia / fermata / arresto;Conducente;F;Illeso;0;;Non accertato;Inesploso
5523724;13;15/05/2021 19:00:00;Strada Urbana;VIA DEL LIDO DI CASTELPORZIANO;da specificare;;;;altezza Villa Di Plinio;Fuoriuscita dalla sede stradale;Rettilineo;Una carreggiata a doppio senso;Asciutto;Asfaltata;Verticale ed orizzontale;Sereno;Normale;Buona;;0;0;0;1;12.3507;41.7181;0;1;Motociclo a solo;In marcia / fermata / arresto;Conducente;M;Illeso;0;;;
5529269;11;31/05/2021 18:00:00;Strada Urbana;VIALE GUGLIELMO MARCONI;in corrispondenza;;del civico n.;620;;Tamponamento;Rettilineo;Due carreggiate;Asciutto;Asfaltata;Verticale ed orizzontale;Sereno;Intenso;Buona;;0;0;0;2;12.4727;41.8529;-1;1;Autovettura privata;In marcia / fermata / arresto;Conducente;M;Illeso;0;;;
5529269;11;31/05/2021 18:00:00;Strada Urbana;VIALE GUGLIELMO MARCONI;in corrispondenza;;del civico n.;620;;Tamponamento;Rettilineo;Due carreggiate;Asciutto;Asfaltata;Verticale ed orizzontale;Sereno;Intenso;Buona;;0;0;0;2;12.4727;41.8529;-1;2;Autovettura privata;In marcia / fermata / arresto;Conducente;M;Illeso;0;;;
5542162;16;06/05/2021 20:10:00;;PIAZZETTA DEL BEL RESPIRO;da specificare;;;;altezza distributore di benzina;Infortunio per sola frenata improvvisa;;;;;;;;;;1;0;0;0;;;0;1;Motociclo a solo;In marcia / fermata / arresto;Conducente;M;Rimandato;0;NON DECEDUTO;;